Posicao_Rank,Features,Curva ROC,KS,divergencia_kl,Wasser,inf_mutua,Overlap_GMM,Geo_Score,Skewness_Score,Kurtosis_Score,Corr_Score,Outlier_Score,Silhouette,Davies_Bouldin,Dist_Centroides,Score_Final
1,V10 | V14,0.9836490807116461,0.9999999996634533,0.8222583847663384,0.953081005033694,0.9710158001696775,0.9091019265750174,0.06415292757941345,0.35499535241378494,0.04112867532459942,0.9933254146228889,0.0603891609842601,0.6403307886039744,2.63964654820845,1.0975176322740567,0.6466851039729197
2,V12 | V14,0.9769912073543023,0.9866417696485477,0.9047435977839688,0.9726208844231121,0.9768021161392764,0.8146285845095181,0.07210231268662988,0.2738883498341237,0.05206353171073449,0.9226805950877358,0.042231892588574224,0.5383725769512677,1.741753953404122,1.325176188353871,0.6430129498229356
3,V10 | V11,0.9263872034745957,0.9431323965152493,0.9086598264076929,0.8308056236513549,0.8740017460474652,0.9443578754995949,0.08848020055556341,0.5706139955265783,0.06794097037586379,0.9496755607471095,0.1794431083817033,0.6616386224986816,1.6005213672523253,1.6264578988628902,0.6393597563524842
4,V14 | V17,0.9999999996705692,0.9612555521691224,0.8309682456990835,0.9980803301976575,0.9290563071589557,0.8247909712821617,0.06362237579527319,0.19692800727909876,0.018781741071931604,0.7561600270983929,0.06919783544126873,0.5585719523893723,1.8977464322935098,1.0945380205055233,0.6248958572092878
5,V11 | V17,0.9427381224335191,0.9043879490209185,0.9158560751681227,0.8875631683853216,0.8320422530367435,0.9102533814177088,0.07241720088383273,0.27836999917289246,0.023434543007164455,0.8914876162680849,0.23274326828285247,0.5581738214348364,1.5116544742611189,1.2805044129328331,0.619446121060319
6,V10 | V16,0.9307613528421824,0.8975441823608713,0.8962906851111269,0.8466597829537432,0.8231358678155052,0.9017787934822936,0.07489985212511344,0.4522295211175575,0.05414270961055782,0.9189782627020916,0.09126597994725077,0.6444873326725502,2.0496338253471156,1.3317845697732842,0.6159455744827693
7,V10 | V17,0.9603534612748714,0.9359923800992914,0.7874070118313119,0.9558555786799049,0.8548670182486023,0.9409264608538545,0.060183771803118395,0.23234372937636222,0.017485471743875564,0.7821936897921941,0.09679365484561542,0.6760953983808594,3.5558154747696897,1.0093163155589335,0.6137691358999182
8,V11 | V14,0.9660337418702936,0.96839556858508,0.9422802672988817,0.8843820859091172,0.9481910349578189,0.5549418861242248,0.02909111594998017,0.4439970236327218,0.088496970421935,0.7766379675765969,0.1138187478114415,0.3895446012927585,4.601093414093492,0.49324108223240704,0.6113750018763932
9,V3 | V10,0.8992941818798666,0.908800520544995,0.6588583079264719,0.9551807098938863,0.8476666671425458,0.9559879045337303,0.13429282990966993,0.3339482843519709,0.03918757718109722,0.8954839729119092,0.13714990355788864,0.6664916210614947,1.5169036901731967,2.8517930991797082,0.6088616018357189
10,V10 | V12,0.9373446689586042,0.9613785975787168,0.8680660153743658,0.9280941037815726,0.9026128272289229,0.6747580731398014,0.06401210882614732,0.33083274887099506,0.04400862441934829,0.757426228940195,0.05597227496759497,0.45703450940665274,1.6301124142871612,1.1715333614413768,0.6055381459030396
11,V4 | V10,0.918579278513954,0.9499068186561095,0.7774410219682361,0.8621991411057396,0.9258107107500798,0.7205618016804545,0.045927953270036265,0.5141716356884765,0.066033619218106,0.9626088658254596,0.07369320160079292,0.47102608558429865,3.4550837720333054,0.822641466329935,0.6036520649071779
12,V4 | V14,0.9582258169096519,0.9751699907259402,0.8219337846961655,0.9126797000308036,0.9999999996604332,0.5167688202443615,0.03985824612043438,0.40598522634496154,0.0853252350376673,0.8533480789544096,0.0544124785910691,0.3883150803705581,3.006886853872464,0.7155648167300104,0.6027187982392
13,V12 | V17,0.9536955879175278,0.9226341500843859,0.8759378253002236,0.9752896048010385,0.8606533342182012,0.7355557318592937,0.07466882596675718,0.18618201629371242,0.019421606944902182,0.6975317207856868,0.06391441204890973,0.508175191250667,1.1866155672544618,1.3324090942631817,0.6025931317697399
14,V3 | V17,0.9156451008387898,0.870056073050664,0.6713423338676906,0.9999999996605824,0.8057071741318241,0.9412213924978003,0.13628533736555984,0.18758914011262334,0.018324656209734464,0.948023456825153,0.16954371146655686,0.610472113370865,1.0075813140756287,2.8610739871021487,0.6021149138194901
15,V4 | V17,0.9349301974728771,0.9111623711617786,0.7870561802024716,0.9156866023643605,0.883851217739358,0.7903772736568627,0.08210570210256714,0.25926223941644005,0.023180311445132648,0.9275075155364275,0.08541270106401617,0.5225740101757362,1.339525066626751,1.549674158045163,0.6005656464946437
16,V11 | V12,0.919729330117252,0.9297741665003437,0.9777479190677011,0.8556153103574562,0.8797880620170643,0.5968221096571739,0.057746145727911535,0.4100655495129299,0.10225511115828577,0.7098451378762053,0.10304354479991931,0.44144438129700025,1.4015049983354864,0.9809251050014882,0.6000865865008876
17,V14 | V16,0.9704078912378803,0.922807354430702,0.9308156961754174,0.8986509177690334,0.8973251567258587,0.5684141649339971,0.022251157263543434,0.3628799856928785,0.0666412128893825,0.8124810953565185,0.06576568224995633,0.43288390659659404,5.967791315034935,0.2993427822750217,0.597511016334452
18,V3 | V14,0.9389407202755646,0.9340636926148258,0.7159865252820801,0.9974600454849587,0.9218559560528994,0.6775171317181288,0.06873176281989037,0.27625086530392234,0.0455193201227681,0.8073716104701404,0.09244012591546719,0.4487699260138888,1.868843016602182,1.3394883556290456,0.5958942349228024
19,V7 | V14,0.9298384873373008,0.9058145645704039,0.6640930696727916,0.9499601824745204,0.8691574385318674,0.9055709386154773,0.04088864780563564,0.25768498484803987,0.0039518035531709295,0.9139601581028137,0.06256056616312139,0.6397643417809104,5.8782399345833145,0.596256137977211,0.5912863328208905
20,V11 | V16,0.91314601400083,0.8659397512824981,0.9999999995869883,0.7602234469075141,0.8003111026036464,0.522565575857274,0.07326006785633134,0.587609649613287,0.17499148388297545,0.8978262498594085,0.21025767245205465,0.36884951423623996,1.0604363226131102,1.4055067719552548,0.5911966580979585
21,V4 | V12,0.9119214051566102,0.936548588641204,0.8677729328979792,0.8855363869179396,0.9315970267196787,0.5327330547028063,0.04538064186540061,0.37641662866752446,0.09806571325308489,0.7819850737497918,0.050541397461148885,0.3763113901443179,2.710318116877199,0.8574508060030345,0.5876886353355126
22,V12 | V16,0.9241034794848387,0.8841859523459658,0.9671651643913881,0.8707148768384888,0.828922183785104,0.5702190401197426,0.0559056615301939,0.33791518337398474,0.0742644991154313,0.8256240493492593,0.060828638017457325,0.44039263728912,1.6082350559677834,0.965046345176964,0.5859177262350164
23,V4 | V11,0.9009639396726015,0.9183023875777364,0.9083921061421255,0.77863592709892,0.9029859455382212,0.2421318493384193,0.03389421843707404,0.6854736153447305,0.3944928738693483,0.9809858313014962,0.15028290645664752,0.3817506025878711,3.355984846343137,0.5803176203855487,0.5831677058165232
24,V3 | V12,0.8926363085225227,0.8954422905300894,0.7732852021753696,0.974640431183112,0.8534529831121448,0.6309157153172321,0.0589043155845691,0.2594128889414547,0.049042576820153935,0.9236975069173098,0.0845220445323336,0.40848515793435386,1.8713567359428576,1.1134452937121668,0.5799569015222218
25,V7 | V11,0.8725766101002506,0.8489469614222002,0.7825416432235869,0.8268186394168588,0.7721433844096551,0.9376165291284102,0.02516834911335498,0.3808144703103729,0.004264802860454024,0.9948929743084449,0.1913032164392897,0.6588585062660128,14.95244869110876,0.2333470555811596,0.5797582262144053
26,V16 | V17,0.9471122718011058,0.8587997348665403,0.9036864505457569,0.9017429493968152,0.7811763748047834,0.6979782489434201,0.04914247935231825,0.23660694570933474,0.021366379078115793,0.6500056504816104,0.10754896039575147,0.48242751318976546,1.898496916926429,0.7779110886829343,0.5779734180491939
27,V2 | V14,0.9097277668594674,0.887872994949546,0.6931640469903794,0.8784433223456821,0.8563679328528966,0.8951588930810711,0.052315965183545574,0.16904073229966873,0.018617008549967597,0.8701355972278305,0.04706194236081857,0.6437136634271209,5.027956464117515,0.8818389455422853,0.5767742615126111
28,V7 | V12,0.8835340755842592,0.8671931624856677,0.727939808801384,0.9248131543404488,0.8007544655911129,0.7966698405625087,0.06671048992345677,0.24238986502683527,0.00400075923507559,0.9354515426691459,0.05793691546020278,0.5255899747684043,1.916304069948941,1.2135010272232174,0.5727556851467603
29,V10 | V18,0.8169391138644306,0.7775161424967916,0.8644846166751816,0.761330702773795,0.6718357993606352,0.9172988570267416,0.0714549089637024,0.5897286729276224,0.06613957977033569,0.9210568498971994,0.09594482856967176,0.6674948741631898,1.8859806602105351,1.1967162441420338,0.5693222128785836
30,V7 | V10,0.8901919489416028,0.8805513925005731,0.599431009699935,0.9032740818907089,0.7949681496215139,0.9427367947469222,0.05791328027226306,0.3096161108562593,0.0038455895273506752,0.6930031401792804,0.08619619766759486,0.6928336759495944,4.8029948121791275,0.9781511467323423,0.5679463589674353
31,V2 | V11,0.8524658896224172,0.8310053918013418,0.8050328220810775,0.733409645795292,0.7593538787306844,0.9294913555504227,0.09076620270173938,0.2348384037764135,0.023187386329708428,0.9804809899390232,0.1201304974051386,0.6736521195431648,2.6786477397611463,1.7891662302583102,0.5664482683084884
32,V7 | V17,0.9065428679005263,0.8418069450062423,0.6136554743620066,0.9527520460629445,0.7530086566107923,0.9456972408139891,0.04771852470978756,0.17642427598145208,0.0031389834964565128,0.7830687293485445,0.10107630303514137,0.6796530517720037,5.706732651619107,0.737954086165516,0.5637938982374429
33,V4 | V7,0.8647686851396087,0.8557213835630603,0.5988974844609685,0.8584552408533123,0.8239523491122698,0.8928787003209245,0.06819367831015707,0.35072652041036306,0.004249981348424884,0.9118053269098764,0.07655159061882341,0.5982880676126316,2.8517063750427907,1.2643185816504763,0.5635619776453381
34,V2 | V12,0.8634233551064259,0.8492515928648094,0.753261156781362,0.8493233392392608,0.787964959912142,0.8323667151421241,0.06510344199891191,0.16012325263389304,0.019246519239111023,0.9222627910019915,0.04381486468937671,0.55244774569398,2.9116132893391042,1.2302924789863703,0.5607709615446104
35,V7 | V16,0.8769507594678372,0.8033587472678221,0.7660829442126813,0.8427974777743769,0.721277506177695,0.9147302764875416,0.037271751577026835,0.3160301686556573,0.004137212961830553,0.8224395520986464,0.09518087343494985,0.6591272194777125,7.9167976526260295,0.5119997318484799,0.5602251646932839
36,V9 | V14,0.8584028468576418,0.8505946164332576,0.8164042895202844,0.8341132479693099,0.8001371727520653,0.6035645319166353,0.043686330014963776,0.41981120017233925,0.08210061143944142,0.9543444511294129,0.06533804841161107,0.4202314846444758,2.477345118872202,0.7495045145853785,0.5600009861576104
37,V3 | V11,0.8816788430385141,0.8771960894666218,0.8229173615334192,0.8867896605234071,0.8248419019306872,0.2737643398871627,0.07336158266730561,0.4144033133287355,0.08031810718799408,0.9174443639197167,0.4910229537842799,0.3944877980951165,1.000170127888932,1.3679993574331057,0.5597712870462285
38,V11 | V18,0.799323775023078,0.7459117114184185,0.9749457148678455,0.6570624031311093,0.6490110341487765,0.5386550437352319,0.07366049184761292,0.8122816774875727,0.39813635559835436,0.8982246483451258,0.2291571388031165,0.3758413855853966,1.0522608622183283,1.4074455934978332,0.5576961249229805
39,V2 | V17,0.8864321474226926,0.823865375385384,0.64606342110118,0.8816622175077613,0.7402191509318214,0.9211954344085271,0.06670037281894356,0.11951480915607811,0.011095559417735283,0.996812477065835,0.0721818761506444,0.6715516654013237,4.015770081260401,1.2107934364919255,0.5566919960415743
40,V2 | V10,0.8700812284637698,0.8626098228797149,0.6328450068428266,0.8241920940488766,0.7821786439425431,0.9246564437623943,0.07849616974886063,0.19803602518111288,0.017340757131023052,0.6863414655718717,0.06286578887660221,0.6883818800731243,3.6105168241030667,1.4964761648620504,0.5532828980990939
41,V3 | V16,0.8860529924061008,0.8316078753122438,0.8078991876048922,0.9009910444745012,0.7739760236987272,0.4801052879468676,0.0532224891395815,0.34113169958068934,0.061836944912407585,0.9315110036472155,0.15626798276179601,0.4061810006380353,1.8816106769143608,0.9628324838338921,0.5529849815735651
42,V9 | V17,0.8351072274208672,0.7865869968690958,0.7810766692942357,0.837628915230556,0.6839883908309903,0.8854995150290326,0.05958829412555964,0.26630375785525623,0.02290794054633173,0.8990086666437964,0.10667471129891155,0.5719979943092005,2.2448363726737326,1.008575262845602,0.5519854255224126
43,V9 | V12,0.8120984351046004,0.8119732143485213,0.8627835070017164,0.802211509991106,0.7317341998113107,0.6863442326405377,0.0642407800321132,0.38868836221834724,0.09385193118500776,0.8478352046287669,0.06044338137841784,0.4792410160988707,1.75335951185132,1.1725502510744776,0.551142678981799
44,V3 | V9,0.7740479480258624,0.7593951373147992,0.650407647896173,0.836774266081136,0.6767880397249337,0.9404228660753341,0.12052375655121682,0.3926763303304234,0.07499377076725891,0.9547408215582873,0.1546751543551932,0.646732409809473,1.278648499194709,2.456434198607324,0.5497460559271139
45,V3 | V7,0.8454835885055213,0.8146150854519457,0.4085186220621619,0.9520729806504842,0.745808305504736,0.9621600135345146,0.11405063734124854,0.24438077852650733,0.00391546833436807,0.8901307521743765,0.14463972530375607,0.6702475496442087,2.2946951354994467,2.3926322974139236,0.5474209355479025
46,V2 | V16,0.8568400389900038,0.7854171776469641,0.7893930952089153,0.7526016575926945,0.7084880004987243,0.8875018802193315,0.07887876436317816,0.20148618432369525,0.02115789843719907,0.8997816575681377,0.06854623923880183,0.6562464687320453,2.689751575583262,1.4848663940198217,0.5473321614964517
47,V2 | V4,0.8446579646617753,0.8377798139422021,0.6323497956797528,0.7712912048504466,0.8111628434332989,0.9116383280401748,0.08599662638529981,0.21967850062694158,0.022938084640075056,0.7711878265263077,0.056572407569117675,0.6262029667792002,3.175358741982753,1.7395484585903247,0.5469164405759038
48,V14 | V21,0.8855064751879353,0.8127191657241987,0.6350254306539277,0.7825128440222264,0.7805303974327928,0.9395630838057932,0.03464968778596042,0.20716045367153324,0.008849378486017901,0.8755795667609924,0.04441139572957988,0.6151939779191932,6.494223478025252,0.4635043348959737,0.5445523457818217
49,V14 | V27,0.8854951528555186,0.7806156377645368,0.7417541652747507,0.7479107840950178,0.7624095075158525,0.8550131135820886,0.025471037997087016,0.3565237689766909,0.007366214359279532,0.8658663965872525,0.009457732905356224,0.4537120051163038,5.011837293900462,0.3430537485191198,0.5437289787317128
50,V9 | V10,0.818756308461944,0.8253314443634268,0.7713310884982892,0.7745325461279108,0.7259478838417118,0.7287351368110574,0.04697938261047106,0.5344994382409025,0.06406268452560172,0.5699763306653057,0.09058446220350916,0.49373020794207173,2.682697351080591,0.7813867287620743,0.5410313425799821
51,V14 | V18,0.8565856522601285,0.8027793145666223,0.9014443799546498,0.8224091596033244,0.7460250882709887,0.42220972707958726,0.022030817131202377,0.4566065524019475,0.08550010580800187,0.9599194595239005,0.0686749599241637,0.3604118816760142,4.8497431259903445,0.3384064819783778,0.5406988681444356
52,V17 | V18,0.8332900328233535,0.7387716950024606,0.8724189632995651,0.8260076313504242,0.6298763063499135,0.7909764527289583,0.04879352742921792,0.28453735540313857,0.023194671633698934,0.7668586229351272,0.11358611794576323,0.532136999284962,2.207521725786361,0.7519732532096215,0.5378172112426582
53,V12 | V18,0.8102812405070867,0.7641579124818859,0.9401500212463964,0.7897282050336841,0.6776221153302341,0.5379134049387198,0.05969286282554049,0.42116569988619795,0.09829552994144264,0.9034002603952628,0.0634450240373042,0.44126899497522376,1.2848877221945205,1.0126650467370635,0.5370695867262695
54,V3 | V4,0.8738709180778725,0.8839705116074821,0.6583910086937534,0.9149553517669584,0.8766508666333017,0.24633932407114945,0.07002339655749235,0.3802104882088759,0.07768651708699682,0.9104865938162302,0.11799377907659785,0.3296323741395398,1.1358164952912801,1.3740373740833827,0.5358061288820313
55,V4 | V16,0.9053380890401882,0.8727141734233584,0.8960154786266123,0.7961999436069721,0.8521200673062611,0.006689100393797261,0.04556466819713319,0.528440746612412,0.1632296902298744,0.9391622074651724,0.08080706855839179,0.26090965788378356,1.3675830299298288,0.8249924393608671,0.535485739821094
56,V2 | V3,0.8253728680276881,0.7966735158310876,0.45869502291278563,0.8808795375060205,0.7330187998257651,0.9345562288525155,0.1188024185302271,0.1612941538780272,0.018167129114417035,0.8910399419672103,0.09699815277861483,0.6482591106360455,2.2679133748597304,2.5410560510664424,0.5333760287762106
57,V12 | V21,0.8392020634348937,0.7740977636394625,0.7028380903010875,0.7470246563884223,0.7121274244920384,0.9163394526782406,0.04888947553635796,0.1957023585480292,0.00901825060704496,0.9550496677861906,0.041376430425539276,0.5780550204199735,3.5467819140908503,0.8004898491350377,0.5327964630331649
58,V1 | V14,0.7541138289000722,0.7844096089514156,0.6436580835799355,0.9211703565117156,0.7378138183020679,0.7199411306671972,0.10942676260934782,0.22083000053003193,0.04076201510272746,0.9644184012383743,0.07089115996017921,0.3804885770176146,0.8341195527303351,2.3152362899060424,0.5324114454761002
59,V12 | V27,0.8391907411024773,0.7419942356798005,0.7960402968614032,0.7097858385459203,0.6940065345750979,0.8413701152450365,0.047350466064149256,0.33220663085867663,0.007491072155999828,0.9580246175254907,0.008564823549726262,0.4460444833514858,2.3505186961368354,0.8122193366133343,0.5318735748011453
60,V14 | V28,0.8652435154553378,0.7143674982378301,0.8587911134669343,0.7237825328256566,0.709986520744544,0.89357653759562,0.03447508736668033,0.04782413803175046,0.0007837163986786442,0.9735829152923032,0.017506222850878186,0.47298492339360854,3.4648229428315025,0.5104392841665064,0.5313708127918993
61,V10 | V27,0.8458486144598207,0.755352465694706,0.6880138008237042,0.6763076712215935,0.6882202186054989,0.9169374399641008,0.04865100613671504,0.44327474140938417,0.007099605312203755,0.9701221207489225,0.013339596730249592,0.5392118795361528,2.80318995167507,0.7898615720272977,0.5310203098997117
62,V6 | V14,0.7777186418345235,0.7916803496950783,0.7185143918302506,0.7822416619403968,0.721537865839035,0.7608142400276584,0.08068950996987513,0.3037810798103821,0.03445285529257153,0.8986959569647265,0.027174664239641114,0.535508913637213,1.603166166177585,1.5416054898640115,0.528611117491613
63,V5 | V14,0.822659929045991,0.758923321910115,0.6528809189350211,0.8637813253788332,0.6884874814416047,0.7909996349613924,0.044916977908575975,0.2650404606386292,0.008866886519083893,0.9484860478250087,0.05070200273243468,0.5419710590943089,3.9160349412358295,0.7453139593517887,0.5258485859308707
64,V11 | V21,0.8282445979508851,0.7558515625759947,0.7603886653488097,0.6006580551436955,0.6835163433105805,0.9390446273381472,0.021177067427561473,0.29486931758189744,0.009973218693863877,0.9987411062297867,0.11051714398935482,0.5018012228400754,10.138471803524801,0.2550224197885795,0.5230419973761856
65,V10 | V21,0.8458599367922377,0.7874559936543679,0.5656833351001991,0.716020603674956,0.7063411085224395,0.9551314145343203,0.043313915085025675,0.24511155750390373,0.008491262365313007,0.931237499081563,0.05906172991187824,0.6525881942216166,5.522577260248151,0.6413057263688181,0.5217689859170458
66,V17 | V21,0.8622108557511605,0.7487115461600371,0.5810003185669823,0.7864084518784722,0.6643816155117177,0.9464076264447684,0.03721125178559751,0.14474861527689406,0.006364219735929091,0.9866283506287603,0.06760482812830547,0.6335254783793519,5.913897745847504,0.5034716956860407,0.519853676478605
67,V1 | V12,0.7078094171470305,0.7457882068666795,0.7102696873255407,0.8944955640091908,0.6694108453613135,0.7097796596330825,0.10951030966640726,0.2083863083303455,0.04359136456964792,0.9958092531865932,0.06543275166363322,0.37429899558539936,0.8507998585425246,2.3286064185324613,0.5195376329747725
68,V8 | V14,0.8378121835221246,0.7143269578605228,0.6233123501251101,0.8421609423655639,0.6753113483938118,0.9219057228787241,0.05695751350958977,0.08176479521313096,0.008274371630663274,0.9393975382295987,0.025394113989441438,0.6432163736711128,3.635060814691699,0.9584150159621965,0.5192315700122108
69,V17 | V27,0.8621995334187439,0.7166080182003752,0.6997224830572377,0.7520838123659553,0.6462607255947774,0.9030224958187741,0.023940869949024883,0.23317310403738553,0.005462941970805178,0.9327427797111708,0.015321715895663513,0.5001968255549606,6.690341727518747,0.29135850273825015,0.5190322263458896
70,V11 | V27,0.8282332756184685,0.7237480346163329,0.8433427130638043,0.5501269951911019,0.6653954533936403,0.835092767342453,0.0018226772550934936,0.573887761391771,0.008186924980366946,0.9614987221104333,0.02304477031589709,0.2303402752068929,25.919595268854412,0.05400177606833781,0.5188973781492499
71,V12 | V28,0.8189391037022962,0.6757460961530939,0.9011802430263924,0.6836992006929271,0.6415835478037896,0.8688764513245247,0.05139091116623013,0.044911294908585635,0.000793575185154458,0.9888131289585617,0.016229734468926494,0.44957869742280726,2.145517764336317,0.8988568601494146,0.5155007006898745
72,V1 | V11,0.6968519516630217,0.7275420058032119,0.7669320442360136,0.7897027625533148,0.6407997641798556,0.6583458654103626,0.11260726428979356,0.31737191752160615,0.06697850350364522,0.9800581404437619,0.2447868376322832,0.4130610156204807,0.876361777706582,2.3812299686961436,0.5144791156670379
73,V16 | V18,0.8036979243906648,0.7003234972640403,0.9642958593146143,0.6793445593261241,0.5981451559168163,0.4531212839152752,0.021881665367397093,0.607703071276156,0.1638581880953317,0.9657611092404801,0.10655196886748873,0.36688888530830915,6.148807597044106,0.3589469823982503,0.5143152691720213
74,V9 | V11,0.8011409696205917,0.7937270132850537,0.903836774955869,0.6732698844640895,0.7031231186298531,0.11081501179537001,0.015827827782379303,0.7187574488450417,0.33552844175270286,0.9540180266719579,0.20762135203733378,0.26149684359102526,5.3692672426507535,0.2829691111994598,0.5126809053447854
75,V6 | V12,0.7314142300814817,0.753058947610342,0.7755107316054809,0.7467335616823042,0.6531348928982805,0.7316012410863787,0.0811291303429909,0.2845252403192959,0.03648564152310194,0.9454272905407248,0.025349849718611147,0.5035404933797554,1.5389422757868203,1.5757842356886442,0.5123590745293717
76,V6 | V10,0.7380721034388255,0.7664171776252475,0.661728365480343,0.7157109189693346,0.6473485769286816,0.8279946216392091,0.09669107526942408,0.3706747781368088,0.030616046761089057,0.9067702931575444,0.03553286456251837,0.5791132111210092,1.3905900354930396,1.8979878281306224,0.512281962726928
77,V6 | V11,0.7204567645974729,0.7348127465468743,0.8249103289733952,0.6002681470557076,0.6245238117168228,0.7729242332200857,0.098215845705737,0.4663770346396914,0.05188300056133791,0.912171110123535,0.060003731674353286,0.5246338696932634,0.9879971917629342,1.909124369298937,0.5107296452664757
78,V4 | V27,0.8204253506578265,0.7305224567571931,0.6875759186938275,0.6038715961136781,0.717204418096255,0.8267577823443992,0.008377768143003958,0.5169247810192322,0.00814683056201911,0.950663434353802,0.011879174817071798,0.3090996514981231,18.90042740247606,0.13998906671506509,0.5094881496281398
79,V7 | V18,0.7631285204900853,0.6833307074037424,0.7230382063015676,0.756747910561257,0.5699774377228252,0.9235077499583766,0.027813484872717606,0.3906921807935755,0.004250824623131486,0.8956081210775998,0.1001698964616406,0.6749184318684045,12.930794260544262,0.2799564086573538,0.5094138254259133
80,V4 | V21,0.8204366729902433,0.7626259847168553,0.5651081016051093,0.6494890566241279,0.7353253080131954,0.9257501425347499,0.038647269400686336,0.2741521322985104,0.009917549331200006,0.9427899945119367,0.05325164796335543,0.5094048530596907,5.92313867664549,0.6667466336297544,0.5093152688813412
81,V7 | V9,0.7649457150875989,0.7311460092703775,0.5897704536391419,0.7700694763022307,0.6240895222039018,0.928025347289585,0.042084312347728796,0.36172487333359776,0.004233846673163741,0.8521826943452576,0.09445519355003418,0.656923656325368,6.517872584247747,0.6239066240312422,0.507329472298429
82,V5 | V11,0.7653980518089407,0.7020557187619113,0.7739562629199109,0.7137268606917162,0.5914734273193925,0.7751041238094535,0.039148026766720946,0.39398595017704374,0.009994618283968021,0.9844933708438104,0.1343701875364621,0.5364630953633245,3.7057286186351877,0.5852108832477981,0.5070374991664554
83,V17 | V28,0.841947896018563,0.6503598786736684,0.8267649916067816,0.7281605665858628,0.5938377388234689,0.9252190966757525,0.02640323182666617,0.030549594003126,0.0006054155480522266,0.9043357196169982,0.026174052965455094,0.49515513736717104,5.417288447217908,0.33741183990856005,0.5070226263460214
84,V16 | V21,0.8326187473184716,0.7102633484216169,0.7430805829088001,0.6255307270535656,0.6326504650786205,0.9253436374394097,0.024092416083187535,0.24969958353045277,0.009502200531937285,0.8647743221415781,0.06427898569384535,0.5718078454091602,11.442959611141095,0.27352565201259044,0.5070163752970996
85,V10 | V28,0.8255969770596402,0.6891043261679993,0.8179723358092099,0.6483670076918129,0.6357972318341906,0.9346179021782278,0.05117241472045581,0.05676509729522749,0.0007620064319074591,0.8074009799097743,0.023187573234905542,0.5504283173402135,2.6677973585396186,0.8373486007374857,0.5067944277721153
86,V27 | V28,0.7274430492035124,0.469719964269083,0.7366208539625595,0.16706986250414751,0.42719093918036566,0.9999999996867064,0.9999999999548183,0.05696320832664962,0.0002985540233243422,0.32259379319806447,0.0,0.9842697596946104,0.009577300057957502,25.428714002869942,0.5064857558466066
87,V16 | V27,0.8326074249860552,0.678159820461955,0.8290037526986751,0.5775682978436304,0.6145295751616802,0.8330132821372572,0.017841097308043452,0.45446337803982084,0.007845861358406163,0.932282237283448,0.014572053047554358,0.33703780669589567,6.865423557963642,0.2919162857051163,0.5063717295395939
88,V5 | V12,0.7763555172929494,0.7203019198253787,0.7182311779772608,0.8337700732880949,0.6200845085008502,0.7017801596268755,0.058363899379483816,0.2491425754620724,0.009036318445298503,0.928597732459007,0.047152462228686326,0.4646812848380386,2.2139819297699814,1.079713788385705,0.5059999198258671
89,V4 | V18,0.7915158500624364,0.7526861335592787,0.8641891844144411,0.7009144754265066,0.700819998851391,0.12094937091321388,0.03572139734217398,0.7116938300768947,0.34260996558320034,0.9690811018661797,0.08470776542582767,0.31911005666416176,2.2540594846823865,0.6147929495460962,0.5056437028074924
90,V6 | V17,0.7544230223977487,0.7276727301309167,0.6741338725183543,0.7861393709113842,0.60538908391796,0.7977573231633402,0.09104222320572203,0.20370150805241463,0.016011459560624716,0.9597753816905887,0.040087780985350416,0.5683408768361622,1.2921836054518976,1.7375401064592464,0.5045772558543454
91,V5 | V17,0.7993643096092165,0.6949157023459535,0.6010903619759265,0.8670955043862321,0.5723386995205295,0.9092517543267963,0.05318347274649634,0.18087706844014836,0.006374509567395145,0.784945561289948,0.0786325367523097,0.6364207217426615,4.486573581783832,0.8962992168119291,0.503809330957886
92,V4 | V9,0.7933330446599496,0.8005014354259139,0.7709674523633677,0.7157835293726829,0.7549320833324676,0.13624479572144768,0.055052019334948125,0.636603995655257,0.2951481894140028,0.844796828168885,0.0802367688221713,0.2901585516006741,1.6082438128154954,1.0921211594378368,0.5032996485790374
93,V1 | V10,0.7144672905043745,0.7591464368815849,0.5757428491838645,0.8715815670984648,0.6636245293917143,0.742997959466339,0.1164189042551973,0.26232148658898125,0.03556942475873604,0.6579593403085031,0.09955934303199244,0.4245864068680203,0.8084454575144964,2.4531050913313575,0.5032112068331595
94,V1 | V17,0.7308182094632973,0.7204019893872541,0.5907258166585161,0.924126875264292,0.6216650363809927,0.7187444100530364,0.11463850774759582,0.15351131913144966,0.017411095728018307,0.914788222450297,0.11829237359283379,0.42930552833289387,0.7588076913585636,2.3844753271389587,0.5028183900320481
95,V11 | V19,0.7277608616677199,0.6353648678203312,0.8062137522687929,0.5558767058026024,0.5434461105968431,0.5220714287152005,0.07420621690878773,0.8687243544425383,0.46182481043289625,0.9857704978828675,0.1658540914939906,0.3808828643607927,1.011831788578054,1.4074184736827222,0.5022913404769849
96,V14 | V20,0.7796144566728634,0.7114121923439447,0.6404136967116794,0.7394660904468243,0.6440535805204459,0.8938448900427609,0.03553548290347107,0.2892921614224941,0.0065621201525199535,0.8430787159944882,0.0204907613244825,0.5467552239502392,4.8422304149924855,0.5182446050795472,0.5015093711579177
97,V8 | V12,0.791507771769083,0.6757055557757864,0.6927867290787987,0.8107838430987014,0.6069083754530573,0.8801821735607481,0.05630415660973783,0.07749335081774802,0.008425380847414003,0.8436625611142323,0.023677396113256803,0.5878566243339257,3.1751690967660897,0.9722838812365957,0.5005486549028051
98,V1 | V16,0.7012261010306085,0.6819537916488339,0.7498793944100515,0.8068895403987089,0.5899338859478954,0.6694836150303142,0.113858034872696,0.26736644953189675,0.05352169272489878,0.9445182846874212,0.11080513797663766,0.42686995009624007,0.7909982966500329,2.3759547069470743,0.4990333088246057
99,V1 | V4,0.6890440267023801,0.7343164279440723,0.5751803783550773,0.8236914893170845,0.6926087288824703,0.704712140527904,0.10631389234311452,0.2943605259383316,0.06512272924080026,0.8510601551829702,0.08770379566716745,0.31971131511424633,1.051343614675326,2.3492921979492585,0.49704052809518456
100,V4 | V6,0.7126488396368315,0.7415871686877347,0.6612640477137184,0.6491353729762352,0.6763327764194376,0.7429932854139606,0.0860392884968068,0.42535262163590604,0.050745649034558186,0.8892394830804373,0.032304329133040946,0.48561130434883226,1.6408045087093033,1.7421255022550517,0.4956622804589475
101,V6 | V16,0.7248309139650596,0.6892245323924965,0.8099598439536582,0.6251597116395183,0.5736579334848627,0.7382324206151407,0.08924760279139107,0.3791033889600852,0.04331674716591352,0.970510040624498,0.03834090095184776,0.5385157049372283,1.23878714017194,1.7082694103627487,0.49478753225843775
102,V5 | V16,0.7697722011765273,0.6564675046075331,0.7571735433907785,0.733672803833379,0.5406075490874324,0.7855390246168905,0.037019142554104684,0.3259270234691951,0.00952192152952153,0.9892026220775768,0.07453775362015805,0.5614804166152895,4.783927913123877,0.5420478806451954,0.4940424888958308
103,V8 | V11,0.7805503062850743,0.657459354712319,0.7515594050315058,0.6843309303706615,0.5782972942715996,0.9112617051722048,0.04872031676214561,0.11084444569354492,0.009274501966930629,0.9219632318051358,0.05572754183007357,0.5668213314933092,3.65755112888537,0.8123646836387541,0.49331347095930567
104,V11 | V28,0.8079816382182874,0.6574998950896263,0.9390039693186111,0.5138875651150147,0.6129724666223317,0.8907492109394854,0.01088395161699307,0.06706775330244077,0.0008452046717227219,0.9592010722460107,0.038401174381714136,0.2314333953315743,7.188099357084771,0.21377345104064063,0.4929661983565139
105,V2 | V18,0.7430178000122519,0.6653891377828841,0.7486299365216409,0.6476814376325721,0.5571879320438543,0.8828087803925934,0.07457545555507243,0.2396961252786098,0.02295216767688026,0.9834112113923756,0.07162752311360603,0.6623498779886399,2.8176194519831874,1.3710855496848275,0.4929532328354884
106,V2 | V9,0.7448349946097652,0.7132044396495194,0.6238847942004133,0.6641902772507192,0.6113000165249312,0.905636349397503,0.07934096363067898,0.2252845645764403,0.022670940783571174,0.8852547831252142,0.06809376972014916,0.6607419423007879,2.9716541599295776,1.5121477582311655,0.49174843972250926
107,V10 | V19,0.7453762005090725,0.6669692988987042,0.6345773799416563,0.6807828811528438,0.566270875808702,0.7772787378032034,0.046435672336203,0.621774711533907,0.0677631541906131,0.9419153680283949,0.07871053491684724,0.5630550122916895,3.1200820710178125,0.7261367575200304,0.4914392209328474
108,V8 | V17,0.8145165640853498,0.6503193382963611,0.5677659760587914,0.8456207778781625,0.5591625664727367,0.9248071553235161,0.05919405117878257,0.05690982464728479,0.006021837881385476,0.8895347415646433,0.037449176605687945,0.6528463360874445,3.2038585136494637,0.9873357820276975,0.49134927273506573
109,V4 | V28,0.8001737132576457,0.6642743172304866,0.8176446186557174,0.5714407541389207,0.6647814313249465,0.8784467484085641,0.02161824422292985,0.06295522655251555,0.0008423736656666923,0.9933519156338882,0.021024576394468697,0.3399771527929544,6.719349649180654,0.3890505910821083,0.49112503929130985
110,V8 | V10,0.7981656451264268,0.689063785790692,0.5519822627387763,0.7835874559251,0.6011220594834583,0.9390463383529605,0.06158087079228065,0.09508687596438768,0.007953280021283803,0.8215231731823731,0.03321545547277233,0.6608256292741939,3.4753085809824915,1.0585428118725104,0.49106359907917285
111,V3 | V21,0.801151576356156,0.7215196866057405,0.3557838973739876,0.7854617118149099,0.6571812644056614,0.9459837615161922,0.07162091471908145,0.19720122039844734,0.008725611181537906,0.940906855292863,0.09003247591110808,0.5252337157852631,2.7679888113446793,1.424590480075076,0.4907846336531081
112,V3 | V27,0.8011402540237392,0.6894161586460785,0.5378332352329375,0.7510698638936678,0.639060374488721,0.8687448036443338,0.03626228061059942,0.3353416282350272,0.007274355025669859,0.7923535363381831,0.019753856094323008,0.3370779942066724,3.8160560162891644,0.7111696408270705,0.49025231767025235
113,V4 | V5,0.7575901268482989,0.7088301409027714,0.5859060218811983,0.7530682722332155,0.6432823920220071,0.7389649190197146,0.04722124606188742,0.36231760281493325,0.009938746950770782,0.9687980890402575,0.06117775707899934,0.5003709821110168,3.3108250161064916,0.8208740039217813,0.490025549669927
114,V2 | V7,0.8162706350894244,0.7684243877866659,0.36203406201064825,0.8201519131586382,0.6803202823047331,0.9497387878286883,0.0869539936994918,0.1519768299346721,0.0031294207911019612,0.37016010258269044,0.06515776611060828,0.7055651850631829,3.64575788894174,1.7104112592880192,0.4899381733945535
115,V9 | V16,0.8055151189881784,0.7481387991306758,0.8913320609991592,0.6948577690258072,0.6522572403978931,0.1168152757099177,0.04359771585842971,0.5497224254874038,0.15203150521429262,0.9534709955707491,0.10028151956394271,0.2842837118413551,1.2021875981841506,0.7165298480027475,0.4897182786081816
116,V3 | V18,0.7722307534283491,0.711579835448164,0.7688571447878293,0.8251329073412783,0.6226759552438571,0.31086449128902105,0.05612010488882262,0.42569094437523647,0.07783204485449705,0.9336140714899608,0.16746286023662812,0.37230175576378466,1.5431849524449546,1.02914867831099,0.4896772884824647
117,V12 | V20,0.7333100449198219,0.6727907902592083,0.7074743578943867,0.7006672920394651,0.5756506075796914,0.8594924183065276,0.04304892801354447,0.27132811893879794,0.006665922683541893,0.9801069769223797,0.01905514516543824,0.5066093300548291,3.384364500233011,0.705325508851285,0.48868978040772326
118,V12 | V19,0.7387183271517287,0.6536110688837987,0.7545863258503607,0.713972966766524,0.5720571917783008,0.6276796388980619,0.06258604965170197,0.43945224022505786,0.10185978834641982,0.9713946120142117,0.053555459954693546,0.4702798303258728,1.374680726947779,1.0786996176291122,0.48833651037636494
119,V16 | V28,0.8123557875858741,0.6119116809352483,0.9274542769614402,0.543328113188989,0.5621065883903716,0.8897538798477008,0.020883295458312925,0.05777827618539811,0.0008205761383668036,0.9851490522500853,0.025037555568329855,0.355483347883785,5.2245822169396465,0.32249540291551093,0.486480166290782
120,V14 | V19,0.7850227389047703,0.692232470968535,0.6946788484378446,0.7517922736938304,0.6404601647190555,0.4703875707067153,0.01706579937088444,0.4774561517412978,0.08819912042188827,0.968632386200666,0.057724795741998985,0.395038284911507,7.937267081979198,0.22812854987607634,0.4842903972833045
121,V8 | V16,0.784924455652661,0.611871140557941,0.7339004609762457,0.7054571982746971,0.5274314160396395,0.9018406731768729,0.048597717891149916,0.0966169382609317,0.008856713669289596,0.8680712110588944,0.03582785339474799,0.6136686916689184,3.6723937841790275,0.7628730845209598,0.4808816256051283
122,V3 | V28,0.7808886166235585,0.6231680191193718,0.7105479000658435,0.7270969712031154,0.5866373877174125,0.910825228007938,0.04086452451706824,0.04529838862886862,0.000776339303622601,0.7340418585171746,0.033072263718732925,0.36180797054942526,3.501886156155239,0.7968149218160582,0.48030771728784033
123,V4 | V8,0.7727423813244325,0.6642337768531792,0.5513891790827261,0.7259537096880582,0.6301062589742142,0.8923271721697701,0.04147685475546977,0.10450118954402485,0.009225227114514697,0.9861800129362601,0.030202386479450675,0.5340011543199344,4.972382842861123,0.6959269115409124,0.4790691045936107
124,V10 | V20,0.7399679182771656,0.686149020274114,0.5719659574664816,0.6665527721659624,0.5698642916100923,0.9172869926948191,0.04265289507713932,0.3512486063100646,0.006339639066653033,0.8714175631347798,0.026936829179407127,0.5829112435991756,4.398842227890571,0.6611369721021365,0.47881215030606916
125,V11 | V20,0.7223525794358131,0.6545445891957408,0.7644692910156576,0.5375426509462228,0.5470395263982336,0.8733658882208056,0.02507986661326645,0.4386915730214611,0.007239928767332998,0.9375886857179966,0.044665416910758565,0.40530083685109103,5.446580409941254,0.3920693665716798,0.47744151303349924
126,V3 | V6,0.693363743002744,0.7004808705766201,0.5006534832524541,0.7851921217216916,0.5981887328119035,0.806022446889794,0.10117355181277246,0.287020466663512,0.03305865832010396,0.7472073049353972,0.051062562012219044,0.5210530825424957,1.4620640750301401,2.0898075873580284,0.47611518452796364
127,V3 | V5,0.7383050302142115,0.6677238427916569,0.3885047998112223,0.866289713917671,0.5651383484144732,0.8877998332993411,0.10169904875826827,0.2512104624224208,0.008742714533590509,0.6694712872712787,0.1070707269556306,0.5812182701480032,1.9456890500016708,2.1105840256521606,0.4753390981702097
128,V17 | V20,0.756318837236089,0.647404572779783,0.5870734846138767,0.7437097581044828,0.5279047985993707,0.8955287478854975,0.03576839078523628,0.19528649318002486,0.004948565569219222,0.9749325880620543,0.03036274631640583,0.5582131082793856,4.684621633147836,0.5083601527487318,0.47498236999388377
129,V17 | V19,0.7617271194679954,0.6282248514043732,0.6477455908763713,0.75593322752099,0.5243113827979804,0.7360981633000652,0.0404608802303084,0.29455490750517876,0.02341121746267115,0.9332256954714837,0.09164790877491635,0.5107791918456879,2.7859319336414203,0.5948856019056046,0.4734553138687563
130,V14 | V23,0.7344517319910256,0.5921300476340554,0.6193513751195444,0.731715961202692,0.5873925825944684,0.9242708875861321,0.033151535280721706,0.1335320814630356,0.003525708394487583,0.9760646465419582,0.035065845205714895,0.5810757178822687,5.7013764886703004,0.4411885630762123,0.4719317501560952
131,V4 | V19,0.7199529367070782,0.6421392899611913,0.6340840783692306,0.6090394176216377,0.5952550752994579,0.43510106124452214,0.03162666846219057,0.7562150506767957,0.38881991068360794,0.9739728653549834,0.07021271250514162,0.36384242018601015,4.210541590462712,0.5743544431824278,0.4701124466266193
132,V4 | V20,0.7145446544751713,0.661319011336601,0.5713987283976414,0.5925819462154294,0.5988484911008484,0.858552432155841,0.03686493847848551,0.40137827186976227,0.007207060793969221,0.986195115013342,0.024471751180339233,0.4308797292657905,4.387337210187916,0.6557372162754727,0.46652546116457566
133,V7 | V27,0.7920380210854757,0.6611670306016568,0.4582850297889017,0.6708725982155751,0.5863618569676889,0.9015503894106485,0.022292605748250375,0.3108611090156977,0.002000867594751805,0.8606948497526152,0.013846198418261542,0.5216746289218808,10.010106249343131,0.26436847440780203,0.465525077242535
134,V1 | V3,0.6697589300682928,0.6932101298329574,0.3717390202444177,0.923407850134776,0.6144646852749364,0.7225747040860747,0.121245379332432,0.21001191619471588,0.03885319196534648,0.39118840861284065,0.17643393076613495,0.3760169620319834,0.9456242243874233,2.6716110913294897,0.461161289638051
135,V7 | V28,0.7717863836852946,0.5949188910749502,0.6579829706166495,0.6426183986415396,0.5339388701963804,0.9272483093495126,0.02513464090486559,0.04217837687969708,4.644551711277258e-05,0.9170017521448129,0.02394525464943956,0.5459241864997297,8.745497882667511,0.3054416394389023,0.4602935088738866
136,V16 | V20,0.7267267288033998,0.6089563750413627,0.7473209571603735,0.5656627685185223,0.4961736481662735,0.8568689656242532,0.02920804442667778,0.3590059818154128,0.006959536428748013,0.7387474206068562,0.02905595097107911,0.4819931896966289,5.249110915528749,0.42247873911480777,0.4592928797349779
137,V16 | V19,0.7321350110353066,0.5897766536659532,0.7906158624845372,0.5830131928253877,0.4925802323648831,0.4634124447859776,0.02757344462693452,0.6414531009633918,0.1738533997035287,0.9751615657355016,0.08654709872897706,0.37575631075561006,3.6893948080237333,0.4311421702318471,0.45754544339614756
138,V12 | V23,0.688147320237984,0.553508645549319,0.6893961600659254,0.6922878394886915,0.5189896096537139,0.9130313631518491,0.04904129042918181,0.126703157922252,0.0035676604006266155,0.8803602129006286,0.03272365127955202,0.5611243757456311,3.2488746759307094,0.8061187917124825,0.45707024954994807
139,V7 | V21,0.7920493434178921,0.6932705585613189,0.23041305518982577,0.7110018239074826,0.6044827468846292,0.9582978611030237,0.033758784623399866,0.1853209308428586,0.0022343041007583104,0.9674923395233553,0.061169882596607696,0.6631777803261981,8.769492596846733,0.4224256742660649,0.455895084858073
140,V9 | V27,0.7206023806058166,0.6059470824645105,0.6800995800158991,0.4469949912467212,0.5173415911878869,0.8694967618138714,0.027540511837002353,0.5374348707881776,0.008103327142926296,0.9977175676219235,0.014476677726394355,0.3485551896522887,4.118537790053564,0.47532861522080766,0.4554792144509334
141,V3 | V8,0.7534572846903453,0.6231274787420645,0.3337052199928533,0.844779665821571,0.5519622153666803,0.9187659561868368,0.08040091278331318,0.07805907611606641,0.00816353202474682,0.7573916099140487,0.04756813243932408,0.5604928993929426,2.619838478075308,1.6166836074803306,0.4552820326086163
142,V11 | V13,0.5336168197660244,0.48360588447658065,0.7465627889500737,0.5004887250217758,0.4279797571724276,0.5403655950696825,0.07170264875063788,0.8865129976448082,0.6470328718269145,0.9481221330188617,0.4903938433131671,0.33525680154915516,1.1957052862168616,1.426743999549497,0.4546964098100603
143,V18 | V21,0.7187965083407198,0.590235308557537,0.6976527823393238,0.4857256992851013,0.4813503966237506,0.9354498816564393,0.02388826582695532,0.3015745221091895,0.009920709815500812,0.9621039967378556,0.0670983819188583,0.5628469868662561,9.507951342423137,0.2621483193258411,0.45116456079719597
144,V18 | V27,0.7187851860083029,0.5581317805978752,0.7918322639200178,0.4212934239243415,0.4632295067068103,0.8301750729752528,0.003399560286915051,0.5931890148527474,0.008149108358809956,0.970030481295039,0.015209290712481104,0.2681808170015827,22.455278774953218,0.053457707486733765,0.44906536000441244
145,V9 | V21,0.720613702938233,0.6380506104241724,0.5552592166197171,0.5083944946135219,0.5354624811048273,0.9410164358407266,0.032251457822881205,0.28177675236325106,0.009857236905485576,0.9031532679140656,0.06386434454862623,0.5558551800573095,6.787606804873987,0.46280260604838436,0.4485090461357979
146,V6 | V7,0.6842615100644801,0.6722317425321984,0.4135212143570779,0.7106890202041517,0.5454902152908716,0.8646917122387239,0.10538963706287757,0.26743442889277746,0.0037118488343473722,0.5677185844690893,0.03667765659721686,0.5901971479987635,1.3436520865561867,2.1145308478653257,0.4484813363860819
147,V11 | V22,0.5142565695603054,0.45394332482139316,0.7452853376934614,0.51200374398606,0.42445112677009633,0.5216967879762323,0.07471073094164131,0.8290377041702347,0.3823891095146631,0.9992714853589675,0.9999999999178038,0.3894262546301518,0.9888406078093962,1.4068172324126054,0.4476713018976531
148,V9 | V18,0.6916928800104262,0.628110759266596,0.8591595175510166,0.5754716564428013,0.5009571719430231,0.12387319662990284,0.03695740254873445,0.7472532488109773,0.2971892236478972,0.9784915593606422,0.10569020506014436,0.2858273273458637,1.610781453268575,0.605891679990353,0.44763122721018184
149,V17 | V23,0.7111561125542508,0.5281224280698936,0.5632803131423496,0.7360255055280778,0.47124380067339333,0.9484820471260712,0.037177169327494076,0.09489371279891774,0.0028213761082080974,0.9457742939869671,0.05222451852053132,0.6283863656748477,5.68560373154319,0.5027471935060024,0.44619380692744987
150,V2 | V27,0.771927300607642,0.6432254609807986,0.5034490705235751,0.5384877395664392,0.5735723512887182,0.917358113149912,0.025246182514845953,0.19870789555770543,0.005442298541514148,0.8093382600427205,0.009937731404153508,0.5809459448253967,12.078893142084071,0.2995985822605385,0.44597721198285684
151,V1 | V18,0.5874038620528566,0.5619257517847541,0.7051700522187621,0.7138148468439386,0.4386338174930256,0.6593406542765449,0.11525838225420396,0.32484753732750765,0.06522586125832219,0.9359827461872953,0.11713558003771751,0.45125632923589365,0.7764400322410118,2.3849860293208733,0.4448522970167326
152,V10 | V13,0.551232158607377,0.5152103155549537,0.5441617050660922,0.6381549994357102,0.4508045223842863,0.9260444360587189,0.07841345437402213,0.6316825416605647,0.07087629928527346,0.9997234475465229,0.1370845030290541,0.6495655248355837,1.5930342196070306,1.3642951613284844,0.44470982038621104
153,V10 | V23,0.6948051935953278,0.5668668755642247,0.5473351428540688,0.657577512796695,0.513203293684115,0.9459934528383253,0.04566061654788678,0.15536093080623348,0.003434507760219546,0.8864410496089682,0.046052325540844714,0.6297445305438085,4.323837784332428,0.6932980329403143,0.44465057020814264
154,V1 | V7,0.660656697130029,0.6649610017885359,0.25139350468164473,0.8679073867693572,0.5617661677539043,0.8029958032055563,0.12333664363187503,0.19714498988302062,0.0038391883174175366,0.6638513940119652,0.10403239749044078,0.46503295040630815,0.7673430343310763,2.5874869078915235,0.4435087199774536
155,V3 | V20,0.6952595578410838,0.6202127132254864,0.3657731268574891,0.7426787009014174,0.5207044474933145,0.8973309348714121,0.055940395432444084,0.2736592365015333,0.006485593108649883,0.8403276945438263,0.038376605920887694,0.43833487241664026,3.055689145184382,1.1048802982866877,0.443200859549302
156,V11 | V23,0.6771898547539752,0.5352624444858515,0.7485865310379789,0.5259003760433639,0.4903785284722562,0.9339959484019307,0.017991998895872777,0.18226729357847554,0.0037930230266625346,0.9540934138151261,0.08087079592286803,0.45332897876887923,10.3032890491937,0.21838820413630436,0.4430352725299697
157,V11 | V15,0.4827258297442874,0.45758464061548304,0.7422915036789519,0.49864121183573706,0.42672585406551006,0.5525779966216531,0.07389244543491368,0.7954585892416719,0.6322189469353381,0.9465805321247087,0.5576426036999665,0.36431319924187355,1.1023402732273688,1.4368741168885495,0.44253465666254355
158,V2 | V28,0.7516756632074613,0.576977321454092,0.6874397768969394,0.5013641480583093,0.5211493645174097,0.935248402498277,0.046594086208939255,0.02434076494570856,0.0006031389724259582,0.7964154719605513,0.01819703229095541,0.5996145260438578,4.871714666701397,0.766280851892567,0.4422448648890945
159,V2 | V21,0.7719386229400588,0.6753289889404607,0.30314820063878245,0.5901473342724396,0.5916932412056586,0.9516944584729504,0.056451971621421744,0.1252051732771672,0.0063381491977289916,0.8551355589950317,0.04609088664267959,0.6607868386471119,4.953982338227675,0.9749205466305444,0.44168130408652306
160,V1 | V9,0.58922105665037,0.6097410536513894,0.565552510184266,0.7283113180843066,0.4927459019741023,0.6797659013408703,0.11447635580361698,0.3028143924379114,0.06320361825877303,0.7954726111225863,0.10988949038125231,0.4069886609864717,0.8651578861603691,2.4348121277966643,0.4393762583111096
161,V10 | V25,0.5574030524046567,0.505386060459934,0.5671366941650333,0.6416101673332649,0.45632848745551924,0.9084206672269892,0.06293853578836765,0.5593932926645351,0.06310059570051654,0.9753953239693903,0.11446235319410879,0.6665884346519715,2.302146244256291,1.0102303710860243,0.4392114142714109
162,V10 | V22,0.5318719084016578,0.4855477558997663,0.5421543266175332,0.6469273238907146,0.4472758919819551,0.9433912144479017,0.08618190996156207,0.599340198867976,0.06566972096594391,0.9382630524058806,0.16898703338415502,0.6994990326762156,1.6741551760020728,1.536829907939715,0.43904808221986225
163,V5 | V9,0.657767156796289,0.5842547666100887,0.5765079999674863,0.641524178128059,0.4434195651136391,0.840230887356009,0.035027255050310346,0.3738816472994829,0.009878216792024793,0.9167422758758617,0.07402939732302066,0.5883283600456857,5.574234640901954,0.48194104901498663,0.43884843645637983
164,V6 | V9,0.6128258695848212,0.6170117943950519,0.6533321019614688,0.5079257031969281,0.47646994951106947,0.7523206404827375,0.09063479702106614,0.44024822064070207,0.04955514190511802,0.9577140847525625,0.03812078945805816,0.5233741308305311,1.2810597841781755,1.7693252934514798,0.43882852447115545
165,V11 | V24,0.43919714662118414,0.500694171217805,0.7811541886376955,0.5006562440422933,0.43841531438716724,0.550095442040221,0.0784045266309041,0.7193796130136119,0.5824095694261164,0.9925560977098962,0.3584149361395199,0.4312880069011225,0.8760331370982327,1.4349394251215721,0.4386473019756411
166,V6 | V18,0.6110086749873079,0.5691964925284166,0.7711046939515844,0.48523519746415006,0.42235786502999284,0.7406246151254081,0.09168159768501234,0.4800359769461023,0.05080921115952629,0.9230794958377259,0.03982389257356725,0.5510206764766393,1.148425042043908,1.7430154517303773,0.4381740712254141
167,V4 | V23,0.6693819297933336,0.5420368666267118,0.5467358797594756,0.5821636734348252,0.5421874931748707,0.91784965120874,0.05812782055257901,0.17128979640931796,0.0037804131498703096,0.9861701562838536,0.04175743363040664,0.4909504844058372,2.940996908114329,1.1044370389484328,0.4351979257603694
168,V5 | V10,0.783013390650293,0.7336601498402843,0.5864552131291705,0.8078254918495297,0.6142981925312512,0.07464353635160968,0.034120249600437684,0.3192147509001875,0.008507612451225877,0.7713825145991017,0.0681757311355243,0.2900759408356466,2.20256084291584,0.5954439298488113,0.434715808481365
169,V5 | V18,0.6559499621987754,0.5364394647434535,0.713221745778777,0.6242379257262158,0.38930748063256243,0.7342300224325605,0.03360768793194438,0.4044051087129339,0.0099419188757405,0.9763592880850706,0.07800701209466708,0.5453482165862564,4.4329178341368,0.4544520701265933,0.43435640481347493
170,V5 | V7,0.729202797275948,0.6394747147472352,0.2731940983767199,0.8036505798448474,0.512439830893441,0.9470327637706747,0.03180353767826388,0.23491588726201648,0.0022368190298983305,0.36239468202747205,0.07073747877823598,0.7012940701788871,12.287926021582889,0.3583638535384654,0.4338431864640654
171,V2 | V6,0.664150789586647,0.6542901729113402,0.46317089702614883,0.5897491559933368,0.5327007096119007,0.8386225259655467,0.0868116770173046,0.1746328187793254,0.015887943521905534,0.8371913961823059,0.02817017705364345,0.5475185728637911,2.035816454207368,1.7504460658791232,0.4334171925500812
172,V7 | V19,0.6915656071347271,0.572783863805655,0.3651970932590102,0.6753964042808042,0.46441251417089185,0.9088118789179216,0.02612574665270936,0.4069135560652368,0.00426345245306572,0.9991893879069006,0.08185318180494823,0.6514410316529508,11.913125221266483,0.2519858365159959,0.4329554512127495
173,V16 | V23,0.6815640041215619,0.4896742303314735,0.7308078241444929,0.5546630115964148,0.4395126502402961,0.9277971710281678,0.024075543412056546,0.15792082156876264,0.0036843148871177466,0.9343587248437344,0.04984155270317361,0.5467167692247735,9.191851247858452,0.2804080784047779,0.43260761058999886
174,V10 | V24,0.45681248546253667,0.5322986022961781,0.5973425995720525,0.6382822731642055,0.461240079599026,0.8908340846499332,0.0681886765667508,0.5348759743821068,0.06998670622252316,0.9888861311028889,0.12051206217862517,0.6749032368677245,1.7725609813741456,1.0865155289964723,0.4321241049812318
175,V1 | V2,0.6405459766521957,0.6470194321676777,0.3210503492128409,0.7825196667815788,0.5489766620749335,0.8564494452107163,0.12393627513523682,0.13266170163336738,0.017267490653999358,0.43223605927917075,0.073978320035715,0.4283408142190646,0.8575798746606833,2.667934174327758,0.4317956358045629
176,V11 | V26,0.4695747180120592,0.4755121548645716,0.7598519827998866,0.4950419945693701,0.4408564794384659,0.5215454417778326,0.07924840368479981,0.7125282247440445,0.5438972863170825,0.9916180986288997,0.30820905349333005,0.4580686964463173,0.7941865870629479,1.406738344278678,0.4310410093165666
177,V12 | V13,0.5445742852500332,0.5018520855400482,0.6870862660531829,0.6741892471544803,0.45659083835388525,0.745277510942781,0.07580903722955389,0.44502577176883834,0.10892729808314798,0.7233146944589048,0.08449114892869762,0.5129901362315272,1.2231270889410926,1.3660406662053215,0.43087424399365293
178,V10 | V26,0.48719005685341155,0.5071165859429447,0.5648547430044637,0.6340223898125846,0.4636812446503247,0.9028058125174656,0.07463995958710229,0.5307225685568384,0.06936942479995088,0.9606527462322865,0.11225335294836522,0.718300672629905,1.5903136733427128,1.1927745547918216,0.429851816081492
179,V11 | V25,0.5397877135633045,0.47378162938156093,0.7613308551326468,0.5050316945581731,0.4335037222436604,0.49596143310241186,0.07715966338736173,0.7603409839946239,0.31172777518699313,0.9924176400602478,0.3208469855274453,0.44247062156296224,0.8285860411996935,1.376150849041869,0.4297742398332825
180,V10 | V15,0.50034116858564,0.48918907169385606,0.5374369649198982,0.6367520172200685,0.44955061927736883,0.9148367555231187,0.07477159087665605,0.5799937602467117,0.07068656217409179,0.9598264153455409,0.14351912342021006,0.6595698933027121,1.6269054185187088,1.2604542562923406,0.42953860980972025
181,V2 | V5,0.7090920767981146,0.621533145126377,0.3397802444771443,0.7053575838043789,0.49965032521447034,0.9262937308026312,0.08460832529849,0.1557001396675279,0.006348373427220369,0.49377278158543403,0.05267647436634233,0.6695360531633106,3.182064461997395,1.6589327637336606,0.4292253662484367
182,V9 | V28,0.7003507432056355,0.5396989429378037,0.8120616733338348,0.4020903027487094,0.4649186044165785,0.909052747803134,0.036806381628664626,0.06449664369533467,0.0008392829602676507,0.847021319944666,0.0248935771856453,0.3666582705206901,3.086892797873678,0.6593057339657105,0.4288025519347589
183,V12 | V25,0.5507451790473131,0.4920278304450284,0.7039090845476645,0.6774053861669636,0.46211480342511807,0.638803379267957,0.06563788944671516,0.40348102134368546,0.09183617241756631,0.9955768565830074,0.07333392817039049,0.5117165630548721,1.111182018829422,1.0675046932945151,0.4265076601066543
184,V8 | V9,0.6729194112724224,0.5396584025604965,0.5412309815482097,0.6074125788441461,0.4302434320658463,0.9190354114431973,0.054683170130905935,0.10687032383079278,0.009171811332125962,0.9966713343969446,0.0356233531796651,0.5952424115565571,3.5017264467431897,0.9382926240701658,0.42500657765734523
185,V14 | V25,0.5970495908003545,0.5306492325297648,0.6362709424019711,0.717975488240457,0.5305177763658726,0.5254979808084229,0.02150730507437236,0.4365336431237633,0.08054566635515009,0.9478626265299553,0.07975173357187793,0.4410723193381131,5.932690711017074,0.2702459367859924,0.42467444508230034
186,V8 | V18,0.671102216674909,0.49184310069386117,0.68748323925332,0.5888855062924031,0.3761313475847696,0.9083779202404284,0.04968303969313746,0.11283512815657401,0.009228025306880676,0.9020658297935708,0.037204444082890094,0.6104919859033107,3.4803114689365113,0.7863204435728386,0.4240035646314139
187,V17 | V25,0.5737539713635799,0.4666416129656031,0.5824049717143971,0.7224043402641589,0.4143689944447976,0.8664871070140789,0.04878280812473815,0.27468012036298994,0.02277125285791068,0.9937536924872102,0.1380973413667399,0.5954261758104055,2.3198168101252232,0.6989389853243181,0.4239505471204061
188,V17 | V22,0.5482228273605811,0.4468033084054353,0.558281409297636,0.7269331211925882,0.40531639897123345,0.9164896581474101,0.059998714106892836,0.2875835199565178,0.023130778033854493,0.9818298013361932,0.2165280678062073,0.6161046777219796,1.7040116584897285,0.9139649316018738,0.4234202304993331
189,V1 | V27,0.6163133626482468,0.5397620749826687,0.42551196260737817,0.6194867518158687,0.45501823673788955,0.9283391252970735,0.13675834003605913,0.26330208801177396,0.00708372176621458,0.8454372750670855,0.015681523848209016,0.5845333968849118,0.5579256411937278,2.7560786265035926,0.42329358610885676
190,V18 | V28,0.6985335486081223,0.4918836410711685,0.8978546184788404,0.3739095610386974,0.4108065199355017,0.8886410594601931,0.013317135050137303,0.06834884732736261,0.0008425349458262121,0.9664701887201501,0.026003069379290974,0.28510959313182166,6.097208373246057,0.20734106467391414,0.4224471030191842
191,V13 | V17,0.5675830775662999,0.4764658680606228,0.5602180626590194,0.7194653018523951,0.4088450293735647,0.8526959461451769,0.05307939069682323,0.29757343475528986,0.023808913025680806,0.9752816618324258,0.1694507168193345,0.5174472279268221,1.6991579847029485,0.8242260200402526,0.4220846903031816
192,V13 | V14,0.5908786970030747,0.5404734876247845,0.6166499847585316,0.7150102747625305,0.5249938112946398,0.46700557148408717,0.034177203941571165,0.48382988621675915,0.0934792683932499,0.8626779139781062,0.09240485596194396,0.348550904399345,3.0292473055066997,0.6025790262518618,0.4198623155827416
193,V12 | V24,0.4501546121051929,0.5189403722812725,0.7263724716861876,0.6743076888265047,0.46702639556862496,0.6239065169486594,0.07072428045830319,0.38891402880966897,0.1068755909323751,0.9975367820518563,0.07641245582830902,0.5055987626374774,0.8504046084903013,1.1448696602304513,0.4192910077610855
194,V12 | V22,0.5252140350443141,0.4721895258848607,0.6856274262895082,0.6823576869346948,0.45306220795155405,0.6183841616304006,0.06803426136292438,0.4266924253960281,0.09727903284139251,0.9795952578002797,0.09872027813794858,0.47880456927238324,0.9575080377689675,1.1282484700542676,0.41876788141547405
195,V3 | V19,0.700667840072991,0.6010329918500767,0.4612467149745387,0.754927048024057,0.517111031691924,0.2712669571467284,0.07421521245846986,0.44429506803580443,0.08007169345676454,0.9777275726645958,0.12835722512566947,0.4037370779608461,0.8891593674026481,1.3525318046168773,0.41831957998804475
196,V2 | V8,0.7242443312742481,0.5769367810767847,0.27824344299648823,0.6754513631457995,0.48647419216667753,0.936651675935594,0.04919904462133007,0.048249114454125414,0.005997903309533832,0.9900652728559226,0.026329273203384202,0.6446284861040823,5.834144925589938,0.815927134093792,0.41799814772913263
197,V12 | V26,0.48053218349606786,0.4937583559280391,0.7022279016041972,0.670344553993126,0.4694675606199236,0.6236470828020173,0.0730276567913787,0.3864215076753926,0.10546721420642781,0.9831492081247803,0.07219174157730246,0.5353470898674154,0.7765339300147034,1.1551438041676263,0.41683328156671057
198,V2 | V19,0.6714548866568938,0.5548422941847969,0.4201605579328672,0.5443718077944865,0.4516230084919211,0.8887978035321402,0.06825924044587768,0.247550010199965,0.02316451514605285,0.9973059075865343,0.06005749624540588,0.6581079992578541,3.2867602981353623,1.2326262389150187,0.41598875502296206
199,V7 | V8,0.7443550517520815,0.5948783506976428,0.20097810995255028,0.7792046803383479,0.4992636978456483,0.9401105894215172,0.06236453445851354,0.07351585913108288,0.00214875758378949,0.4250150290575904,0.03428141175394213,0.6624131014624991,3.5785956698413175,1.0832579776242834,0.4156648909565332
200,V1 | V28,0.596061725248066,0.47351393545596193,0.6372611981699966,0.5880830407202461,0.402595249966581,0.9404604346499353,0.13857800978548482,0.035407833422975446,0.0007606838032402402,0.6929486791440351,0.026722574028741907,0.6027351903397945,0.5362686096166893,2.778198452955194,0.41415234174049503
201,V14 | V22,0.5715184467973558,0.5108109279695972,0.6149426733306135,0.7225443004117446,0.5214651808923086,0.45909001261872195,0.02077809248880067,0.46289785068708367,0.08472586078854862,0.9877536746461987,0.10878628275634358,0.38968001707453265,5.536186299236429,0.2931033608222958,0.41383221351226546
202,V17 | V26,0.5035409758123349,0.46837213844861375,0.5801995631182053,0.7159540048204971,0.421721751639603,0.8353954651871818,0.0573083008801081,0.26500941558312135,0.023619206424953538,0.987801400333203,0.13512030480192308,0.6100566024341101,1.1591692786914103,0.7536979762128174,0.4129516370796146
203,V14 | V24,0.4964590238582345,0.557561774366009,0.6622855433189153,0.7151194491652342,0.5354293685093795,0.45318599655312297,0.021212630858794494,0.4200658435210533,0.09195614587654412,0.967679526931755,0.08322639931512946,0.4105687142410467,5.116944913206155,0.273518437250094,0.4124837097098862
204,V1 | V21,0.6163246849806635,0.5718656029423306,0.17455369362894613,0.6637643234422259,0.47313912665482977,0.94970842338833,0.1716927648582726,0.16102883154164202,0.008470032898531852,0.9087917178415804,0.06924437158183765,0.6031975820664836,1.1263466650039509,3.856825331543735,0.41188763010348467
205,V3 | V23,0.6500968331592463,0.5009305685155971,0.32612114624833605,0.7349784947634301,0.46404344956733684,0.9461848972220575,0.06911195283904378,0.12760297303994889,0.0034945372032234175,0.793310837990113,0.06766342697564316,0.5153979125775056,2.7574854528810553,1.3656126268089934,0.4115715954468518
206,V15 | V17,0.5166920875445629,0.4504446241995251,0.5537314588676477,0.7182727613404406,0.4075911262666472,0.8508058845593216,0.05343313879633946,0.281414791196682,0.023785307034276476,0.965333609812962,0.17866740945444481,0.5328918307252147,1.6798735458956346,0.8157130933671876,0.41069661595567003
207,V14 | V26,0.5268365952491095,0.5323797580127755,0.6343155953847366,0.7114675023315098,0.5378705335606782,0.436444206715148,0.024011498891196897,0.4172540633688191,0.09090603394072327,0.9936396171570964,0.07846577024500487,0.4350458476880892,4.197443453123219,0.2960566945218775,0.4093173562612243
208,V7 | V20,0.6861573249028203,0.5919635851810647,0.24357599585107778,0.6610102378369482,0.46800592997228235,0.9282579512498208,0.0322039949622075,0.2553349732693538,0.0018548531820557572,0.763085806929265,0.027803534255590606,0.6012853577651206,7.40177436935211,0.4254713680655603,0.40896139326662895
209,V14 | V15,0.5399877069813377,0.514452243763687,0.6109349808308895,0.7138070692238753,0.5237399081877222,0.43812803269708817,0.03901558733272697,0.45020100712385436,0.09315343679289863,0.9720885856004875,0.09584044781746726,0.3336185605201708,2.484792637569229,0.710007964739152,0.4088828862390445
210,V9 | V20,0.6147216844231616,0.5367436370439183,0.5616884731147735,0.4314891235866847,0.3989856641924803,0.8855970539652995,0.03456811432479771,0.4149558331711947,0.007171369949843331,0.9776825781084871,0.02889066809400718,0.4798305771221422,4.621238957071142,0.552193910009571,0.40606025403818213
211,V3 | V25,0.5126946919685752,0.43944975341130654,0.35810206358673435,0.721328440422465,0.40716864333874114,0.8675301061133677,0.08965763778634366,0.40770946254892004,0.0736890275540448,0.9532949220816049,0.2167266096792397,0.5685292745397308,1.2492341629102928,1.6914553396929648,0.4032766155577596
212,V18 | V20,0.6129044898256478,0.488928335177283,0.7023426660124813,0.4049578469914876,0.34487357971140364,0.8645891795370444,0.026938805856280095,0.4510586128796605,0.0072089287203456085,0.8433356041502805,0.030165899760909557,0.47280497748423655,5.232741303131178,0.3696789146956217,0.4027616132579977
213,V17 | V24,0.4731634044214599,0.49355415480184717,0.6116323881893141,0.7195735098058859,0.41928058658830436,0.7086289442731175,0.04859288235832885,0.2664324531014341,0.023697539373314234,0.9231156550828553,0.146326022459999,0.4708810915750276,1.7873427800215438,0.7607879167109052,0.40259759062214806
214,V21 | V27,0.74770600893611,0.5680716317554517,0.4113877354881656,0.3276590510322487,0.49773481586861446,0.9388242390644687,0.022503148600412106,0.24600378985694718,0.003662939980996164,0.9607054639433004,0.009194463336381083,0.6614605401598127,12.528756426684263,0.14720391903590277,0.4025875476831539
215,V2 | V20,0.666046604424987,0.5740220155602065,0.3143655065658114,0.5256037614352453,0.45521642429331155,0.9353091795817212,0.07038537169298534,0.16768217681658068,0.004930736677547041,0.9401937675334607,0.021269616901150697,0.6323688159328367,3.1867412733453477,1.3104776168520378,0.40235429100582715
216,V5 | V27,0.6848594627941659,0.514275787941368,0.44041505543429915,0.5091647179826028,0.4056918998774263,0.8748022695904379,0.02477785235247255,0.32051726899783484,0.0036675487227175825,0.9813387832520913,0.010920341837501821,0.4501044646788204,8.0984756306277,0.38428413008522944,0.40105570268597096
217,V6 | V27,0.639918175582698,0.5470328157263313,0.5415883094167878,0.32698646567718787,0.4387422842748567,0.8581150846706306,0.07484365909492452,0.3723078943587404,0.006771996703244625,0.8913283831946266,0.00369725518452272,0.5189302797229873,1.7060647715096047,1.4141849393971169,0.39896601339847076
218,V12 | V15,0.49368329522829607,0.47583084167895057,0.6822061712811948,0.6728837622360959,0.4553369352469677,0.48656703948011726,0.052325091463576744,0.4155307545708303,0.10848749622513412,0.8987670970968222,0.08749534570811202,0.41106299502898896,1.5783362466779665,0.8927839145968217,0.39857519223073035
219,V18 | V19,0.6183127720575546,0.4697486138018734,0.7499688355806778,0.42871685468657633,0.3412801639100132,0.26844641205367775,0.0035032147018488648,0.9086951865290507,0.3923593614120472,0.9941208248962824,0.09086578414134207,0.27000498730585354,25.664841311618382,0.05957759158899027,0.3977239674619344
220,V6 | V21,0.6399294979151148,0.5791363436859932,0.36140658002794745,0.40378813863155993,0.456863174191797,0.9070450151097759,0.10394088277877675,0.21439645331889226,0.008055771864651931,0.9492428408520467,0.026632995872283786,0.6218118808932579,1.2857860311830622,2.0328075208960894,0.3965804325626292
221,V5 | V6,0.5770829517731703,0.5253404998719094,0.3937342882754431,0.5633547065621256,0.36482025820060887,0.8697289548028827,0.10822551485935027,0.27518784013282527,0.008070767275319761,0.9891829037774459,0.03024065727299082,0.597594915845844,1.4776517624871797,2.207151104893634,0.3955355023102194
222,V5 | V28,0.6646078253939849,0.4480276484146613,0.6466151088551467,0.4697129578033316,0.35326891310611774,0.9090918591751408,0.03153849317153741,0.04343615419787234,0.00036873065775217554,0.9592790624650512,0.019621369922976747,0.4904545334370574,6.248619582284757,0.4993113330231456,0.3941382816096316
223,V21 | V28,0.7274543715359292,0.5018234922287449,0.628503356216624,0.26995629030292884,0.44531182909730593,0.9461739093278677,0.025863590308422772,0.032678324493676775,0.000368002627594387,0.9009549176715507,0.01712870124985711,0.6613854745517419,8.054554805743075,0.20192764359278476,0.3940757255548645
224,V1 | V6,0.5085368516272517,0.5508267869132102,0.3771664363877788,0.6634205791828618,0.4141465950610721,0.7796287152738108,0.11137120118851304,0.22870824528117986,0.03040652007230894,0.8724218460865982,0.04093692992552254,0.3443373631640679,0.9213639823968455,2.4289000974368617,0.39212538282665677
225,V4 | V13,0.5258088948053826,0.49038030661744086,0.5435581851597805,0.5595135350784687,0.47978872187504223,0.2198881682237603,0.03224024139673251,0.7701247290059912,0.5125126334133413,0.9641100923757681,0.11794241782976084,0.37299909784553925,3.6156859278501985,0.5571110014121935,0.3912799419068508
226,V5 | V21,0.6848707851265823,0.54637931590103,0.2003121328715926,0.5637744167989962,0.4238127897943666,0.9421639805725495,0.025093867495978577,0.19005563087609798,0.0041634173541680725,0.9407145287007469,0.049639056643378636,0.6111011352252655,14.390628049256083,0.2767953261990808,0.3870042754034935
227,V4 | V25,0.5319797886026624,0.4805560515224211,0.5665633223251255,0.5635536111776582,0.48531268694627505,0.3295949956243448,0.026533951684050327,0.6701968363325378,0.27654744730040054,0.9107297334859391,0.09989959958291975,0.39340891717730453,4.974110426442269,0.4311447984513877,0.3858150508610606
228,V6 | V28,0.6196665381825174,0.48078467619962456,0.7131065097632996,0.2692015361700679,0.3863192975035482,0.8839199732864017,0.07966503610083615,0.04961022707753438,0.0007340285843232967,0.9701394810319856,0.00946154056167548,0.5463683960333746,1.61872271387247,1.5052325686466475,0.38578105637565097
229,V4 | V15,0.47491790478364565,0.4643590627563432,0.5368243242647012,0.5578716986828547,0.4785348187681247,0.32368195673495,0.036345277108061354,0.6983091267403673,0.5031602638080486,0.921436084082985,0.12297406604271585,0.35836756566651745,3.0023531224783357,0.6499176500705679,0.38544239162162247
230,V16 | V25,0.5441618629308911,0.42819341522718296,0.7440597917796148,0.5349819093863317,0.38263784401170037,0.3800364929934475,0.03231095269817277,0.5758274771473221,0.1468840889274462,0.9775001045225126,0.128557286467085,0.4011984938733874,2.4363733074406655,0.4564781568179791,0.3850449861364882
231,V1 | V5,0.5534781388387192,0.5180697591282469,0.22271278521637336,0.7647078928407489,0.3810962106636416,0.7685161539693383,0.11510782994239843,0.20226797030213414,0.008486315585962148,0.8427517906968353,0.08066250297417034,0.38730486597277464,0.8882666711914257,2.4781901630589265,0.3828730275349232
232,V16 | V24,0.4435712959887708,0.45510595706342705,0.764643560660402,0.5308614219199256,0.38754943615520715,0.41733357815726085,0.035632223446425866,0.550116928411241,0.1887557612392089,0.9563220306838701,0.13586436532957671,0.36347382181077204,2.15820138337856,0.5586823038779221,0.3819638560016606
233,V8 | V28,0.6797600798701184,0.40343128436506903,0.6166164591128738,0.4209478578020828,0.34009278005832494,0.937504629647522,0.049419115008072965,0.0,0.00034298658486437556,0.8677822194436708,0.008590331546121432,0.6527705691006935,3.214191040932665,0.7227865000855859,0.3812881867525791
234,V9 | V19,0.620129966655068,0.5175639156685086,0.6256520457051319,0.4540497824043462,0.3953922483910899,0.10389045743305486,0.0391994177161166,0.7958184801022693,0.3314092524199708,0.9958652513750118,0.08591697986684288,0.2566177767931547,1.4308002243690963,0.6675702959134004,0.38088518528463683
235,V8 | V27,0.7000117172702992,0.4696794238917757,0.39193936789115985,0.46426332860212977,0.3925157668296334,0.9256193736426861,0.04570108857257329,0.09538572433742942,0.0035073704679046513,0.7196333600094684,0.0030539073410581867,0.6448397026192478,3.7035720464399624,0.6545309732502033,0.3766126751816396
236,V4 | V26,0.4617667930514174,0.48228657700543176,0.5642784454327536,0.5546751091597213,0.4926654441410806,0.24690373593709578,0.03367312666910241,0.6315430682902622,0.44550060207911535,0.9052457170899841,0.09810766245570782,0.25419615059664286,2.687533911451673,0.6602587932584069,0.3762884809182086
237,V1 | V8,0.5686303933148528,0.4734733950786547,0.14106675002245567,0.7382327985186445,0.36792007761584883,0.9279672677413078,0.1623302288276903,0.06378550105546062,0.007934208765609737,0.6513017594481183,0.038236229402550226,0.6001284753514003,1.2661300028400582,3.6348844221113596,0.3743086169121768
238,V16 | V26,0.4739488673796458,0.4299239407101936,0.7425227776965955,0.5255774077073119,0.3899906012065058,0.3375565280308286,0.037599642285859054,0.5457659387055548,0.18446773060559837,0.9376919493520147,0.12590379717461914,0.3749278996698779,1.7412536645623244,0.5524464964443482,0.3723144887431431
239,V4 | V22,0.5064486445996637,0.46071774696225337,0.5415480984275577,0.5697617254100893,0.47626009147271103,0.16436561641879838,0.031879760113058465,0.7249724920109979,0.33086756070915113,0.9930938370727964,0.14246840235263453,0.34877951790766676,2.9572366878300387,0.5355011314086783,0.3720827427917109
240,V7 | V23,0.6409946002209824,0.4726814404711754,0.1907531557262906,0.6519342193878983,0.41134493204630485,0.9547275098626644,0.026074398884019592,0.12041622612903707,0.0011246369080044102,0.7249152770708328,0.04759103647909816,0.66049592865984,13.765658493203942,0.2512536727206539,0.3719795055661096
241,V4 | V24,0.4313892216605424,0.5074685933586652,0.5968065834731182,0.5596624381393608,0.49022427908978194,0.0975543492369831,0.038481148046050746,0.6371090594306045,0.4710514440072347,0.9874010633358516,0.10477938693129847,0.273212192065457,1.992818564627471,0.7087421505438789,0.3709219407118543
242,V16 | V22,0.518630718927892,0.4083551106670152,0.7273726704428856,0.541551998463734,0.3735852485381363,0.2715142140121218,0.028101039971282733,0.6178173636867871,0.1610925072494216,0.933786543892143,0.196616730433296,0.3526663393029419,2.8507605046621416,0.4221047443369623,0.3709079344978626
243,V2 | V23,0.6208838797431491,0.4547398708503172,0.2696517676264659,0.5136773346063372,0.39855542636733415,0.9553193832676169,0.09787973570820571,0.08202910247871466,0.0028130012337324803,0.8599736078490936,0.03635199241527089,0.6847308597525357,2.2389515257940102,1.9341851585121799,0.3707322836933345
244,V19 | V27,0.6472222726529449,0.44758493699978785,0.505759122388949,0.24773519079674997,0.3576645831548771,0.8128658466920808,0.013610746848372525,0.6255595109100177,0.008183266689568643,0.9729748786970632,0.012700845691472633,0.3255090253817983,7.62379380761641,0.1998499741138926,0.3703926058200647
245,V8 | V21,0.700023039602716,0.5017829518514376,0.1140578371938762,0.5237010780868965,0.41063665674657374,0.9647446504910097,0.07711609453349151,0.05991172804124297,0.003973407679087037,0.8871936641782415,0.024884874939209625,0.7437995988569497,2.6008166209465173,1.3427956337643503,0.36979973302615
246,V13 | V16,0.5379909691336111,0.4380176703222026,0.7287020815700822,0.5307037061838864,0.37711387894046744,0.14884626440798635,0.0292739679321148,0.6519037992584631,0.19515450938111378,0.999999999900798,0.15618688239828504,0.2636811384110344,2.60542773723963,0.5252425537404024,0.36977321160819504
247,V1 | V19,0.5158409486974984,0.45137890818666687,0.32451477444367144,0.6244967694291698,0.33306889394109246,0.7014181029341172,0.1141669503479019,0.33704077834358287,0.06680555486837222,0.9543087731307193,0.09419337285929259,0.41736273963294157,0.7800593530848456,2.390412047545323,0.3677074311410773
248,V9 | V23,0.5695589597413233,0.417461492334029,0.5364705506163637,0.4170620779026109,0.3423246662665029,0.9340357563643843,0.02906234481658875,0.1753663160741476,0.0037666806160504096,0.8907479655042316,0.049542699027474435,0.5268740770802727,7.124819453838051,0.4105879144234105,0.36733547471804484
249,V18 | V23,0.5677417651438099,0.3696461904673938,0.6840521964916152,0.3897341205582288,0.28821258178542614,0.9317284181415373,0.021350202639728835,0.1857540042918293,0.0037811307212638396,0.8393406263253301,0.05186326495783526,0.5306391001170865,9.250557873994696,0.22310521032053804,0.3672007474362591
250,V15 | V16,0.4870999791118741,0.41199642646110496,0.7242564582838603,0.528964515200875,0.37585997583354996,0.22689147490702646,0.03263659403504824,0.5974661843791128,0.19376738063332677,0.9803702446234153,0.1642006318304349,0.30428129236479246,2.3766137176040583,0.55708026177006,0.36367166578693083
251,V19 | V21,0.6472335949853616,0.4796884649594499,0.3067530993172613,0.33659455491280377,0.3757854730718174,0.9272423915466551,0.025385291591093068,0.3124848831348247,0.009968136005388172,0.9919330961043629,0.05647299403063662,0.5790434924194682,8.464518560723146,0.2760765585571643,0.3631947557013551
252,V1 | V20,0.5104326664655916,0.4705586295620765,0.18943330709943104,0.6085473785793603,0.33666230974248285,0.9206837032999651,0.15168953285714668,0.21892479973985265,0.0063263486136125625,0.6905142586285523,0.030994816452277297,0.5484017773086328,1.1183242631559838,3.3671232000528013,0.3611799629326954
253,V7 | V25,0.5035924590303116,0.4112006253668848,0.23347605783235367,0.6357830435812345,0.3544701258177091,0.9152394053241956,0.023460913513097398,0.3749439251103647,0.004225647894024403,0.9316915482133191,0.12003540603740794,0.6714542577515444,17.102411668646937,0.18187112687299392,0.35995237474330666
254,V7 | V24,0.4030018920881913,0.4381131672031289,0.29481848742913214,0.6324160836293719,0.35938171796121593,0.9273136933895565,0.026817904470009354,0.3619268509173871,0.004279898609582162,0.9813449549162292,0.1265674861134131,0.7080395860391773,16.058533491467564,0.2329854347848127,0.35953156467292957
255,V7 | V13,0.49742156523303155,0.4210248804619045,0.18369663481379928,0.6322873106296079,0.3489461607464762,0.9312273962503316,0.023613602577012817,0.41184500081073383,0.004286220146092582,0.9771024882763332,0.1445683750591778,0.652283808177562,17.388738129982038,0.20604440147573957,0.35913631718961003
256,V6 | V19,0.5394457616319498,0.4586496489303294,0.46569732944953646,0.3359338674461479,0.31679294147805964,0.7260840487385029,0.08625833814298904,0.5026757425157754,0.05177757465114683,0.9531300454268167,0.0341078625826107,0.5293952051553117,1.2951117946087913,1.6472485977413223,0.3584226770940754
257,V5 | V8,0.6371764934607717,0.447987108037354,0.1687610174593498,0.653300383303218,0.3185937407553856,0.8942813311352741,0.04058731621253519,0.07534283025940808,0.003978554758670579,0.9160892464735435,0.02827111177094913,0.5828909287390391,5.999891633682823,0.647480661022782,0.3575111007675969
258,V20 | V27,0.6418139904210383,0.46676465837519754,0.42022393332925206,0.213275245317842,0.36125799895626753,0.9212851243867599,0.031160091276426844,0.3527525189822025,0.002990070561295747,0.8471237966604941,0.0011965165037649648,0.6446057792326726,5.5135499041264175,0.3193246802126275,0.35537314656613106
259,V7 | V22,0.47806131502731264,0.39136232080671707,0.17920115771652753,0.6411620753599113,0.3454175303441451,0.9473846809872132,0.026604082690124722,0.3956014733537098,0.004247066949589839,0.9652753338770808,0.17966872446252835,0.706668431877072,14.46726939405012,0.22252432540404699,0.3547795984373001
260,V6 | V8,0.592235206249304,0.48074413582231723,0.33960967590701424,0.5232463997448089,0.351644125152816,0.8840878947857016,0.08680946904138195,0.08440048787296338,0.007561237919782051,0.3439461164619826,0.014812733202777017,0.5812879216693085,1.7979881443076056,1.688617834120087,0.3541520072748403
261,V3 | V22,0.48716354796557615,0.41961144885113877,0.3176068057702634,0.7258669139049383,0.3981160478651771,0.33180849973885146,0.07756797534856796,0.4313125075334717,0.07718732795656856,0.9938737468942171,0.43113384056777665,0.44071774613470655,0.9344743960778683,1.4189161727111543,0.3535467207932435
262,V3 | V24,0.41210412502645516,0.46636229524755063,0.4053185210352362,0.7184915066357036,0.412080235482248,0.34921839133422056,0.06554221737829061,0.3929056121160873,0.08316916474936935,0.9995579007808323,0.2347858492323421,0.36230854782638733,1.20851620279543,1.2351925932381187,0.35332118568755194
263,V7 | V26,0.43337946347906636,0.4129311508498955,0.2286618326372689,0.6281058092825148,0.36182288301251453,0.9304834011950635,0.028686970009271007,0.3596954327815561,0.004275427215120661,0.9756614135242773,0.11765544736764522,0.7226001133946733,14.039095818555706,0.2612637105854271,0.35303637967369544
264,V3 | V13,0.5065237981712953,0.4492740085063262,0.32091331887782226,0.7183830646971336,0.4016446782675083,0.28386458335096426,0.07400836791697625,0.44996755578809916,0.08441828266351821,0.9902734254953207,0.29031681144519583,0.3988292657587941,0.9407034701242962,1.3658865181005269,0.35255233983068573
265,V5 | V19,0.5843870488434173,0.42589262114536613,0.34310353531265086,0.5154012723842738,0.28374255708062923,0.6939071556564222,0.03732918368904669,0.42153998509813634,0.009989517115510951,0.982264039098939,0.06504650004149896,0.5124403189604816,3.7398415465979946,0.5614152177433909,0.3499825740971256
266,V6 | V20,0.5340374794000428,0.4778293703057391,0.3712727547729988,0.3071996425912502,0.32038635727945014,0.8785180882386525,0.08189215060415832,0.30080956763345257,0.006064693370739383,0.92229513923552,0.011519681849180393,0.5519116636409424,1.7179726392970294,1.5740584318898645,0.34743052765635435
267,V19 | V28,0.6269706352527641,0.3813367974730812,0.6889739968099025,0.17934094301371348,0.30524159638356857,0.8728163056450893,0.01711840570569521,0.07038387250222003,0.0008449470574611599,0.9398814867393933,0.022237676711533344,0.3675657240031324,6.161736394225662,0.2292884831516176,0.34683008815284544
268,V2 | V13,0.4773108447551982,0.4030833108410463,0.2637407711672017,0.48762144635221005,0.33615665506750547,0.9262930624221792,0.09114466960459956,0.24990777606202058,0.023554407328366146,0.9579546297059854,0.09696023348114267,0.6716412011329117,2.617938120132586,1.7968840029118078,0.3467780051565355
269,V13 | V18,0.4241687301558591,0.31798963045812284,0.6817145511044975,0.35611407390274763,0.2258138104855976,0.2675394936713662,0.0604392943547957,0.9279787622030293,0.5186661870330468,0.9858249453363599,0.16737178365335934,0.3383539076285526,1.1356425436320263,1.1052470237548842,0.3454628807623402
270,V2 | V25,0.48348173855247795,0.3932590557460266,0.30575410517055573,0.49228206306128,0.34168062013873834,0.9079132183644308,0.07899290365994409,0.23192384611696407,0.022536854974521753,0.8737218554414483,0.08340797931495127,0.695243243819825,2.6793458952179274,1.4481999012693643,0.34524992811824484
271,V7 | V15,0.44653057521129463,0.3950036366008069,0.1685371235657121,0.6308677758653698,0.34769225763955874,0.9102770937697102,0.033911728466316425,0.385680749520699,0.004284883778234407,0.9247163260423334,0.15160021997892484,0.6471736106193424,10.683683057085547,0.45934944560008684,0.34492157763616876
272,V3 | V15,0.45563280814955837,0.42325276464522865,0.3097984024894549,0.7171879421196903,0.4003907751605908,0.333709223121226,0.07987035534766009,0.4199603254487682,0.0841513864607662,0.9245276487744962,0.3146609447055339,0.41113005159334987,0.8809345792391585,1.4962564766837116,0.34414065070538863
273,V5 | V20,0.5789787666115105,0.4450723425207758,0.21437436522067796,0.49549341700252,0.2873359728820197,0.9029047324958364,0.029020903010012433,0.26259612924968206,0.003370692760401649,0.9165367995021003,0.022879786964966512,0.54159310355507,7.665274670766482,0.4024210184385321,0.34293960477552143
274,V2 | V24,0.38289117161035796,0.4201715975822707,0.35848321434663266,0.4877933229987209,0.3465922122822452,0.8962938212521162,0.07729327785571136,0.22538681318757173,0.023445231120269656,0.9817320195690036,0.08711938806354035,0.6989747565931451,2.688576762394628,1.3990352229094374,0.34285404872667036
275,V3 | V26,0.44248169641732993,0.4411802788943172,0.3544602544929453,0.7148641474065351,0.41452140053354664,0.2736232761625942,0.07900426009544675,0.3903732522035995,0.08230574712388038,0.975712676590663,0.21039236523728586,0.49046307286282653,0.73099557269139,1.3473733998479291,0.34242284146041674
276,V20 | V21,0.6418253127534548,0.4988681863348595,0.16526051727553726,0.30789930550000494,0.37937888887320775,0.950990427637114,0.038168189520138084,0.20540844520907317,0.003366570154815653,0.8310763716054477,0.020065696489728897,0.6913900027745985,5.187729534646777,0.4545963371124885,0.34098515271222096
277,V2 | V22,0.4579505945494793,0.3734207511858589,0.2599829720305689,0.4994325493704351,0.3326280246651743,0.9105210383434718,0.07792911218155585,0.24208911701994454,0.022889506019830235,0.9168938889025524,0.11465851498654181,0.6902361067066328,2.9054898057781413,1.4400824327124704,0.33717135103737705
278,V8 | V19,0.5995393033195509,0.38129625709577386,0.28205324571771817,0.47108070692751836,0.27056642403283643,0.8950518616339789,0.04572750947350185,0.1160118363746775,0.009270004251960381,0.9512342940307396,0.031886806841897666,0.61101459139555,3.9077896122640596,0.6979195825059411,0.3369213509429147
279,V2 | V26,0.413268743001233,0.3949895812290373,0.30165951156974713,0.4820322138873317,0.3490333773335438,0.8985236579618997,0.07988770695961889,0.2242557860592102,0.023368438059850765,0.9503212696563929,0.08203634168208544,0.7100970445669147,2.593916273699262,1.4511628638001355,0.3366997019754599
280,V20 | V28,0.6215623530208573,0.4005165188484909,0.6339700482456436,0.1396353971880142,0.308835012184959,0.9324625894679766,0.03466460633900036,0.0473855589511594,0.0002531442920314251,0.593764721597965,0.006104615641110041,0.6602908993583813,4.469969740768214,0.3694319139846112,0.33614560079569256
281,V1 | V23,0.46526994178375375,0.35127648485218715,0.12936175415824885,0.5984592012001915,0.28000131181650534,0.9497311631837078,0.18349287932153618,0.10532187680161366,0.003429003397465159,0.785381568768348,0.05339007390276227,0.6085639994392502,0.9709502302785658,4.134533959274398,0.33273391900468297
282,V15 | V18,0.3732777401341221,0.29196838659702523,0.6767753485738804,0.35364795632479223,0.2245599073786801,0.3032741725956641,0.056137905382771275,0.8295723305332326,0.5090907695997429,0.9813175459796869,0.17639412394515394,0.31846549513531397,1.1695383822585002,1.0157480844966844,0.33269666860743846
283,V2 | V15,0.4264198547334613,0.37706206697994876,0.25109370810758663,0.4857257750160208,0.33490275196058794,0.8973530569359764,0.0761737309731875,0.23723878109871932,0.02353126787988225,0.9439342737028598,0.10065764622754964,0.6622156510218367,2.8134966720774317,1.4143001338861387,0.33029506492717464
284,V9 | V25,0.4321568185506525,0.3559806772297384,0.5567466836325816,0.39099560611745077,0.2854498600379071,0.3564777664961986,0.019975792259544566,0.7021909307024163,0.24611001154885326,0.9670118006127356,0.1273992212497591,0.39567093449658813,5.669630165480124,0.2684059314444302,0.32522464659331163
285,V8 | V20,0.594131021087644,0.40047597847118355,0.1310452658399256,0.44929076473665874,0.27415983983422687,0.9383404551612727,0.051263928205248964,0.08111952288700255,0.003227189127966208,0.991472443279975,0.010558951068260153,0.6622801359905215,3.7903195477649323,0.7918685331765986,0.32383438079607413
286,V9 | V13,0.4259859247533725,0.36580493232475814,0.5332190408365924,0.3852847265491812,0.27992589496667425,0.2097521456534804,0.02394898710290236,0.8110383116882434,0.41741285417121543,0.9301339174649064,0.1545954264346601,0.3006590897772615,4.07023023918849,0.423919999877851,0.3225512905475278
287,V18 | V25,0.43033962395313885,0.3081653753631031,0.6987362119201456,0.3621652976401525,0.23133777555683044,0.24960714411133428,0.012191042197109793,0.7918176172971695,0.278340023841506,0.9918586085444786,0.13661511559689926,0.3411375565144606,7.462328084995805,0.14349023870736602,0.3225418740305546
288,V9 | V26,0.3619438229994075,0.35771120271274914,0.5544111281530301,0.37842005915053983,0.29280261723271256,0.34937468014125456,0.041240213420947164,0.6603920160394088,0.3717922555836459,0.9609470567308037,0.12478376180922908,0.31476244211981075,1.715386945733205,0.7079109176358855,0.32144201358894303
289,V9 | V15,0.37509493473163547,0.3397836884636606,0.5263269784715364,0.38295842932591023,0.2786719918597567,0.2969900189748349,0.03447697983850176,0.7326971255535276,0.4111783551343101,0.993823745682777,0.16247072776585805,0.3581462247960883,2.6993975209322905,0.5789880894156698,0.31862983248525806
290,V23 | V27,0.5966512657392001,0.34748251366530825,0.3852853998424064,0.190794202879653,0.30459700103028997,0.9360730096058865,0.024938735040464705,0.1558600513877791,0.0018098032829161252,0.9284164739196215,0.006367938137474576,0.6637496555595527,8.714937450417771,0.18197817178662634,0.31766882093232396
291,V9 | V22,0.4066256745476537,0.33614237266957064,0.5311619844649832,0.39973437956786717,0.27639726456434305,0.21827798880107235,0.028046523733717955,0.7617142796585566,0.28829974708939493,0.9974897657140296,0.19426849138938976,0.37029886496906245,3.0658950971337307,0.41673377283529367,0.31332815637828926
292,V6 | V23,0.488874754718205,0.35854722559584973,0.3321255936821863,0.28863409058931844,0.2637253593534726,0.9031170773623194,0.0976191260408344,0.13778644324168488,0.003319316143658501,0.9260360053015234,0.021004469113507427,0.6126137466748843,1.3718336300733973,1.8863587042325314,0.3130053789266318
293,V23 | V28,0.5763996283390195,0.28123437413860153,0.6125956552284813,0.11350019479385401,0.2521740142589815,0.9479162458792233,0.028574246353572048,0.015447659899696002,0.0,0.897842983507526,0.013135788878982707,0.6754729759884371,6.360362133676469,0.23596296950845025,0.31263625270490863
294,V9 | V24,0.33156625160853254,0.3828932190659825,0.5876364772561791,0.38549554840165856,0.29036145218141396,0.19712832790111046,0.025759631213705666,0.6664004808214464,0.38945001778479527,0.9980607919126605,0.13459831837695252,0.3563320127821992,3.4482948258445645,0.389796953236148,0.31210143008770486
295,V18 | V26,0.36012662840189386,0.3098959008461138,0.6970354952894355,0.348834821159885,0.23869053275163593,0.12767057077819519,0.02168948815948528,0.7405906933189383,0.4501478482474128,0.9609301680151536,0.1336895476813184,0.169636414144268,2.2789918414230845,0.3858970870436565,0.30847825390684597
296,V18 | V24,0.3297490570110188,0.3350779171993472,0.7214536207318372,0.3563375330652676,0.23624936770033725,0.0342247573445598,0.044953126838076,0.7479188819471049,0.47624785271665315,0.9299796381539139,0.14469684723487738,0.3374787023639153,1.0891321026415077,0.675535384053129,0.3070600652373468
297,V19 | V20,0.5413415764702898,0.37838149157919576,0.31788173647840656,0.2244771693818323,0.23930865615947047,0.8527911803910739,0.02766546678664767,0.4714954957719617,0.007236930867302751,0.6561399065621225,0.02585260513351432,0.48843199328636394,5.209672628720009,0.37317123128232826,0.306930837401729
298,V18 | V22,0.40480847995014013,0.2883270708029354,0.6802381099965944,0.3714169748706837,0.2222851800832664,0.03728741935527437,0.04124206584387147,0.8657760658579213,0.3334312598303368,0.9156610754609974,0.21336648296999589,0.2990202838050195,1.261330605440431,0.6497574589228208,0.3066808858839244
299,V5 | V23,0.5338160419296726,0.32579019781088653,0.15776538337391768,0.48281876699181364,0.23067497495604217,0.9427591648199968,0.023841291763333796,0.12329543635050773,0.0020220063624458236,0.8402850659404147,0.03904610643708781,0.6125383980736229,17.928220422504324,0.25351729364049763,0.3051759497976888
300,V21 | V23,0.596662588071617,0.3795860416249702,0.10161636497281236,0.28936014952062233,0.32271789094723036,0.9583352212450286,0.03326708366976466,0.09942284625160194,0.0020197514977244547,0.6305437346406362,0.0343685330177346,0.7178453230813745,7.120934103302577,0.3336384845363357,0.2974855717374744
301,V1 | V25,0.3278678005930827,0.2897956697478966,0.17802126390540182,0.5804555750975686,0.22312650558790964,0.7187658132166144,0.11907874264253297,0.31291062977464346,0.06226628244051539,0.9275173414967773,0.14297116617093636,0.4963391721458859,0.663432380545073,2.405312122466922,0.2960342592712231
302,V13 | V27,0.4530782307512493,0.29582595365603737,0.3807242860117278,0.13992797842322435,0.2421982297304614,0.8232822163550247,0.0,0.6355706126145353,0.008245085884518718,0.9947910986988333,0.019747873375806375,0.19716547645363278,31.85665265906424,0.04443710504493537,0.2931825294681705
303,V25 | V27,0.4592491245485293,0.2860016985610176,0.41343629494158984,0.14921441116246575,0.24772219480169425,0.8002136096329546,0.018557293771293514,0.5625599543159888,0.008081278034467934,0.8650763315973498,0.01746362082439122,0.3775211842745929,5.165379711414978,0.23580708655416524,0.29146402286314654
304,V1 | V24,0.22727723365096267,0.3167082115841407,0.2468444761657359,0.5766939791061217,0.22803809773141648,0.6563855062685734,0.11745263494560707,0.30296918436695464,0.06896736428514023,0.9999183486754454,0.1516928398254622,0.4875412266267438,0.6929820628765943,2.380484287414749,0.290441991742728
305,V6 | V13,0.34530171973025425,0.3068906655865789,0.326987400719521,0.247177240223003,0.20132658805364398,0.7811232893497552,0.09932215185154093,0.5096104470688252,0.05360562298280155,0.994370894789074,0.05104695515836457,0.5270605442860745,0.9443388818125729,1.9254185782685087,0.2897116241845676
306,V6 | V25,0.351472613527534,0.29706641049155913,0.3636959477483058,0.2546873571269921,0.20685055312487685,0.7544859525862074,0.09231060076615337,0.45830429527251104,0.04896829200516276,0.9839294799104041,0.045248649267810706,0.590545913766006,1.0803596896130558,1.705327123696031,0.28826832575628575
307,V8 | V23,0.5489682964058062,0.28119383376129425,0.06194909334015558,0.4353744304672292,0.21749884190824934,0.9494738440150945,0.06000909922245726,0.03608482398919936,0.0019429623352532478,0.8891993743294708,0.01957617264875019,0.698861825758697,3.1739195387416537,0.9617274771006632,0.2874137365321225
308,V24 | V27,0.3586585576064093,0.31291424039726173,0.4554220058916276,0.1402719776754235,0.25263378694520106,0.8204845142496598,0.004358369050120646,0.537814838840014,0.008227891463353617,0.9465444957494491,0.018119557425856338,0.3127981799175506,24.961852288941653,0.03897049871913839,0.28696463579611226
309,V22 | V27,0.4337179805455305,0.2661633940008499,0.3778318029606401,0.1632983709151953,0.2386695993281302,0.8243809664142584,0.010292037392698933,0.6028963210401396,0.008138961526162409,0.8931877070036356,0.022326017696037724,0.3177488241832439,10.051372955048269,0.14304049501236027,0.2863855338573895
310,V1 | V13,0.3216969067958029,0.29961992484291633,0.12126103079193334,0.5765500539079687,0.2176025405166768,0.6562360335601086,0.11279233558942849,0.34072725705143747,0.06983172311647574,0.9296636435251481,0.17633444233246667,0.41375710486416895,0.8658339725499393,2.3825480311944873,0.2859991565254786
311,V21 | V25,0.4592604468809458,0.3181052265206796,0.15320815579638097,0.25546428055975684,0.2658430847186346,0.9389642035501232,0.027738109526891798,0.2908619440576521,0.00982670415910227,0.9453216256636638,0.07780922456944694,0.6539528891345755,8.586896876411123,0.2663512852940261,0.2852051491595198
312,V5 | V25,0.3964139007390018,0.26430938270659593,0.2035869236783984,0.46003280120523826,0.17380016872744644,0.787186174192691,0.04415433006639554,0.38779891274214184,0.009847574249119207,0.9772956208347908,0.091390713015036,0.5741973869784232,3.504258541767472,0.6737997264550855,0.2843056338611771
313,V1 | V22,0.3023366565900839,0.26995736518772884,0.11609041835987274,0.5864589617795721,0.21407391011434557,0.6677620449643139,0.11645489307183071,0.3285486356654918,0.06476851203010066,0.9577692699479046,0.2271073204259777,0.4683385492536114,0.7364661203630531,2.3874082433548884,0.28272081632354107
314,V21 | V24,0.3586698799388258,0.34501776835692366,0.22564507641467524,0.24824317533992124,0.2707546768621414,0.9363178795652365,0.024847087791763454,0.2819162131846864,0.010030181414292337,0.9531460311386651,0.0811613825807889,0.6078916696024265,9.14622454824825,0.23972507669773013,0.2825457842803981
315,V1 | V26,0.25765480504183763,0.2915261952309073,0.1725697567183227,0.571874158246155,0.2304792627827151,0.6550806285479877,0.1190569546551314,0.30125815198341865,0.06836741393091676,0.9909526960007666,0.13982178482173044,0.5163183307322434,0.6415496974374467,2.3767279707476696,0.28246674346034756
316,V6 | V22,0.325941469524535,0.2772281059313914,0.32372551504387215,0.2661277533056781,0.19779795765131278,0.7772951173896333,0.10048331366640287,0.48686022336742946,0.05052701775289452,0.9407057265540495,0.05798826857903794,0.5870635644255973,0.9495883949532353,1.8983044273455094,0.28242630799254814
317,V26 | V27,0.3890361289972843,0.2877322240440283,0.410218587505208,0.1286763625898364,0.2550749519964997,0.8466373301417635,0.010659902007907878,0.5336236885269702,0.008215743366027636,0.7592819708886223,0.01721496820276553,0.4023839544934414,12.950693172305726,0.08719153728198989,0.2800065430453937
318,V15 | V27,0.40218724072951223,0.26980470979493976,0.3710117918854362,0.13612605149259027,0.24094432662354387,0.8301272696267319,0.0031936882842324875,0.5833584316593994,0.008241449065029854,0.9572145823394904,0.02032135951269897,0.24819832696956462,23.58640548488043,0.0698160322855959,0.279765125707377
319,V13 | V21,0.45308955308366605,0.3279294816156993,0.09299384611886935,0.2479658890326217,0.2603191196474018,0.9452554055591944,0.02176148432827066,0.31577710198759507,0.010054114662640142,0.9266213676294771,0.08999856668931638,0.5059167222164987,10.074528067354786,0.2662446251587713,0.2788088822407935
320,V6 | V26,0.2812596179762888,0.29879693597456985,0.36009944674335287,0.23811375267997092,0.21420331031968232,0.7511099754651657,0.10026933557422536,0.4374910058858212,0.05272545124505943,0.9650061578113189,0.04463622369941344,0.6219358445708223,0.8391599037292411,1.826828878544534,0.27770689820832556
321,V5 | V22,0.3708827567360028,0.2444710781464282,0.14531963055303856,0.46765512551397337,0.16474757325388237,0.822452182504195,0.04434180515353847,0.409587673100836,0.00992779100819407,0.984241151617607,0.12784173942388752,0.599976524448004,3.6077003380139088,0.6580911820127573,0.2776382608176804
322,V6 | V24,0.250882046585414,0.32397895232780327,0.4103567240012147,0.24745496326525565,0.21176214526838366,0.7438095479028913,0.09160364965477268,0.44052284397740626,0.05308705959248511,0.8005699326368302,0.046881529127899495,0.5538110211144645,1.0977131674404588,1.7268579100946304,0.2774586526065737
323,V1 | V15,0.2708059167740659,0.27359868098181866,0.10379333422705762,0.5749631993902415,0.21634863740975926,0.6725088515025932,0.11306414964616021,0.3210596298425056,0.06964739360842424,0.9559644749443295,0.18621014901222394,0.4118529665564995,0.8314360773806586,2.3817606455943476,0.27570741841505847
324,V25 | V28,0.4389974871483483,0.21975355903431096,0.6297670813445893,0.06463510012504067,0.19529920803038578,0.8719967088825447,0.02213791764510387,0.06629071623474536,0.0008377088705402346,0.9232959308352949,0.029468924525769415,0.4349481774980337,4.439124506253469,0.25387053861768166,0.2756940925723706
325,V5 | V13,0.3902430069417217,0.2741336378016157,0.15016586377772334,0.4550607565108853,0.16827620365621357,0.7395502491162746,0.04045529775674121,0.4267551459037514,0.010075809456347258,0.9714854388967602,0.10702661285917513,0.5057552336158707,3.092643040857546,0.6195529777283889,0.2756405072023618
326,V13 | V28,0.43282659335106854,0.2295778141293307,0.6098531528375202,0.053621821149590965,0.1897752429591529,0.8884718987768225,0.009885025462627048,0.07098623872028535,0.0008492817872041135,0.9906169912720906,0.033062740255135684,0.20417856783494692,6.790459266733703,0.20769228129460537,0.2742260752724137
327,V21 | V26,0.3890474513297008,0.3198357520036903,0.14744464235865723,0.23891678781290107,0.2731958419134401,0.9369881165237817,0.02676160961289502,0.28037435275679745,0.01001328112140413,0.9414497460491771,0.07656766780138498,0.6481179456116344,8.588894713482693,0.24571409363734195,0.27404087517231085
328,V19 | V23,0.49617885178845184,0.25909934686930647,0.2735349161337136,0.20250429523941257,0.18264765823349297,0.9202009645853595,0.02540540106464273,0.1913599902468538,0.0037918743223653833,0.8843972655987651,0.04414859437655049,0.5518525934473077,7.1439806321865245,0.2866807588888551,0.2734342075094017
329,V5 | V26,0.3262009051877565,0.2660399081896066,0.19843912730426833,0.44909394442327727,0.1811529259222519,0.7750829515177482,0.043394345433415644,0.371746784324454,0.010034826653130416,0.9567555743814485,0.08982254422789883,0.620734014991509,3.3021056679490273,0.5962114150135428,0.2722870141515317
330,V6 | V15,0.2944107297085172,0.2808694217254813,0.3160237971582134,0.24411025803716538,0.20007268494672648,0.7451640470292025,0.09387561934246615,0.47309421161262794,0.05349527425647507,0.932000160903051,0.05255331679157666,0.5383345722826837,1.1208380203024269,1.8091740820137756,0.2715834112637145
331,V22 | V28,0.41346634314534964,0.1999152544741432,0.6081197281936028,0.08126679721203013,0.1862466125568217,0.887649476177817,0.016108959399941395,0.06897359115875855,0.0008418160788671367,0.9457310144836097,0.03722171281889267,0.3406655193099505,5.956814473881469,0.2246879272456352,0.2701491286427205
332,V24 | V28,0.3384069202062283,0.24666610087055504,0.6561506078594626,0.054030468064667235,0.20021080017389262,0.8871825518528141,0.0158002911657578,0.06452452973773858,0.0008480800668538572,0.9315375190652229,0.03049234110492235,0.3282062049839546,4.950730136079797,0.20446996747752286,0.2691781273259104
333,V26 | V28,0.3687844915971033,0.22148408451732163,0.6277831179025072,0.040226315705776845,0.20265196522519124,0.8893342509092873,0.018956609217671505,0.06421561606197775,0.0008472292071081492,0.9685268941849449,0.029082748828935707,0.388761242706879,4.286365812930933,0.20843117847099724,0.26707581922535684
334,V15 | V21,0.4021985630619291,0.3019082377546017,0.07436624257331649,0.24490374595615352,0.2590652165404842,0.9366756077177211,0.0218756140647333,0.2981785188789739,0.010049051274242016,0.9537801170742658,0.09329984203354505,0.5219198993902068,10.288509041883264,0.25504959793597903,0.26606573842261344
335,V8 | V24,0.3109755882730151,0.24662556049324774,0.19588497083126713,0.40497602768827834,0.16553562782316045,0.9207923940879361,0.058780216353806085,0.10691327649050324,0.009324893026487006,0.964113134810254,0.04372671448302682,0.6646938714783738,3.02331957883226,0.9535860321124444,0.26319657228936977
336,V8 | V25,0.41156615521513507,0.21971301865700366,0.11802377569799535,0.41026742337484223,0.16062403567965358,0.9183315290401922,0.058834895997058836,0.10964042995207547,0.00914475758418214,0.8905424545959079,0.04222194504021265,0.6815973794948538,3.0858571195256967,0.9419703480380504,0.26240467554750446
337,V5 | V24,0.29582333379688147,0.29122192454284,0.2688618824054307,0.4552441731410102,0.17871176087095328,0.5670093539323565,0.04291444239308679,0.37409414268181407,0.010051788660349162,0.9662712240415481,0.09564705206962142,0.4515011803813274,2.5090634692390252,0.6998917718701521,0.2622114892074006
338,V15 | V28,0.38193560332933163,0.20355657026823304,0.6040503404255759,0.049101874468468636,0.1885213398522354,0.8863212406008096,0.01166528838895938,0.0677029597521815,0.0008490278617432033,0.9431087874093981,0.033978303776778615,0.2558702856238168,6.893019380431347,0.20596960364991557,0.26215762781492485
339,V5 | V15,0.3393520169199848,0.24811239394051804,0.13380821922140596,0.4530375270605968,0.16702230054929607,0.7236378317603691,0.03682702332505789,0.39911757561756545,0.010070727531321393,0.9397315788761611,0.11133774286685615,0.528367833845513,3.917514265314809,0.5394861025999975,0.26023568568102756
340,V8 | V26,0.3413531596638901,0.22144354414001433,0.11178677525840017,0.39817223036721755,0.1679767928744591,0.9233462323219972,0.0610143845212441,0.10643764240556766,0.00930994549780943,0.9890777505844255,0.041656910860136946,0.692528699681737,2.8666635992436857,0.9762975262334849,0.2555666186874045
341,V19 | V24,0.2581861436556607,0.2245310736012599,0.36167129059340675,0.15320869664137196,0.13068444414840405,0.4075837959425648,0.03530721760277977,0.7965615821576899,0.570164186150835,0.9182499759761927,0.11333494337565363,0.34460980589510276,2.1050644031386585,0.5633098450767727,0.2520370720705404
342,V20 | V23,0.4907705695565451,0.2782790682447161,0.11907230487373588,0.1646623441585435,0.1862410740348834,0.95144141393018,0.03829307140638346,0.13249526795589583,0.001677822663163952,0.7123639206073816,0.015594581899867796,0.7081378263303667,5.235619209586739,0.4424779105687553,0.25184120527394616
343,V8 | V22,0.3860350112121363,0.19987471409683594,0.046488483691582025,0.418679164742397,0.15157144020608954,0.9144999962642666,0.052876180550943834,0.11380846589601018,0.009215561351431317,0.9711507928035418,0.05389486230859242,0.6376850713944248,3.2194580791693244,0.8319634387331302,0.25073351692473056
344,V8 | V13,0.40539526141785537,0.22953727375202337,0.05252103749471462,0.4047732479656058,0.15510007060842076,0.9096898227441361,0.048247820958450614,0.11695557158512718,0.00934605652878258,0.7862340585313182,0.04755382418058378,0.5642204425633839,3.5394178884268737,0.7965586131690555,0.2506900948620579
345,V21 | V22,0.43372930287794714,0.29826692196051185,0.08748489246039605,0.2668871490303091,0.25679048924507053,0.9247029306482419,0.023063198093887294,0.30488965852324035,0.009906632881404656,0.0,0.10570750765780491,0.5922289768295332,10.943759855865219,0.2218213374483236,0.2489422697091225
346,V8 | V15,0.3545042713961183,0.20351602989092576,0.032094219544103894,0.4025359074521381,0.1538461675015032,0.9066792828881173,0.04755969860179248,0.11183061011991631,0.00934157954128458,0.9756202542506583,0.04893378252734776,0.582987039783503,3.6275514704418743,0.7633178127028868,0.24278272455104086
347,V15 | V19,0.30171482677876393,0.18142154299893798,0.25514011693911476,0.14916888795981642,0.11899498382674684,0.3139316913619175,0.05854559507537329,0.8882152872543663,0.617822233078735,0.919658916080686,0.13406698822384336,0.33380592407187176,1.122859178306241,1.0555965303983044,0.24136902251003825
348,V19 | V25,0.3587767105977808,0.19761853176501581,0.3093382085520632,0.16192513634111882,0.1257728520048972,0.35309432838580673,0.013575571770856993,0.845713743529628,0.30816627120753964,0.994976524876866,0.10783392291818131,0.37533088219311767,7.931323883054164,0.15306652781983984,0.24099545303060366
349,V13 | V19,0.352605816800501,0.20744278686003556,0.2676751956294633,0.15287346973953136,0.1202488869336644,0.1254012730371064,0.02188043955056967,0.999999999714016,0.6319635384492417,0.9911495396903957,0.12829847891485363,0.2458225373547942,3.448413299205085,0.39506428433791063,0.23931296574287889
350,V20 | V25,0.35336842836587423,0.2167982531404255,0.16880037965706401,0.12075570113164563,0.12936626780628765,0.8787243038489153,0.03141524138277876,0.43136918933838136,0.007153269281304208,0.9340814014543938,0.034172835508592875,0.5732414912464806,4.725500113357409,0.37648044447085494,0.23538577020351598
351,V20 | V24,0.25277786142375397,0.2437107949766696,0.23894659125962264,0.11128560097573569,0.13427785994979452,0.8739652097116218,0.03053396239850855,0.4152058407079587,0.007273485823584424,0.939393795460053,0.03536283620420852,0.52206141548537,4.385572184470727,0.3927260751346514,0.23188602375331804
352,V13 | V20,0.3471975345685942,0.22662250823544525,0.11078189684728453,0.11092110339224373,0.12384230273505481,0.872657475879387,0.025027301027601506,0.47774013808406807,0.007287562602043112,0.8513144054780084,0.038365444176642324,0.39806355831950146,5.244797189376804,0.3928681611603736,0.22703059346371243
353,V20 | V22,0.32783728436287524,0.19695994858025775,0.10548836463285234,0.13565076416010446,0.1203136723327236,0.880163133813134,0.02957635481659595,0.4572269196053727,0.007200607103869314,0.9495594290769105,0.04326602776783212,0.5054070757109517,4.8012339832080855,0.39670329644425373,0.22552459241274192
354,V20 | V26,0.28315543281462896,0.21852877862343617,0.1632349618578986,0.09899073075096128,0.13671902500109315,0.8887373447139802,0.03440518668766771,0.4124451278204859,0.007263537617570411,0.9309173936712016,0.03372461115714029,0.5894640720187632,4.217206391151795,0.42436321546450295,0.2248836299142875
355,V19 | V22,0.33324556659478205,0.17778022720484812,0.2639503440986769,0.17566104570391372,0.11672025653133315,0.09317613940461543,0.008333477937254006,0.9291710163112566,0.37705504957786246,0.9821447686270117,0.1566745402071299,0.24599322440226057,7.332574834349127,0.13213308954041353,0.21621262162648838
356,V15 | V20,0.29630654454685723,0.20060126437434758,0.09289305027030573,0.10689162985116188,0.12258839962813732,0.8729115777851839,0.0264507615118721,0.44477692070720665,0.007284585582732338,0.8601664912582206,0.039439760422359464,0.43437165441177994,5.185461761038428,0.3936445109468872,0.21397988867964216
357,V19 | V26,0.2885637150465358,0.1993490572480265,0.30527634397890574,0.141912041612851,0.13312560919970273,0.0,0.013623442760037264,0.7883841008160289,0.5331983698961626,0.9773185486404963,0.10582008129468794,0.13311937754947853,3.1066946382518097,0.26503749118796927,0.20758027829516254
358,V23 | V24,0.20761513674191606,0.12442865026678032,0.18554191986438728,0.08358594815483626,0.077616862023817,0.9432590118126581,0.025182324837876413,0.17544048041154184,0.003805861302304095,0.856842336711316,0.061684533734347104,0.5884941167357902,7.786346954451005,0.2529639854750711,0.1908413081613945
359,V13 | V23,0.3020348098867563,0.10734036352555597,0.038221012077574786,0.08320072139462104,0.06718130480907733,0.9355018762702123,0.018341001285744743,0.19303543646352325,0.0038112360197356076,0.9970355502894703,0.06764088072850359,0.44957222790952783,9.61815190905791,0.22590537636675795,0.18700859028720201
360,V23 | V26,0.2379927081327911,0.09924663391354686,0.09928127427166288,0.07058298320770545,0.08005802707511565,0.9323818208159452,0.025568642121402214,0.1746197365207183,0.003802059093570572,0.9973269191920344,0.05852364352595624,0.6268416463897879,7.771244410694963,0.22490184163752697,0.18379722020824113
361,V23 | V25,0.30820570368403605,0.09751610843053622,0.10569332048690441,0.09358907086029927,0.07270526988031022,0.9316261907638953,0.0258071729767232,0.18016817700685647,0.003759700302207687,0.37121561614333015,0.05938239238397573,0.630339445785595,8.762539030212466,0.2394522718498048,0.17940468893959993
362,V24 | V26,0.0,0.06467836064550034,0.22387510606140246,0.005433381677621167,0.028094812990026762,0.5273082032752348,0.05289484147444285,0.6609297314305204,0.7004648403034083,0.992766134948453,0.17753463426982755,0.39500678260183675,0.9748196628485706,0.8057699337666205,0.17676804702599364
363,V22 | V23,0.2826745596810374,0.07767780387036846,0.03199171309137752,0.1093012740545631,0.06365267440674612,0.9386231712102341,0.024905700131809885,0.1874661663327114,0.0037779330685568306,0.6465290894420952,0.07784213936153418,0.5707293698671191,7.879579476049759,0.26441849697142195,0.17502626218197592
364,V15 | V23,0.25114381986501927,0.08131911966445832,0.017116806031579904,0.07894102405926226,0.06592740170215977,0.9343493671420436,0.020523703748677086,0.18399206041023006,0.003810099881169878,0.9530841728325,0.06982502678050452,0.4912992137739421,9.619737612079014,0.2434123563659721,0.17335937364324655
365,V13 | V24,0.06404210175396524,0.07277209025750943,0.17840229451849066,0.01977861180196512,0.015218090723988428,0.24141604854838483,0.03569659256851552,0.8118065698264698,0.881064350637739,0.9933574499685905,0.23462258511982267,0.26352238177567344,1.759335014855396,0.6146099344571404,0.17124392033524063
366,V24 | V25,0.07021299555124523,0.06294783516248968,0.22874069289379587,0.031552619326857455,0.020742055795221245,0.4959660653897432,0.04658503020388178,0.7027884986072739,0.3577894155363518,0.9985228359081793,0.1822458836117966,0.4089832062102978,1.2924105514657391,0.6907524354245546,0.17119736997407467
367,V13 | V15,0.10757078487706846,0.029662559655187364,0.0066863117263490975,0.014499417703921087,0.0035286304023312088,0.2729088276956027,0.05919442523807348,0.9067252300354612,0.9999999999283344,0.9789731144752554,0.3143849232480429,0.31543149902849893,1.2100483867507412,1.1101586891170057,0.16870771516743757
368,V22 | V24,0.04468185154824625,0.043109530602321915,0.17385318044842188,0.04929980425517349,0.011689460321657146,0.4077326330680573,0.054614346059107935,0.7624025342447651,0.45392054186940684,0.978698623553759,0.32408204222774706,0.3585549136667898,1.0869731490709416,0.9160869736826645,0.16445978415818366
369,V13 | V26,0.09441967314484022,0.047590073904275984,0.0906133216634762,0.004983088822536527,0.017659255775287017,0.2698890522924659,0.06629805646971068,0.8033534202870487,0.7959794565026959,0.9946127703357245,0.21025767245205465,0.4218574092503038,0.8538124683723647,1.1095145540886422,0.16294093553422523
370,V13 | V22,0.13910152469308648,0.02602124386109757,0.021905235061214536,0.0488872786452487,0.0012539031069174781,0.26921189230003456,0.0619109103090376,0.9492442084264929,0.49231005238043696,0.99028784442158,0.4306406972161582,0.3569865133155594,1.0587742234195359,1.1090587423387999,0.15950472623547274
371,V15 | V26,0.04352868312310323,0.021568830043178413,0.07188451671966006,0.0,0.016405352668369542,0.33223485069927394,0.06468412551074934,0.7262577293053148,0.7737003221397839,0.9765332860342281,0.2237317537278092,0.4206824578491289,0.876557996360628,1.0734395540608248,0.151233155313077
372,V15 | V22,0.08821053467134947,0.0,0.0,0.044324216920692786,0.0,0.35208649013330046,0.061340289995007284,0.8469675396281331,0.483671809585685,0.9978504440716214,0.4825949939006805,0.3548557069051159,1.0865775082106581,1.1021800007482943,0.15047185563520227
373,V15 | V24,0.013151111732228243,0.046750846396411784,0.16305971345196896,0.014941241424144158,0.013964187617070876,0.13060601950417966,0.03142730509788347,0.733340370510782,0.8538606273146819,0.966709012401013,0.2510464269448852,0.2149179099544448,1.8659061472859666,0.56085878419268,0.14441979318189635
374,V13 | V25,0.16463266869608523,0.045859548421265335,0.0971495512025846,0.03112521158172019,0.010306498580481504,0.10394878611324596,0.038835078227232374,0.8626696111311016,0.3812740109038562,0.9960524022335868,0.2165847615924144,0.29329909736365534,1.4526870583210496,0.624674973704883,0.140834028687751
375,V22 | V26,0.07505942293912123,0.017927514249088547,0.08507487725634827,0.03536284426827126,0.01413062537295581,0.27816929529770446,0.03553985274360102,0.7548262884626481,0.4301409481357203,0.9415994728062633,0.281856231566587,0.27724625438584516,1.3943251747815342,0.5413854246939482,0.1376449202785334
376,V15 | V25,0.11374167867434817,0.01983830456016769,0.07869728003435218,0.02639668453099405,0.009052595473564027,0.22238548470747388,0.046491614873009166,0.7757252961072562,0.37606139024636925,0.9844530974972351,0.23079521039384696,0.353778828209343,1.25210526750163,0.7356153781075361,0.13566011951574544
377,V25 | V26,0.10059056694212022,0.03776581880925624,0.15112731907161453,0.01710577335037012,0.023183220846519838,0.22325544101596273,0.02697058420628352,0.6962069831884763,0.3428191016293706,0.9221906509212657,0.1662493347436151,0.2505341781131201,1.7450139266859603,0.38895807644255803,0.13337965858678347
378,V22 | V25,0.14527241849036646,0.016196988766077825,0.09169170170313526,0.06000398202761996,0.006777868178150371,0.07831160551701759,0.03299621253608257,0.8078328826510475,0.27052137989478064,0.9581682607382742,0.2925765199088769,0.2839094654230807,1.48986866007852,0.48173614649204827,0.12742839692330588
