Posicao_Rank,Features,Curva ROC,KS,divergencia_kl,Wasser,inf_mutua,Overlap_GMM,Geo_Score,Skewness_Score,Kurtosis_Score,Corr_Score,Outlier_Score,Silhouette,Davies_Bouldin,Dist_Centroides,Score_Final
1,V10 | V11 | V14,0.9764721431216635,0.9874682039956039,0.9094976836405789,0.8925560841278729,0.9603285909897341,0.9091825904597575,0.06361085216486594,0.4533070745142626,0.06560006763666563,0.8459207164723086,0.1613852250679831,0.5443824605152748,3.1105377078367016,1.1561884183256081,0.6504195201452845
2,V10 | V14 | V17,0.9999999997347777,0.9825643214318969,0.8272913814098101,0.9706830949725803,0.9471486637677538,0.9306264962703988,0.07739652183061252,0.24883928078291626,0.024430218456292944,0.7394465404692843,0.11532737813800223,0.6026015416707267,2.785491369099606,1.454220570970096,0.6399467720381545
3,V10 | V14 | V16,0.9795020429631496,0.9561574568658707,0.9007692117992038,0.9020481154460924,0.9252923688795254,0.90978141449673,0.0636620494905898,0.39323217936475974,0.05699001089258293,0.8488356905654311,0.11126057737378937,0.5740968710594021,3.031767057234405,1.1231216073721868,0.639773000120203
4,V10 | V12 | V14,0.9840621955279906,0.999999999727761,0.8811375760937349,0.9527023715659825,0.9800357941272773,0.7921691452450677,0.06155743904303862,0.31980098864923556,0.04962752576829613,0.8197458617084291,0.08087913769312735,0.44502125207057297,2.6032614540473022,1.1651243359192334,0.6383407639673115
5,V3 | V10 | V11,0.9180409207009311,0.9248308780549214,0.8215730201153215,0.8941512162509099,0.8753661805869811,0.9602291003987287,0.13638985242477134,0.4320826784766371,0.06265791215040055,0.8702592072729988,0.3317701706813826,0.6140247216356589,1.688181359710708,2.948871367876171,0.6365803603890177
6,V11 | V12 | V14,0.9718603460075703,0.9782935484435973,0.9596103995402182,0.9074636700705568,0.9643141832680435,0.782124414018771,0.06342987625345038,0.3692493346321793,0.08196019947643697,0.6700448451758168,0.1197369234601103,0.4280986970957698,2.242806373556742,1.2024234478656635,0.6365541520486411
7,V4 | V14 | V17,0.9823897316596812,0.9655106564552699,0.8270646573803726,0.9447819444267078,0.967112869367701,0.909702056460831,0.09300270468252438,0.2694132139252404,0.030742942721538963,0.7424695185156654,0.10677237423440433,0.5184782568589068,2.1581997490941878,1.912819398786238,0.6358891363761224
8,V10 | V11 | V16,0.9398377018116163,0.9170998369288892,0.9543023715085464,0.8139432436781604,0.8584694599633088,0.9251134505525443,0.080451641941624,0.5464143752760938,0.0850304370034474,0.8724549565330907,0.2310089135792384,0.585620717675644,2.244675320167547,1.5107508956985127,0.6358478560888137
9,V3 | V10 | V14,0.9577052618524642,0.9638884979919029,0.7487241277552631,0.9702417781052568,0.9421890895031977,0.9310476542127135,0.11470722316403276,0.32186357263530363,0.045753129767422664,0.8326324218132348,0.14077737943742938,0.5706706058445322,1.942062417923496,2.4311454650652533,0.6357056989624665
10,V12 | V14 | V17,0.9953882026206842,0.9733896658798904,0.8865725296050154,0.9834808350574881,0.9511342560460632,0.8484447891334905,0.07746773565476248,0.21122267467314695,0.026643041126284392,0.6514694233846933,0.08846984692315554,0.4813067665725967,1.9947485250938626,1.5077122183481622,0.6346903002961866
11,V10 | V11 | V17,0.9603356585832445,0.9435067014949151,0.8894675904014246,0.8946642592915527,0.8803257548515373,0.9485314830415947,0.07139662375525692,0.32370812525668047,0.02895570290543971,0.7913795108676719,0.2433166764473964,0.5871567416804329,3.2789866952961,1.335989860536871,0.6317858424868045
12,V4 | V10 | V14,0.9710637245669874,0.9921209903031404,0.820876587518638,0.9114696908870733,0.996014407448915,0.779068395404638,0.04969895988282328,0.4259038078538305,0.06449427748602046,0.8967012999837053,0.09717347367593984,0.4641160732457912,3.972655983411444,0.8980385205865619,0.6315521348004691
13,V11 | V14 | V17,0.9877981502143572,0.9608578701477333,0.914610458508682,0.9270970554747664,0.9314270529085202,0.8303130357040409,0.0635858443480636,0.2834555345121455,0.031011357020196872,0.6786110005545937,0.18140041933081602,0.4483786301314398,2.4053771820144094,1.2011320462835298,0.6306266544269299
14,V12 | V14 | V16,0.9748902458490561,0.9469828013138645,0.9517878250063277,0.9166821088777487,0.9292779611578348,0.7961944373909958,0.06652614721391141,0.3244749771270871,0.06909463126318821,0.7559346509288042,0.08557909095037447,0.4438847115386135,2.1964237465130245,1.2668687016571574,0.6304855028921941
15,V3 | V11 | V17,0.9293669277936252,0.8982205442070508,0.8277518200578329,0.9285868913641596,0.8464646425057669,0.9502409051508396,0.13943037923224794,0.2726128597260182,0.030287132575553127,0.8670595063377746,0.4010334223895147,0.5522615094507983,1.2210469060555376,3.0155761768867806,0.6290427424221503
16,V3 | V14 | V17,0.9690312689451583,0.9372781641440324,0.755951346142315,0.9999999997283411,0.9132875514219837,0.9079979509518652,0.11199430231589283,0.21241573703958008,0.025398096219643534,0.7280468148904666,0.1570034766756011,0.5361640988794006,1.5862323060925454,2.344668164730555,0.6248599772412277
17,V4 | V12 | V14,0.966451927452894,0.9829463347511341,0.8809358284111197,0.9258370178600911,0.9999999997272241,0.6958284827194444,0.054069743056830995,0.3489889036504657,0.08026405283260475,0.7543643920420539,0.075392736529213,0.3706972202588593,3.0093837060695017,1.062715672942181,0.6246207304953553
18,V4 | V11 | V17,0.9427253905081479,0.9264530365182883,0.8892694527189141,0.8644272711999038,0.9002899604514844,0.8274360238142275,0.08909601487257504,0.35341675627841235,0.037945687413242016,0.8914323092413605,0.21792480788593488,0.4549139773829433,1.5883223411756093,1.7997921078972046,0.6215698878801075
19,V3 | V10 | V16,0.921070820542417,0.8935201309251882,0.8109912722725572,0.9036135926255761,0.8403299584767725,0.9440426556636418,0.12270825518311346,0.37606155368488176,0.05473426230534778,0.8608383867941715,0.19601525655408117,0.6037236532355776,1.7723581604030114,2.5961739884671715,0.6202882779267612
20,V4 | V10 | V11,0.9313993834154541,0.9530633703661588,0.883866356924204,0.825140796945508,0.9291914985326982,0.7096464376861675,0.0438856484887945,0.6018047655120619,0.10234666162552987,0.9442781847218562,0.19156760454002042,0.3840180099669873,4.000733257024742,0.8202283981447505,0.6200929132139068
21,V3 | V12 | V14,0.9530934647383709,0.9547138424398965,0.8182173982300585,0.9830505657636815,0.946174681781507,0.7585034926659873,0.06490638497787471,0.26952570895347994,0.0534084884686708,0.8085962402003531,0.10607228677831769,0.3888322032732818,2.6527845937753565,1.3166945568603918,0.6183432765502502
22,V11 | V12 | V17,0.9557238614691513,0.9343320459429089,0.9416821794069036,0.9095106483636735,0.8843113471298466,0.8080716502700411,0.08055569695835378,0.2709707061651519,0.032024034336338325,0.6075633015356491,0.16941011510568205,0.426082070204221,1.528905978314088,1.5859055603714083,0.6180161294645948
23,V3 | V11 | V14,0.9455034123320444,0.9421820467077395,0.8505783828705341,0.9266159398352731,0.9264674786439638,0.7475330599661747,0.07129807981457814,0.3717866957129734,0.07221250584919071,0.7223247838181318,0.23362716506561088,0.4134840911445121,2.2212574360273063,1.4302290130372202,0.6180036452142306
24,V3 | V10 | V17,0.941568777314045,0.9199269954912143,0.7200815644047086,0.9720499092765401,0.8621862533650008,0.9517702532824864,0.12212234012650176,0.2396989249159879,0.02396184006544454,0.7927074669610549,0.20543740136407562,0.5851103703459816,1.881627663893012,2.6124357973610013,0.617241339750963
25,V4 | V11 | V14,0.9588618750465671,0.9704145390189771,0.9093079642008087,0.8621887303676858,0.9802927965896813,0.5655721959960246,0.04353168369383373,0.5031151012016007,0.12959005345781682,0.7843637478391126,0.14773463876222956,0.34153090532302005,3.191160212375352,0.8144051912624486,0.6159985395625758
26,V14 | V16 | V17,0.9908280500558432,0.9295471230180004,0.9059790673924588,0.935967061229499,0.8963908307983115,0.8050180387959179,0.0603948289309281,0.2521616078355842,0.028795624956195608,0.5621221316627559,0.12279844716642598,0.4642562213164156,2.4015472967864584,1.0976258278716162,0.615688411762426
27,V10 | V11 | V12,0.9443978543764575,0.9609423797907791,0.9368622507251531,0.8737012479643995,0.9132128852110606,0.6785789015820972,0.06040930717224924,0.4289067514829434,0.0699439788746281,0.6744538338718407,0.15130267787615445,0.3583212652740871,2.1686603009724825,1.1823499426031292,0.614524404102909
28,V10 | V16 | V17,0.9633655584247304,0.9121959543651822,0.8803480503938337,0.904117117255073,0.8452895327413287,0.9238354218614262,0.058236673800751586,0.2863643871920463,0.026996920974794218,0.6371972810569142,0.15559057791675263,0.589953617841841,4.066066920919682,1.0094789155636352,0.6136813757790556
29,V3 | V14 | V16,0.9485333121735303,0.9108712995780064,0.8406482844577853,0.9354943258504629,0.8914312565337552,0.8009569421096533,0.08018609976824598,0.3265803259930337,0.06197041850577908,0.7505973242582247,0.15072716470979888,0.4647561401107094,2.0102202096899746,1.6003465573002311,0.6132156361325171
30,V7 | V12 | V14,0.9467885007741371,0.9353118693369559,0.7898120780729466,0.9506009581971671,0.9098761447479815,0.8547690100869095,0.06600472626554664,0.256629225528887,0.006769353451144569,0.8756341296079961,0.08280321937018625,0.4791070893822418,2.789625881765388,1.2663529278382837,0.6123952374262913
31,V7 | V10 | V14,0.95140029788823,0.9444865248889622,0.7155323528270418,0.9369305354004877,0.9058905524696722,0.9494225781237066,0.059749422465093176,0.3054765045255232,0.00653985767233102,0.7783120223447675,0.10738441569313634,0.6363769826193438,5.402862184221041,1.045652106377756,0.61214664438179
32,V4 | V10 | V12,0.9389894358217811,0.965595166098316,0.853832574429051,0.8933205352794996,0.9488987016702413,0.704468336206069,0.05639799630917641,0.40368278235950517,0.06869349149078634,0.7226455359234639,0.09213400855673065,0.34875216394555947,2.9431570493996717,1.144166758082928,0.6110185104343573
33,V7 | V11 | V14,0.9391984483678097,0.922780073604799,0.8241530351517069,0.8901882635692145,0.8901689416104385,0.8987458852190715,0.03914316581602632,0.3516965327266314,0.007158328200544503,0.8265768822048104,0.16633055288209458,0.5445861939080117,6.820198820580188,0.6020147415122651,0.6108706780677602
34,V11 | V14 | V16,0.9673001934427296,0.9344510055817074,0.9762265431876175,0.8517914229002328,0.9095707580202916,0.6175668320147999,0.027535640760816105,0.4611561487710266,0.10322054383082692,0.7141060357546538,0.17361645128280884,0.3564761435260027,5.825341796965053,0.45393386080227505,0.6106371281121877
35,V10 | V12 | V17,0.9679257109895714,0.9560384972270722,0.8598080631419976,0.9545742839365583,0.9000329579890803,0.7590696173998845,0.06739992978752965,0.23831115772969094,0.025078444063803794,0.5726046406964382,0.10903109777676798,0.42890368767730075,2.042168078358296,1.289890873738562,0.6096848077933071
36,V10 | V14 | V18,0.9006592886686098,0.8737201937624025,0.8786752579412311,0.8524119242248308,0.8210774612060374,0.9107117067608096,0.06779428050762691,0.462122367316119,0.0645563677446786,0.9335330206671374,0.11471331663921039,0.5728327056457889,2.7985988876792374,1.2222082550992737,0.6094836266848811
37,V3 | V4 | V14,0.9400949937773679,0.9468348330152763,0.7484553082479207,0.9443173925445484,0.9621532951031446,0.7359182513793335,0.06983124464116733,0.3513257643654998,0.07088298111530221,0.7618376084205775,0.12954467072332487,0.4144931802829781,2.4890340113198777,1.4129165721734787,0.608305455711886
38,V3 | V4 | V17,0.923958509238949,0.9028733305145874,0.7197955250579551,0.9462205850703784,0.8821504589649477,0.8854853813770028,0.10730101999062139,0.2592781678798536,0.03003021579668678,0.8835224205752821,0.18588868767322145,0.4887808933717752,1.7689180363284618,2.289166176745578,0.6072380055321706
39,V3 | V11 | V16,0.9088689710219968,0.8718136796410247,0.9011619020637633,0.8535204215830804,0.8246083476175387,0.773227502731818,0.06994018295544102,0.43937157514841435,0.09628192290060547,0.8612963112748047,0.37283116612555867,0.44796943594500765,1.8800918336639174,1.3218217205330467,0.606692840726914
40,V10 | V11 | V18,0.8609949475170761,0.834662573825421,0.9346806916014234,0.7542667193645334,0.7542545522898209,0.9339302732746778,0.08034491589339071,0.665627523690891,0.10249913683902351,0.8738581022764613,0.24142975514137854,0.5909469205566901,2.0597419805247945,1.4838772450589903,0.6056851137176529
41,V9 | V10 | V11,0.8622536877109425,0.8675029220041901,0.8804602884271795,0.7632946812391335,0.7915267488314736,0.9393922924308274,0.09699611395849529,0.6193663094666441,0.09950468729128863,0.7065858818351112,0.22948820877802678,0.5957388850126081,1.8059458407967701,1.905058221637475,0.6043025084706898
42,V4 | V7 | V14,0.9337900298131335,0.9274328599123356,0.7152434787351525,0.9091891044300185,0.9258547580696193,0.8967868680429026,0.05998291315849049,0.33279713685231743,0.007136545327358629,0.8229641796405646,0.09959423951447464,0.5326923218830573,4.276181870118795,1.1223736321349094,0.6043015755551561
43,V7 | V14 | V17,0.9627263049809239,0.9178761910410917,0.7232940618238372,0.968655331422918,0.8769890143884582,0.9221517885921897,0.06543033368468311,0.20286495223512388,0.0054861954069432145,0.6949839443866912,0.1183698004212051,0.5895027239397307,3.5987470790951965,1.1866711441989293,0.6038725551901155
44,V7 | V10 | V11,0.9117359567366969,0.9054289049519807,0.7933799284835817,0.8552093164227301,0.8390676435534556,0.9454901365189894,0.05710551121839664,0.40703988753352116,0.006984800601539261,0.7994318173836941,0.21967926802852694,0.6151584608481364,5.250193881691308,0.9907251157899055,0.60346749429218
45,V11 | V16 | V17,0.9511637089043102,0.8904895030810186,0.9589444311833262,0.8540764228744442,0.8295679218820947,0.767121120159797,0.05327960708106958,0.3284632895755564,0.035093677223866554,0.6871273036179598,0.2671301315881605,0.39833016006374605,2.314504885877724,0.9611773443480003,0.603435258054459
46,V3 | V10 | V12,0.9256309731072582,0.9373626737870783,0.7870321333879151,0.95411865692874,0.895073383724524,0.7516015290878206,0.06640139086293817,0.3070190332477112,0.04788896311370139,0.7648973706538869,0.1324939115191749,0.37586069344153916,2.4451722272576126,1.3540680894508588,0.6027002291368623
47,V4 | V14 | V16,0.961891774888053,0.9391037918892442,0.9005758688569534,0.8722632034427417,0.9452565744794725,0.5650287374579913,0.033116011045353826,0.43303357151814076,0.1005739862739105,0.7809759577320694,0.10310141559911357,0.3553215864311605,4.539873862713815,0.5737563175759315,0.6025661558231323
48,V9 | V10 | V14,0.9019180288624755,0.9065605419411716,0.8169702371940593,0.8598570514662549,0.8583496577476901,0.8839857791928432,0.06397376442344081,0.43601851673831793,0.063324885581212,0.7314972603021878,0.110747839368849,0.5468005519451737,3.1294016191040903,1.164810012849241,0.6020683687709363
49,V2 | V11 | V14,0.925268089875829,0.9104575038369449,0.8387665496252473,0.836951401465923,0.8813595790824825,0.9160062390856143,0.0610213323505305,0.25078636432008355,0.030750427076618007,0.7935874462137701,0.130867685219917,0.5954044962332421,4.914018980817875,1.108511186555085,0.6019054857272207
50,V12 | V14 | V18,0.8960474915545162,0.8645455382103961,0.9320566055233352,0.8685333964789209,0.8250630534843467,0.8065897921823908,0.0707649689339384,0.37570954558300085,0.08035894031598578,0.8835126482511143,0.08803477143463037,0.44395993714686405,2.0253163342268534,1.3650624523567307,0.6018377841315337
51,V3 | V16 | V17,0.9323968276351111,0.8669097970773176,0.8173124207134173,0.9374309962761744,0.8114284203955583,0.8796607570138635,0.09637339947835077,0.2428640204196825,0.0281636128689766,0.7382348428739874,0.22338856006109123,0.49579230929602586,1.666981788436741,1.9693993015321603,0.6016693374563137
52,V9 | V12 | V14,0.8973062317483824,0.8973858863891653,0.8775079794668148,0.875746274020941,0.8623352500259994,0.7976125794544039,0.07003860295937424,0.3564987437499579,0.07848471214528407,0.8488784469147869,0.08521305939968148,0.4516734809899102,2.210342006752822,1.3565280531669044,0.6015553384471082
53,V2 | V12 | V14,0.9328581422821559,0.922989299569102,0.8055355846177534,0.903654763534311,0.9010667822200257,0.8596626315822437,0.061005180746242935,0.18856530370730196,0.026445846569326432,0.8433376220309653,0.06823495471363597,0.4843430888133694,3.6706633631753913,1.1741181294965064,0.6015034066386419
54,V10 | V12 | V16,0.9474277542179432,0.9296316326610463,0.9286408422921778,0.88355086051393,0.8781766631008517,0.636036120141165,0.0579221330246083,0.3734812657523416,0.0602755390011083,0.7226502787059076,0.10525755039005724,0.3518871206781951,2.1897582390432966,1.122828787128378,0.6013672679645901
55,V3 | V4 | V10,0.9126325021462547,0.9294836643624577,0.7119742429291985,0.9130062776259957,0.9110519970461619,0.7952908503859792,0.06287986003113015,0.4065799317955331,0.06164515327759902,0.8736441870608308,0.1651369671179813,0.449680469286572,3.345679038596619,1.2440558797055123,0.6011406569904246
56,V3 | V12 | V17,0.9369569801999521,0.9107523399392077,0.7936877352318091,0.9848134932838017,0.8661718456433101,0.7845434193598526,0.075965904525757,0.2037710465965265,0.026094716756361967,0.7607309473126421,0.14731756098865967,0.39870776525879353,1.9918066199884552,1.5488966243216644,0.6009378311835639
57,V3 | V11 | V12,0.9134291235868379,0.9156562225029148,0.8815473255468079,0.9090124752925389,0.8793517728652904,0.6784430817379449,0.05997636008336779,0.3535809293865764,0.07747639268070977,0.7503839334126855,0.21592923119148813,0.3603779450943073,2.225353932501967,1.173996235478483,0.6004093454095955
58,V4 | V12 | V17,0.9503154429144748,0.9389848322504455,0.8595967690871315,0.9278110056949281,0.9199971635890274,0.6822350014609517,0.060319632670382727,0.25774164406065425,0.031739124670297485,0.6688329380369477,0.10108515973116035,0.3634346914687012,2.4392108134269224,1.1996096596313781,0.600146224061225
59,V4 | V7 | V11,0.8941256886616002,0.8883752399753538,0.7931359107503554,0.8224339215626044,0.8590318491534026,0.8935315986792405,0.07347115621226491,0.44903447227904086,0.007645269882262298,0.9411137950067985,0.19801591969647703,0.5291487648684234,2.9118594853000843,1.4288190087661865,0.5999954231106898
60,V4 | V11 | V12,0.9267875863013608,0.9438887148141526,0.9366834568727568,0.8421418666701214,0.9331770908110076,0.531834361909493,0.04428938892316466,0.4745045240189722,0.14702953157978918,0.7061021845327727,0.138862671904779,0.305106966531572,3.2654848370987457,0.8757154803421798,0.5999879445655784
61,V4 | V10 | V16,0.9344292832569401,0.9217526232364258,0.8746343253012442,0.8359739379727498,0.8941552764224896,0.6337835533855941,0.04214888331320465,0.5099106615587439,0.08320977486527734,0.9031970336958927,0.12847447134961634,0.32940514613331595,3.7916143580842663,0.8186005656877908,0.5994729685850625
62,V7 | V14 | V16,0.9422283482092956,0.8914693264750658,0.8136309634475921,0.8997244846497009,0.8551327195002298,0.899848926799644,0.04075208406115814,0.309858920486456,0.006970612081615194,0.7491908259939202,0.11415746144438654,0.5643276814634145,6.2038245220943455,0.6153479639263415,0.5994267784007217
63,V7 | V11 | V12,0.9071241596226036,0.8962542493999743,0.8568839299401847,0.871243135177364,0.8430532358317648,0.8445490526182775,0.07021274550819798,0.33488316989288935,0.007238296669689276,0.8009148323994906,0.15579126164503915,0.4604911716909846,2.2846739600030843,1.3595235283522698,0.5987626127459135
64,V2 | V10 | V14,0.9374699393962495,0.9321639551211083,0.7339478329478103,0.8886326235336264,0.8970811899417164,0.9254992494159571,0.05957799053442345,0.22117929176723106,0.02426193122763187,0.7497129283070773,0.087495598996542,0.6240061267551577,5.73728706445526,1.0610854815321422,0.598714729077457
65,V3 | V7 | V11,0.8807672259470776,0.8601427476641164,0.7161188882141317,0.8917908802166002,0.8052065312076854,0.9655628381722178,0.11607934723512132,0.3370853329228231,0.0070989697593274986,0.8928411999371613,0.34791996283023874,0.6186925735948017,2.4968505702468122,2.4745872937366626,0.5985573066143655
66,V3 | V9 | V11,0.8312849569213228,0.8222167647163257,0.8174410850490365,0.8068716171268585,0.7576656364857032,0.9498589612685692,0.12670222710324433,0.49032903599613614,0.11512823561366714,0.9062865077990903,0.3694304319134598,0.6022908835185005,1.453974002960904,2.6600730601580134,0.5979899299809649
67,V7 | V11 | V17,0.923061963829391,0.8788185711041101,0.7999452455550947,0.892306325464471,0.8101661054722415,0.9478525702601615,0.051778495028966844,0.25952169662258756,0.005829390547563959,0.8174896454131618,0.25282007937182643,0.5935787808824501,5.6021336907434875,0.8751001504757662,0.5977828156570437
68,V3 | V7 | V14,0.9204315670986104,0.8992003676010979,0.6225507486642122,0.9682122382417038,0.872029440123902,0.9309949022200464,0.10511550999483608,0.258157027710785,0.006643291815169022,0.7846416838493143,0.14481325325352878,0.5669360458624957,2.2805096821629682,2.2075422928799755,0.5965585786673882
69,V12 | V16 | V17,0.9587537613106373,0.9030212988131759,0.9335469553036171,0.9186921351547128,0.8492751250196379,0.7063852727521431,0.06546966623755467,0.2414527170537932,0.02967630462689558,0.536355903384756,0.11594592285109641,0.3994500503760612,1.8400552113807227,1.2431445568538808,0.5964575290666121
70,V2 | V14 | V17,0.9487959464889433,0.9055536212732377,0.7414083305258886,0.9234339115820379,0.8681796518605022,0.9148576930003087,0.06472610288993073,0.15098872661603055,0.01658791827779514,0.7912385919530733,0.09587171041139551,0.6008535696187,4.45619322154443,1.1902269160065864,0.5962934056597987
71,V11 | V12 | V16,0.9352259046975233,0.9079251813768829,0.9999999997339144,0.8313189942270405,0.8624550522416182,0.5482099769725058,0.04767332598593213,0.43611363194291247,0.1140963362505953,0.683714824649032,0.16238672983034863,0.33231851899672993,2.424872564141375,0.883538036062577,0.5946984274172652
72,V7 | V11 | V16,0.9025640070577626,0.8524117065380842,0.877551607492686,0.8111755135144909,0.7883098105840132,0.921051352147719,0.03669512999378212,0.4136948217961601,0.007461148518972196,0.8433828225896627,0.23973055519269915,0.5789758895941337,9.351488396838635,0.5319225872517436,0.5927842307453633
73,V9 | V11 | V14,0.8897161793420553,0.8848540906570083,0.9060852419154678,0.804974988241244,0.8426280468884563,0.6803783232607494,0.04770667763589067,0.5162420662118893,0.12510750648837948,0.8262989395696717,0.17264529174144574,0.3673092185503764,2.8680121047008273,0.8829106871470033,0.590974354025976
74,V4 | V16 | V17,0.9457552903496338,0.8951422893885554,0.880145957157815,0.8744576269921972,0.8652537383412756,0.6900766484602969,0.050761778029573434,0.31129534871601827,0.03475578861624112,0.7309473152304373,0.14264217448710506,0.3994821096940543,2.893104405424233,0.9359838186066943,0.5905597262478933
75,V2 | V14 | V16,0.9282979897173149,0.879146756707212,0.8285761246737564,0.8475367408387428,0.8463233569722739,0.8907926737958693,0.05800172025033961,0.2240375921763595,0.028568128784569997,0.7681776131966447,0.09267639861106935,0.5854544960443807,4.797479321312797,1.032453340761858,0.5900061381681493
76,V2 | V4 | V14,0.9198596713211525,0.9151102901444815,0.7336702635521694,0.858021106069255,0.9170453955416634,0.8866924120400779,0.061307655568018773,0.23882240245546735,0.030486183975338244,0.71848271446421,0.0814702132090792,0.5465245083930608,4.6673670359017665,1.157865214523336,0.5899042574429626
77,V2 | V10 | V11,0.8978055982447162,0.8931063351841266,0.8089843574982247,0.7979298251934389,0.8302582810254998,0.9235934853400067,0.07638844307243105,0.2847355447183364,0.028725867498214874,0.7874941565730205,0.16702509008815242,0.6176669828546438,3.9810085626076597,1.4749806255778324,0.5895666233179881
78,V4 | V12 | V16,0.9298174861428466,0.9125779676844195,0.9284588337975557,0.8526200854557375,0.898140868700799,0.5377504991574739,0.042013064324773176,0.410254949710558,0.11088444610881973,0.7479958651666745,0.09766638548834405,0.28851927384605275,3.424401759625515,0.8384494519429452,0.5894180119584251
79,V7 | V10 | V16,0.9147658565781828,0.8741181578222476,0.7821233189107776,0.8654225770894011,0.8040314214432469,0.9404537754163894,0.05711770520700005,0.355637487477043,0.006803839526194916,0.6843524002538837,0.1435583232843776,0.6324882141478543,5.547242753247131,0.98098794498853,0.5893169920936538
80,V2 | V11 | V17,0.9091316053374098,0.8664960013362561,0.8153328686597285,0.8393043836067047,0.8013567429442857,0.9259258606840539,0.07042371150433518,0.19053597759323726,0.01874097636275007,0.9304057262065608,0.18815298285563878,0.6046524040703115,4.107902767757227,1.3298029382047076,0.5890458967807307
81,V9 | V11 | V17,0.8735796948036363,0.8408925881563196,0.8859031779564498,0.8074813903363722,0.7626252107502594,0.8980356897889596,0.07360663798157088,0.3610658886533423,0.03751812599019876,0.8600119423853336,0.2652010206392964,0.49050094574699205,2.170936303953612,1.411441899484504,0.5889060592587537
82,V7 | V12 | V17,0.9306520162357179,0.8913503668362672,0.7636800987771111,0.9524806613677769,0.8298733086097846,0.8403047483871333,0.07271991241296406,0.19468418294301643,0.005540320490041921,0.6739468774089934,0.11184973538972535,0.4823426731349978,2.2051984425752655,1.3987127382968492,0.5880209191320904
83,V2 | V3 | V14,0.9065012086066299,0.886877797833244,0.6449787408572503,0.9229492918382975,0.8632200775959461,0.9340796062411676,0.1136593283342869,0.189606844754286,0.025217444986676267,0.760331280795618,0.11547476254025682,0.5868863555485276,2.6460818614008086,2.4518925981845205,0.5879132491693689
84,V4 | V7 | V17,0.9176535452747143,0.8834713574116467,0.684371831138684,0.9112291151377405,0.8458519219314223,0.9246464544651727,0.07749255850959025,0.24701778046785464,0.005813290640216401,0.7908270324839777,0.13717966108410573,0.559003028664984,3.2956937928799603,1.5318216327891512,0.5878226723338423
85,V7 | V10 | V12,0.9193260091430239,0.9179607006841377,0.7565738484813614,0.9196891032313455,0.8587748466909986,0.804793591738169,0.0640040767278966,0.2916629297308659,0.006609676942236333,0.6568557717855464,0.10165461937875399,0.45701896486841276,2.6857922941354206,1.2262746168444423,0.5877773229787322
86,V3 | V10 | V18,0.842228066247877,0.81108286782172,0.7840109711813179,0.8541388034855731,0.7361150508032845,0.9474781907160156,0.12636724427232707,0.4402683502769451,0.061702057712764664,0.8632071818631254,0.20399932908075252,0.6167718915065089,1.7245740100423235,2.6769002071434844,0.5874715915164
87,V2 | V11 | V16,0.8886336485657821,0.8400891367702302,0.8905905793396063,0.7483396164020754,0.7795004480560572,0.9233404929411282,0.09466174438962176,0.28871257996325145,0.03476520113209702,0.8790310430194039,0.17992405990491198,0.621967213369885,2.734358515200835,1.903569987520743,0.5862559031976883
88,V7 | V10 | V17,0.9352638133498108,0.9005250223882736,0.6846806856737376,0.9388617165484109,0.8258877163314753,0.9504867001691026,0.048620097086282246,0.2286104882485914,0.00536818899925182,0.584565108181296,0.14939676005780528,0.6324542991622439,6.935737918636513,0.7752729252973412,0.5861360819064827
89,V2 | V4 | V11,0.8801953301696196,0.8760526702074999,0.8087484555699319,0.7610710374807578,0.8502224866254467,0.9090054305634423,0.08709442042007016,0.3094681954087923,0.03756545731926459,0.8532937630574607,0.15267444594833343,0.5716879272285907,3.3673375894631,1.7856378584372816,0.5859844140310344
90,V14 | V17 | V18,0.9119852957613029,0.8471098599145321,0.8841391185335546,0.8897075638923245,0.7921759231248235,0.8123906893047205,0.0617822745778065,0.2878926747199562,0.03075813314313143,0.711836062938225,0.12675553413670937,0.47283468285826763,2.3265539638584882,1.1203767920493453,0.5858647301465353
91,V3 | V4 | V12,0.9080207050321619,0.9203090088104514,0.7867847348124434,0.9273305700512093,0.9150375893244711,0.6068946204948377,0.0485482159370055,0.33453759628637425,0.07595431879922543,0.7873078765553578,0.12217046229034158,0.311725157432898,3.376332404589382,0.9915459707462666,0.5854079217974565
92,V9 | V14 | V17,0.9132440359551692,0.8799502080933013,0.8232105594630293,0.8966262972243754,0.8294481196664759,0.7749997224188373,0.058600178899832565,0.2746407575216783,0.030454161583901327,0.783537414864866,0.1222117954717275,0.4197618185254416,2.573273883316057,1.107151666119602,0.5851012419106322
93,V4 | V11 | V16,0.9222274337365199,0.9000461719522623,0.9541302101327883,0.778276464044659,0.878433665563256,0.3700018428859633,0.023916495595573385,0.6141629488812491,0.22995782200261872,0.9016250440270366,0.20759227801997188,0.2771912471578412,6.485089415668721,0.44712210037026534,0.5846289318862871
94,V2 | V11 | V12,0.8931938011306229,0.8839316796321204,0.8705114368291904,0.8158555395875103,0.8342438733038088,0.8320711938550536,0.06581225813122946,0.24015248195483516,0.031747067084787355,0.7852797580494767,0.12338901554303931,0.4707438315564312,3.072667826512452,1.2877897437108738,0.5843537909312556
95,V3 | V9 | V10,0.8434868064417429,0.843923216000489,0.7070225288672838,0.861558702047777,0.7733872473449369,0.9613222743692985,0.13470999378813656,0.41600315749681915,0.06057258650250397,0.6762972492401957,0.1948441546162897,0.6252605550903897,1.7986484186561589,2.906362286217468,0.5838143341659098
96,V12 | V14 | V21,0.91608046012526,0.8713723940518676,0.7745739951670926,0.844441826000445,0.8488301782798997,0.8983627657914262,0.06171690815478696,0.21923591474478543,0.013843425051574624,0.8649943678454167,0.06553471728348596,0.5012822226161793,2.7875577534088105,1.1267300046252084,0.5837146637199762
97,V10 | V14 | V27,0.9206844144497475,0.8584978102431617,0.7657395363453805,0.8065466535942756,0.8323629864296861,0.915674062000147,0.0455978797154846,0.38826295971755387,0.011215428716771895,0.908048646875125,0.02969544951846773,0.4793530876179615,4.045554849383595,0.7735119903939032,0.5834188313992109
98,V3 | V7 | V10,0.8929690754674975,0.8818491989482796,0.5740048454073835,0.938391684269957,0.8209281420669192,0.963815006574968,0.11084152773531271,0.29347737494432735,0.006487982825805005,0.709388760785708,0.18725322349418622,0.6254442548603711,2.7097976091940104,2.3409574371089805,0.5826809768648973
99,V2 | V3 | V11,0.8668368674550969,0.8478201778962624,0.7345114359769627,0.8387318695923063,0.7963971686797295,0.9344277901783687,0.11777559897775196,0.24155402002332815,0.0300373807793995,0.8851922301104819,0.24377110550379846,0.5964501268129376,2.44750354377695,2.539141483846952,0.5823993235502191
100,V2 | V12 | V17,0.9167216577437367,0.8790277970684132,0.7803034113039254,0.9057172070073248,0.8210639460818286,0.8587110307638504,0.0680133863748609,0.1451089657164783,0.01690934654243584,0.7875558866164019,0.09091717607490091,0.5171677551970044,3.25751865292618,1.3122437453231062,0.5823761106537483
101,V4 | V7 | V10,0.9063275381820205,0.9100816912595173,0.6759207476568626,0.8755457588601269,0.8747534600126364,0.8390088085670007,0.05334813361485566,0.3836955799943242,0.006963808345667918,0.7596912700048347,0.12376087847446522,0.4950835817862316,4.3311984502538925,0.9804277346858612,0.5822261632509588
102,V9 | V10 | V17,0.8857815443240563,0.8625990394404831,0.7923723872821529,0.8621059284595344,0.7783468216094932,0.9416446819157003,0.07557639698548672,0.3131348609745328,0.028464637853633536,0.5805505857460267,0.15476679776876817,0.6062184393176134,2.937619470586067,1.4110156768530315,0.5820469175663365
103,V2 | V10 | V12,0.9053956506510431,0.9056381309162839,0.7734504765375454,0.8696279341536266,0.8499654841630427,0.8611450288500985,0.06593830680156054,0.2120979527705333,0.02490192433094798,0.6456110393888821,0.0830708270155831,0.5475484060613511,4.028626554274134,1.2611113793461903,0.5818008704384872
104,V4 | V7 | V16,0.8971555885030861,0.8570644928456208,0.7818732738032785,0.8333246598476569,0.823995627043194,0.8793685416543563,0.04919020380802524,0.38978582424372377,0.007437951030741205,0.8197316136768226,0.13201226207773276,0.5395671851527979,4.944539437872039,0.8415473118554558,0.5817226408174865
105,V3 | V7 | V17,0.9042950825601915,0.8552388651004091,0.5845209590882796,0.9700276373186105,0.7920266039857051,0.9582235088219472,0.11876577521794242,0.1957656268754386,0.00544591519215186,0.7901706978101224,0.21264501364801405,0.5965052207120431,2.1382271845041045,2.537588793113493,0.5815050686267765
106,V3 | V7 | V16,0.8837971257885634,0.8288320005343832,0.7027806990683322,0.9012971700232454,0.7701703090974765,0.9528540461137001,0.1053104858691149,0.2976228474128296,0.006913577985304303,0.8031193491543213,0.20270233263249673,0.6126221842429616,2.5773940737613836,2.1924877905876197,0.5815039315885052
107,V4 | V7 | V12,0.9017157410679276,0.9009070357075112,0.7563095644657735,0.8909563045682742,0.8787390522909456,0.7536990351184425,0.05754268236068379,0.3172447881396384,0.007216144540520051,0.7947132483754716,0.0943949830130405,0.3988648509471318,3.0577438617759367,1.1325312769357332,0.5813569972375118
108,V12 | V14 | V27,0.9160726173356541,0.8493231546911554,0.8328913489730014,0.8241743402789611,0.8363485787079954,0.8489645580571883,0.048526048109254254,0.3207118094457492,0.01175912803900633,0.8611773472652541,0.02255241751912857,0.40174249601894424,3.041235317671969,0.8819749261372457,0.5812808080604744
109,V2 | V10 | V17,0.9213334548578302,0.8882024526204195,0.7043427179909459,0.890757206107232,0.8170783538035195,0.9463852625466099,0.06646596509730249,0.1692098615948798,0.015908716483737984,0.7018715309280448,0.11879471097320513,0.6498267616519414,5.389032172968053,1.215611628582859,0.5810594553785692
110,V3 | V7 | V12,0.8883572783534045,0.8726745433962734,0.6722762531630969,0.9520231407337081,0.8249137343452284,0.873458825696619,0.07297568256760875,0.24711814273296615,0.006714760131161015,0.8627114654851146,0.13619075152988397,0.4723780016930728,2.9576156653607275,1.4749903972253713,0.5809239564694811
111,V3 | V12 | V16,0.9164590234283237,0.884345475373182,0.8722683106787483,0.9182029415586623,0.8443155507550816,0.5696646343147245,0.0488601010722778,0.31143239150791263,0.06584910089011659,0.8239379445937227,0.14159613554348432,0.31382096047880426,2.850364635400059,0.9667687214021413,0.5807561918667874
112,V7 | V12 | V16,0.9101540594640896,0.8649435022702413,0.8470900397317412,0.8811403380661312,0.8080170137215562,0.76738322670122,0.059919862929991435,0.29577315149548256,0.0070474267285640475,0.7688102469295451,0.1079462325461844,0.4415304875109185,2.57473851187626,1.1216008281199352,0.580595825509378
113,V3 | V14 | V18,0.8696905578789899,0.8284340364745382,0.8153942674301402,0.8891894580492087,0.7872163488602674,0.7857443808268717,0.08055597489100204,0.3783125816575413,0.07095752253503931,0.8353085219881506,0.15605104731083827,0.46520524257233775,1.8934008164566984,1.5966038404858134,0.5804219481499007
114,V10 | V17 | V18,0.8845228041301906,0.8297586912617136,0.8572289326478014,0.85469412476409,0.7410746250678407,0.9210131750886188,0.0550684018081234,0.32904671918115497,0.028732658431739545,0.7045688096714111,0.16117370786066562,0.5816713099772852,4.175859742100939,0.9352725986169164,0.5802170981314739
115,V10 | V14 | V21,0.9206922572393529,0.8805470496038738,0.6975805568388908,0.8275193148844537,0.8448445860015903,0.9482648703956587,0.04207012225466513,0.25871650617904224,0.013130720350751275,0.8915238044797571,0.08389081640870583,0.5721037145396879,6.456502379592081,0.6483340918384188,0.5797923102892795
116,V7 | V16 | V17,0.9260918636708768,0.8475078239743772,0.7888495831217268,0.9018030083502464,0.7751298833620329,0.9247658001518528,0.0489246206967427,0.23158999968493313,0.005690305402704605,0.5830063852983911,0.16027064151121836,0.5948017712048838,5.7245045620493675,0.7985588236590545,0.5793293562486548
117,V2 | V10 | V16,0.900835498086202,0.8617955880543935,0.798106483762497,0.8093559400699962,0.7952220589152911,0.9208746031407153,0.08057744690241075,0.2532568318632197,0.02679489256351135,0.7243909626369747,0.11456184724118809,0.6363417740511471,3.8222311293699653,1.5642958981376542,0.5790318724882173
118,V3 | V9 | V17,0.854812813534437,0.8173128821526185,0.7149274723215097,0.8982086451383732,0.7444857092637228,0.9412268981085918,0.12363316003526949,0.26424500055065014,0.029753704067926056,0.892447418785365,0.22194784961367425,0.551457777886857,1.5570974362979952,2.6433782445850373,0.5788427101432133
119,V3 | V4 | V7,0.8753588073924012,0.8647955339716529,0.5736122404798163,0.9107326351772935,0.8408923476668662,0.9490914364486471,0.10170181316390098,0.31928417049602525,0.007077458972716949,0.8418328936493511,0.17025803023469682,0.5841926945297744,2.898951424659649,2.1452471221453835,0.5787339083988238
120,V2 | V4 | V12,0.8877853825759465,0.8885844659396571,0.7731956861594095,0.8378047545847565,0.8699296897629898,0.8599300391164714,0.06992721540416148,0.22883023528595814,0.031466717364379185,0.707586144840143,0.07740856829549599,0.5025640746612409,3.7408603347852485,1.403151294846223,0.5786681229975392
121,V9 | V11 | V12,0.8576418905968491,0.8583282664521837,0.9336469732078868,0.7824690383297648,0.7955123411097825,0.6812219309129256,0.06078378094958831,0.48646868361688117,0.1413089413479826,0.7281279762002784,0.16150880215241997,0.3885378242078651,2.2057911503604024,1.1660333335663384,0.5786036680701954
122,V2 | V12 | V16,0.8962237009721088,0.8526209325023872,0.8610055050017994,0.8268875193060541,0.7992076511936002,0.8491977728015573,0.06708368918626317,0.21481157062033185,0.029435791945522552,0.8051513957732956,0.08792737527216449,0.5296984173784575,3.542213343538627,1.289000562049726,0.5779877879620391
123,V11 | V17 | V18,0.8723209546097701,0.8080522399775504,0.9395233414902822,0.7992159805662005,0.7253530142086069,0.8364864300398919,0.05981394690870835,0.3806429235856801,0.037968223023846975,0.7535470505350932,0.2804200999936414,0.436977293525851,2.2126131982508306,1.0917240939931576,0.5778331243592474
124,V11 | V14 | V21,0.9084904077189331,0.8588405983197104,0.8100247010711631,0.7687889148078052,0.8291229751423567,0.926933655620852,0.032842845690929996,0.295224948355274,0.015117790824028504,0.8070151730600778,0.12476422511131978,0.4716191437958867,7.117981528745219,0.5073118516568623,0.5774860971941692
125,V9 | V10 | V12,0.8698437401172694,0.880034717736347,0.8501965424659819,0.8397155431003924,0.8112339519690164,0.7674638883996889,0.06567244202585154,0.41300448348132596,0.0673739080947681,0.537532096178893,0.10478130717954225,0.4123800756394088,2.399218823247596,1.2936825494425,0.576577172815757
126,V2 | V4 | V17,0.9037231867827338,0.8711487876437929,0.7040467511655449,0.8602781551716435,0.8370425594034665,0.9015075991330952,0.07535779407177272,0.18198031486908417,0.01863354651020283,0.8322510840920623,0.109895195081705,0.5607319701407892,3.786492862432417,1.495561044487147,0.576267669415071
127,V11 | V14 | V18,0.8884574391481893,0.8520137424782391,0.9575340132303964,0.7966681156327741,0.8053558503468038,0.5385013034392687,0.031097027542117742,0.5504243498292446,0.12983233934846372,0.7978515841589965,0.18021576296542016,0.31830655456097684,4.562946495374706,0.556285813489549,0.5750838275773352
128,V9 | V14 | V16,0.892746079183541,0.8535433435272753,0.8972913624215675,0.8162445662310842,0.8075918247782475,0.6442700949873441,0.037635428657483344,0.44340970602360685,0.09782621157507566,0.8462932286750651,0.11781210584210568,0.37063142012318684,3.7114804193154534,0.6503481684783073,0.5749665689077985
129,V14 | V17 | V21,0.9320182643320469,0.8539367157560033,0.7056474928572551,0.86662816171981,0.8159430479203762,0.9381856007162132,0.054556924653197315,0.17467633552576003,0.010183415217351409,0.7885534206038312,0.09183395954508833,0.5584623783259767,3.90015439024666,0.9336182419671979,0.5748550248677868
130,V2 | V3 | V12,0.8744269198614238,0.8603519736284193,0.6924624443990244,0.9052152759885438,0.8161043718172725,0.8883879013617777,0.08449919144302162,0.18204936733555702,0.025904897252502435,0.8557554240724445,0.10916772803919449,0.5279282481630115,3.2447771517993904,1.7517875553791662,0.5739512811439907
131,V2 | V4 | V16,0.8832252300111054,0.8447419230777667,0.797864953346393,0.7733518299555908,0.8151862645152379,0.9041904489959605,0.08065163468328762,0.2743208080372258,0.03443319546973509,0.7838878049212494,0.10608203619818313,0.5794481409236332,3.663877992728267,1.6161781652798217,0.5737485657258957
132,V9 | V12 | V17,0.8811697472099632,0.8534243838884769,0.856006049951148,0.8779256475051764,0.7823324138878025,0.7680545638122135,0.07317285336247066,0.2626695410631025,0.03143275226493168,0.6899914343230948,0.11540376768789665,0.43417518036760977,1.8748837470172768,1.4234245443080709,0.5735519419118779
133,V10 | V16 | V18,0.8640248473585619,0.8033518266956878,0.9264199728205604,0.7667120583384454,0.7192183301796122,0.7480525078267886,0.057528549052189674,0.5582720808221787,0.08331155764487677,0.8947264968509394,0.15465082564958774,0.4485817938725213,2.3785148639315747,1.032882007294424,0.5735033769293362
134,V2 | V16 | V17,0.9121615051788957,0.8351852542065232,0.8046053657833645,0.8498410286153614,0.7663205208340771,0.9041111458952091,0.06895076346828219,0.17129131563135894,0.01783458476896957,0.7478986892855549,0.12658169723241502,0.6019538079281347,3.9292132279296808,1.2851083876701166,0.5734581824388735
135,V2 | V3 | V17,0.8903647240682109,0.8429162953325552,0.6088257252233592,0.9249345770733496,0.7832172414577492,0.9373309097639814,0.11477607481714225,0.14588875586892827,0.016352808879116214,0.9117658115408654,0.16241344531481938,0.5913390711343967,2.494689618819461,2.466109774759794,0.5730277935813799
136,V3 | V9 | V16,0.8343148567628087,0.7909060175865927,0.806763050859049,0.8180994173461399,0.7226294143754944,0.8843336570242823,0.0859566103130036,0.42288164344359047,0.0915577744424269,0.9139450023325336,0.2113134301040772,0.5181744120830937,2.0398391080460603,1.708031481792612,0.5728106234806776
137,V11 | V14 | V27,0.9084825649293272,0.836791358958998,0.8642731209390295,0.7451684246337327,0.8166413755704526,0.8446645048835578,0.02127836352486416,0.4548328979563241,0.012716016473940913,0.7804161149209855,0.043199409716155324,0.3040940796510583,6.86789529828661,0.35454688694425074,0.5727578791332943
138,V3 | V17 | V18,0.8535540733405707,0.7844725339738495,0.7907099749391959,0.8913117042759172,0.7072135127220704,0.9078436586099214,0.10504352450125401,0.2768215676135227,0.030044757939549267,0.8056202391167041,0.2332501889581121,0.5241073952128699,1.569978970768678,2.1641240436804434,0.5720818653320304
139,V14 | V17 | V27,0.9320104215424412,0.8318874763952911,0.7727070795146734,0.8472487143767081,0.8034614483484722,0.8948227083166092,0.04408869638668248,0.24948754082403277,0.008899271992758313,0.7525264449386717,0.0325602169198351,0.4516578293175942,3.764934524525814,0.7482476499947317,0.5719228525708306
140,V5 | V10 | V14,0.8771595096828908,0.8435991652978678,0.7085528453362372,0.8790150215434813,0.7814457779905982,0.919152988008733,0.05648305429522791,0.3120179114129573,0.013152934869456593,0.8422698166959421,0.09234559293682205,0.5893125181662535,4.861813583021441,0.9889416032921217,0.5716812258868157
141,V10 | V11 | V27,0.8810200732982141,0.8194401903061799,0.836142311518068,0.6979959712202783,0.7655400775134695,0.914053605884826,0.0434060344149576,0.5381637189284584,0.012283487496301813,0.9374953184431429,0.05235774750526865,0.38461494957230113,3.644231088337246,0.7911602256774859,0.5715667511386996
142,V3 | V9 | V14,0.8709492980728557,0.8612743846533072,0.7438818599183419,0.8961152445214122,0.8244885454019197,0.707760899841797,0.06471968556397008,0.3589089559168307,0.06948155841314965,0.8441181652172465,0.1499410793782997,0.3735637760656375,2.651215185592542,1.3267376946962086,0.5715114725357143
143,V4 | V14 | V18,0.8830490205935129,0.8566665287857756,0.8784724306134346,0.8194484056586907,0.8410416668059846,0.529526306826465,0.041183444198016755,0.513501033349806,0.12570872038516334,0.8814440728054023,0.10621865279095646,0.335797627396089,3.2941875668833696,0.7616211567913205,0.5710542640434673
144,V4 | V14 | V21,0.9030819891642567,0.863493384627247,0.6972802195294894,0.7928318173569021,0.8648087916015375,0.926950089662113,0.04169309970013162,0.2803945316692897,0.015044101043176775,0.8187745878338476,0.07816207987708469,0.4650195069781664,6.005965792450535,0.7364795691885743,0.5707214486302707
145,V3 | V4 | V16,0.9034605524673208,0.8764664659485615,0.8107563943456767,0.8739236291358479,0.8602941640767194,0.5222104123239053,0.034298129340427655,0.41322349520115675,0.09396814455203166,0.880770629528656,0.17781030004385617,0.33645154473055877,5.106787319979007,0.6417233852635238,0.5706420726040603
146,V2 | V3 | V10,0.8790387169755168,0.8695266291804256,0.5988550361247252,0.8902401765311218,0.8121187795389632,0.9431523024703142,0.1113484204730078,0.21329707563356168,0.023799379689817306,0.7061301329123781,0.1453786489151198,0.6183199767158352,2.9046170174270913,2.375398420349367,0.5705560622658757
147,V12 | V14 | V28,0.9020446480570259,0.8038228256475183,0.9042105696992936,0.8103901960875026,0.8002398261995987,0.8761035374991043,0.05325217917981045,0.07369575521972627,0.0018846432988216609,0.9396367202758399,0.03385364737843891,0.42286599472419517,2.80410624652225,0.9747215035104306,0.5704168609531383
148,V2 | V4 | V10,0.8923971796900396,0.8977591214916633,0.6959515356329733,0.8206545336035633,0.8659440974846805,0.8517137943787954,0.06466072911830036,0.27060852018533993,0.028492887162860494,0.6762615800088465,0.09993158872840484,0.5096500882447612,4.032375416734576,1.264206590746792,0.570284383060424
149,V2 | V3 | V16,0.8698667672965829,0.8165094307665293,0.7217017275285095,0.8492803421869942,0.7613609465695207,0.9251297843911856,0.11553840908774979,0.21602958072469255,0.027945236318166134,0.8474466025214062,0.1558163741212673,0.5974326560772266,2.346610371213128,2.468210337526779,0.57018228857408
150,V4 | V9 | V10,0.8568452691562658,0.8721557083117268,0.7854495335449869,0.7875943515241022,0.8272125652906543,0.736190306627681,0.046961158621302394,0.5748763253657904,0.09703905579052965,0.6520413808947472,0.12784963855530734,0.40000413303663473,4.163392246333271,0.8946798888223787,0.5700223924878669
151,V6 | V10 | V14,0.8460294344259222,0.8660972392567077,0.7503778685874921,0.8273527083291068,0.8042107561808022,0.8263020910449915,0.08242668390295885,0.34542599137167446,0.03816730402173934,0.8907586037187405,0.05881974258225525,0.49395807617573506,2.1304949272827614,1.645204558225449,0.5699877626583773
152,V10 | V12 | V18,0.8685849999234032,0.8471943695575781,0.9078714577620399,0.831965149594185,0.7739617554273639,0.6355802540288209,0.06017447112054825,0.4370002445468642,0.06876363754914037,0.7678858733672456,0.10846174719267254,0.3533941411144895,2.018072707583496,1.1651060629954042,0.5694570822152916
153,V4 | V9 | V14,0.8843077607873786,0.889506876964545,0.8167383836758441,0.8273917675210968,0.8783138633476371,0.5567556661172619,0.020065884894659814,0.4828226819278902,0.12126922778568859,0.8078822834439213,0.10263795253089279,0.3084961521311308,9.476240754109622,0.3486192157003499,0.5688971124719728
154,V10 | V11 | V21,0.88102791608782,0.8414894296668922,0.7782611528757541,0.7238708099783618,0.778021677085374,0.9543184795604732,0.040509203886910636,0.33789262342019283,0.014538556652376442,0.9365650350576042,0.15835833324027684,0.519046248342989,6.366364928751265,0.6570478043646268,0.5687861214499291
155,V10 | V12 | V27,0.888610125704541,0.831971986038337,0.8027147936830239,0.7841122114433995,0.7852472806510126,0.8847222293695164,0.05042258391218737,0.3688754699285125,0.011379252802112778,0.8266232577860777,0.028125548003061947,0.43849288494658106,3.4884807160726345,0.9217654454683398,0.5686721264340701
156,V10 | V14 | V28,0.9066564451711192,0.8129974811995245,0.8472956019540614,0.7922658946205515,0.7962542339212894,0.937700964573884,0.054402632633319445,0.08676743666035065,0.00183504217379412,0.8768900083692036,0.04338866830911452,0.497819914347118,3.4396317276745694,0.9688709667915226,0.5685633105155807
157,V7 | V14 | V18,0.8633855939147557,0.8090320633715974,0.7868091208476093,0.8498477049716678,0.7509178118267418,0.8968165418944576,0.04721476344978837,0.35771162957553354,0.007137784834508174,0.8741587180566777,0.11773353086511097,0.5629732660576164,5.235142412690901,0.7719386006350965,0.5683120430580892
158,V6 | V12 | V14,0.841417637311829,0.8569225837047011,0.8196402926632382,0.8442807105455427,0.8081963484591114,0.7682875246361206,0.07064570034299568,0.28788400306591516,0.043463502053640087,0.872638363121593,0.04622282331836676,0.42052980100373916,2.3104770655144833,1.4137023856076791,0.5680714706130512
159,V4 | V14 | V27,0.9030741463746508,0.8414441452665349,0.765480451398435,0.7703343303453426,0.8523271920296331,0.8457604972639314,0.02213315305481457,0.4272904958450206,0.01266121065014712,0.8177324300999118,0.02754761616218191,0.313728372384528,7.999183325981244,0.384275042058027,0.5674699299741587
160,V14 | V16 | V18,0.8914873389896752,0.820702995348506,0.9496758581976597,0.8081224906241652,0.7703196282365952,0.5769974139977142,0.031248731379660888,0.47021028170400253,0.10072133611820759,0.8564133396523946,0.12212914848237084,0.3487133523690194,4.188339295471735,0.5170501946323235,0.5673323870932051
161,V10 | V12 | V21,0.8886179684941466,0.8540212253990492,0.7401772223230918,0.8060171658962643,0.7977288802229168,0.9402959186154465,0.04253118165937971,0.24764657871405402,0.013344611939875956,0.8029109368416096,0.07968510166433516,0.550352218992353,6.569011096551699,0.6846924698781413,0.5672509760587374
162,V4 | V9 | V12,0.8522334720421727,0.8629810527597204,0.8499808002003824,0.8058840700029324,0.8311981575689634,0.6523698493770621,0.04670456113928108,0.4559660667400964,0.13645108255621125,0.7071224386147549,0.09723436857617421,0.33211623932379936,3.6586467635608737,0.9345644524444813,0.5672101924082105
163,V2 | V3 | V4,0.8614284489004205,0.8524729642037989,0.5984830229268863,0.8597289435755499,0.8320829851389101,0.9363283196929013,0.11863786082597434,0.23014817679360453,0.029784371066253017,0.762691894637357,0.13362528133132803,0.5856582506101933,2.7641697614417544,2.597924766492614,0.5671927099917746
164,V4 | V10 | V18,0.8555865289624003,0.8393153601329575,0.8512197334147079,0.778994126381955,0.7899403687490016,0.624551609028716,0.03997056417398064,0.6156900244085299,0.09988819327422388,0.9213227461082536,0.13269257312439828,0.3515933421420524,4.171767336351443,0.7521595770547354,0.5670145856458332
165,V14 | V16 | V21,0.911520307560419,0.8275298511899772,0.7991716142365431,0.780885668841012,0.794086753032148,0.9230907848784545,0.03308689432730096,0.2622130629175787,0.01449197259336302,0.7514307618384996,0.08880663540311134,0.5086931120510609,7.023138413077486,0.4754582533742622,0.567006333080926
166,V11 | V12 | V21,0.8764161189737271,0.832314774114886,0.8437369251090844,0.7445704709463268,0.7820072693636829,0.8880672833830862,0.05954856993470222,0.28203805196591075,0.015390781818326484,0.814196506175832,0.11776158511076619,0.43415307023962696,2.719876889616633,1.1297352615832301,0.566744539099337
167,V12 | V17 | V18,0.8799110070160973,0.8205840357097074,0.9130021826329018,0.8707440512234658,0.7450602173461498,0.7218904441194228,0.06821307834750208,0.27514534909434313,0.031755244893255825,0.6466080992198567,0.11959923670210018,0.4084405915017724,1.7454956180715282,1.2970796026740365,0.566379451432884
168,V5 | V12 | V14,0.8725477125687977,0.8344245097458612,0.7838770029787941,0.8943216497021322,0.7854313702689072,0.7730694082743544,0.05773505680544583,0.2617900304370894,0.013867739889699743,0.8913096181173292,0.0718385790486815,0.4200827274225185,3.0275966178385785,1.114731608849198,0.5660438144755705
169,V7 | V9 | V14,0.8646443341086221,0.8418724115503669,0.7103269088724355,0.8573304511047382,0.7881900083683943,0.8866058755161617,0.046830896115093015,0.33980867412197113,0.007112825593640702,0.846401289944045,0.11362663173534855,0.5452035222614788,5.457151094758227,0.7847209203966564,0.5659764481593134
170,V9 | V12 | V16,0.8606717904383351,0.8270175193224507,0.9253675612916431,0.794246252049627,0.7604761189995739,0.6584579770102585,0.0575310532593708,0.4198077637396678,0.10756719444990835,0.7934037360466166,0.11133334328842015,0.38631116804007654,2.4018859106153374,1.097254587533169,0.5659593493073923
171,V5 | V11 | V14,0.8649576601624706,0.8218927140137043,0.8186461602867339,0.8262864490337108,0.7657241671313642,0.8158015261330035,0.04363794147472126,0.3596972563187359,0.015146098005162414,0.8402437742372109,0.13923123501741438,0.47309147884172703,4.821164660994927,0.7525620458831767,0.5650316632457946
172,V14 | V16 | V27,0.911512464770813,0.8054806118292652,0.854636446527883,0.757837191575616,0.7816051534602438,0.8506129044511692,0.02359330257204345,0.39446169423405414,0.012248528894043058,0.7841699298599367,0.03148344671616114,0.3463666247302442,6.16573228595562,0.3631508507243919,0.5644328252878799
173,V12 | V17 | V21,0.8999439755868408,0.8274108915511788,0.7475384769761053,0.8467602459684294,0.7688273421417027,0.925742535586019,0.05265047043000789,0.16779187252829098,0.010323055912785673,0.8003597365472074,0.08713841726959617,0.5220619793683831,4.007813251269729,0.9222501890622905,0.5644063506894546
174,V11 | V17 | V21,0.8923539231805141,0.8148790958190217,0.7850435360266325,0.7714810016774836,0.7491201390041597,0.9459329487537692,0.0376002829933319,0.2215999931423726,0.011089189911104783,0.9349805571692226,0.17778986604770072,0.4837605263836782,6.226542084678775,0.6101263103736709,0.5640970269002608
175,V4 | V17 | V18,0.8669125360550936,0.8127050262850869,0.8570164540563353,0.8218841669272926,0.7610388306677877,0.7430080253575913,0.061080089123513266,0.359474764687508,0.03757666895149924,0.8140896288165608,0.14754905782896305,0.42689818870535257,2.3296558717653393,1.1473833431060205,0.5639294365239108
176,V10 | V14 | V19,0.8510888598582886,0.797794774658056,0.7349199372999088,0.808870451369118,0.7483647461764005,0.8738683106953675,0.05305226339720617,0.476410303309812,0.06549803070708418,0.9502844485130146,0.10138773992374063,0.5433191820281112,3.5622710645748366,0.8924838882458158,0.5636727289422071
177,V3 | V4 | V11,0.900430652625835,0.9077772130782945,0.8213434683130258,0.8638825557029449,0.8953303861869281,0.22457985436304456,0.0686557996376851,0.4782170924785548,0.11892564969739648,0.8964942142076489,0.29008825483154677,0.25791500312984056,1.4138550166570043,1.409674783188883,0.5636283252582377
178,V9 | V10 | V16,0.8652835875524282,0.836192174874457,0.8711591672762858,0.7755221674571344,0.7564905267212648,0.689153677111456,0.05247554484877146,0.5233219033312275,0.0813026772366773,0.6888868100215844,0.14862083310249954,0.39964577673361323,2.6415682393090294,0.9649618696538601,0.5634333858101491
179,V14 | V17 | V28,0.9179824522638126,0.7863871473516542,0.8531415151535054,0.8340882868867024,0.7673526958400751,0.9136102089068959,0.048114509729644754,0.05742083029612679,0.001588552445251274,0.7974531193721792,0.04728778550931925,0.4546500823595758,3.3407649979275926,0.8348836557679606,0.563116007179901
180,V5 | V14 | V17,0.8884855167755845,0.8169888314499972,0.7164318391458822,0.9144624658351277,0.752544239909384,0.8932676647698494,0.06596908888899775,0.20669727969048643,0.010197952505182803,0.7156051067715992,0.101323457697756,0.5615331976435616,3.412717570382715,1.2202124418786784,0.5630816885650473
181,V3 | V9 | V12,0.8388750093276497,0.8347485604484828,0.7825774873402381,0.8773953060014754,0.7773728396232461,0.7223526077123389,0.06343430760525681,0.3416018635497554,0.074354076996878,0.8496790332889731,0.14087844626339574,0.3725555827349546,2.4635505439512473,1.2777416000309147,0.5627051668485122
182,V4 | V10 | V27,0.875611654743538,0.8240929766137165,0.730372412366835,0.7255597369968045,0.8012258939726505,0.8867200816632271,0.049252332274020885,0.5025162146412729,0.012231786981650493,0.9386837888074557,0.03390071332925602,0.42832592433830835,3.674592694622664,0.9087874778509959,0.5626924383539607
183,V12 | V14 | V19,0.8464770627441953,0.7886201191060495,0.8063681223165828,0.8264186025938016,0.7523503384547098,0.7943410964918988,0.06757513878902602,0.3861217976758926,0.08180313014491966,0.9269652575493363,0.07846857887041533,0.44647204579186384,2.115056353304065,1.2848072404268418,0.5622757615223364
184,V7 | V9 | V11,0.8249799929570886,0.802814791613385,0.7889864322627591,0.7602340937007265,0.7213670994521778,0.9353016830012084,0.044288058618005,0.4600096784753116,0.0076189288473424155,0.8920626421050512,0.23811565761082817,0.5898339716011706,7.0739989349707635,0.7015376557353369,0.56201454224877
185,V11 | V12 | V27,0.8764082761841211,0.8102655347541736,0.8943653734774095,0.7197606947345023,0.7695256697917789,0.8199507087369412,0.0430830214642404,0.4303083611435128,0.012918494306088624,0.79478492658584,0.041089223361792264,0.29789909627728234,3.014380443553759,0.8352557275377159,0.5618658107387531
186,V11 | V12 | V18,0.8563831504029829,0.8254879182734146,0.9822643784096171,0.7737803288937878,0.7582401445681302,0.5178651191819212,0.049154950792867295,0.5175196481957723,0.14734019978329654,0.7279986376130063,0.16834273846305284,0.33447529767722534,2.2084665023218237,0.9022210032102133,0.5618048964341938
187,V6 | V11 | V14,0.8338275849055018,0.8443907879725442,0.8519050485861768,0.7686017577712245,0.7884891453215684,0.7417055534495763,0.07518742466040863,0.4009519617424118,0.05543250431315645,0.771070412574429,0.0847939375116133,0.42171055048474837,2.0177763315612927,1.507473008999409,0.5617053356033351
188,V3 | V14 | V21,0.8897235264497338,0.8352608923160093,0.6004943330092071,0.8660858162022045,0.8109834736558201,0.9332804873026058,0.08129963450828347,0.22048503662749924,0.013448496413783132,0.7916634077619594,0.11033068533127399,0.49013128029100944,2.6790745841898977,1.6658289986912864,0.5615222184946477
189,V10 | V16 | V27,0.8840499731397,0.7881294431764471,0.8258931191625285,0.7118882010344252,0.7305038554032609,0.9160925300728857,0.047803740807115316,0.460633466001322,0.011842138687150883,0.903555772463174,0.03848995836395284,0.44489215497093926,3.478585377000838,0.8432290908572337,0.5614771902122554
190,V8 | V12 | V14,0.8830434248953111,0.80379498183907,0.7685705322349917,0.8807437464908011,0.7763557002900869,0.8895741213276188,0.06177737748427711,0.10887725134344654,0.013041141656920954,0.8380477326294329,0.04403586046275219,0.5095032099130765,3.1908525054888326,1.1455707443442837,0.561206311530788
191,V4 | V11 | V21,0.8634176480127237,0.8244357646902655,0.7780090056345977,0.6809363367589925,0.7979858826853209,0.922590544191708,0.039586451504404103,0.3695329135801522,0.016842921235607898,0.9608456387390022,0.1450767052111153,0.41843218427762174,6.167519673960855,0.7286516194572719,0.5606011436847828
192,V10 | V17 | V27,0.9045479299113282,0.814536307742473,0.7381655129332771,0.8090452869513541,0.7523601502914894,0.9259209503953164,0.043071467085234204,0.28319815520411146,0.008656845393818169,0.8263318770765501,0.03975151489223378,0.49875661664730186,4.4146778026855245,0.6985033552599255,0.5603814078001967
193,V2 | V7 | V14,0.9001962446423957,0.8674758247303034,0.6030283606906333,0.886246292319952,0.8269215405624204,0.9433232392671886,0.06560516594352687,0.18125579229331892,0.005471838442782993,0.5256464107791238,0.0896143920155403,0.6397368208602212,5.58701515363231,1.2068567114339872,0.5601165885488651
194,V12 | V17 | V27,0.8999361327972352,0.8053616521904664,0.8091495454721612,0.8265874684510596,0.7563457425697986,0.8572280088909879,0.05026313063661101,0.23892426343803028,0.009011543247336346,0.7715202394311481,0.030882233064192577,0.399046683673142,2.922357075254307,0.9246932083422716,0.5598197585555521
195,V7 | V11 | V18,0.8237212527632224,0.7699744434346157,0.8542883578923924,0.751150757084023,0.6840949029105251,0.9314508540514792,0.027435031437914117,0.4884100651695668,0.007646646565144677,0.8850565302940847,0.2508110590501599,0.5960878502232932,15.752480549978985,0.2983898977610092,0.5593902542876207
196,V6 | V14 | V17,0.8573554415186161,0.8394869054088372,0.7575794332820828,0.8664739721230176,0.7753092180995881,0.7979163485520799,0.08096484775559372,0.22586361813083997,0.022696741682524512,0.7864367492857116,0.06408398760375353,0.4678856396247567,1.9397374869182298,1.6105567870175832,0.5593287389209242
197,V4 | V12 | V21,0.8710077004190505,0.8369675604224226,0.7399033759142823,0.7697654595851127,0.8176930858228637,0.8874600021002765,0.054708075205448084,0.2680892453147553,0.015314769799941806,0.8233670394898284,0.07429338815591417,0.4363684610571371,3.7730109601058697,1.0544110968824218,0.5592568889541005
198,V6 | V10 | V11,0.8063650932743892,0.8270396193197261,0.8229856207257038,0.7236662404260074,0.7373878472645855,0.8193959805999229,0.09303916332114756,0.4688620310550885,0.049525917469147335,0.8736654476313789,0.10423641960767896,0.47267893976117215,1.6564148426273522,1.8998049878565009,0.5587707554599936
199,V10 | V17 | V21,0.9045557727009337,0.8365855471031851,0.6654614409309367,0.8299165504704147,0.7648417498633936,0.9526960855061459,0.03801133259282521,0.1961613151826415,0.009882981209873954,0.8348295112170792,0.11345043195797877,0.5863705721353678,7.878166552289971,0.5445044280342705,0.5585685352331747
200,V11 | V14 | V28,0.894454595650699,0.7912910299153612,0.9312272070560824,0.729012351164353,0.7805326230620556,0.8897514664955932,0.03052298462162313,0.097873077706613,0.001965698203332281,0.8401330677599741,0.06215985755400534,0.3240356876140425,4.667888067829881,0.5381806307152648,0.5580355604709115
201,V4 | V10 | V21,0.8756194975331434,0.8461422159744287,0.656325239277343,0.7500930278238138,0.8137074935445547,0.9248347637670837,0.05387299904297832,0.320031607120867,0.014469675384789714,0.9121966050167605,0.09567539199944256,0.5166022432081278,4.555316451622127,0.9808353821750079,0.5579230716193042
202,V5 | V14 | V16,0.8679875600039565,0.7905819668839713,0.8079962991175441,0.8370953035803085,0.7306879450211557,0.8364925378185349,0.042928868952052154,0.3165322999963135,0.01451828124281846,0.8632156058618726,0.09789429288270371,0.5129346381020404,5.185591659381162,0.703441387898029,0.5577719267737814
203,V8 | V10 | V14,0.8876552220094042,0.8129696373910765,0.6904785714412705,0.8650134432762947,0.7723701080117777,0.93240144259563,0.05607632375858151,0.12693357529229746,0.012396078844373326,0.8655247545643558,0.056056748893888945,0.5862098889501473,4.399698352003935,0.9663172654061868,0.5574096448832561
204,V2 | V14 | V18,0.8494552354227748,0.7967094936037435,0.8026335435113781,0.7919204284640744,0.7421084492987859,0.8908273371674301,0.057833377120102086,0.2545537188397009,0.030501139225782414,0.8990713717150524,0.09539036761679374,0.5869454039161748,4.784679749386343,1.0259753364607982,0.5572056511572219
205,V12 | V16 | V21,0.8794460188152129,0.8010040269851528,0.8336568751175477,0.7572540598586915,0.7469710472534743,0.9096981034488718,0.03713712189635768,0.2509481709376366,0.014745562082224727,0.8038935656951983,0.0843008584816554,0.4787833504623229,5.7685531595922335,0.5930692942175019,0.5569076861440919
206,V5 | V11 | V17,0.8488211756240517,0.7779312115130157,0.794139894439898,0.8286895300037416,0.6857213309931675,0.9328547788779864,0.058261772733675506,0.2647596401975444,0.011105913772108286,0.8126617246556386,0.20270233263249673,0.582853681895561,4.8056936497987905,1.0424125737013357,0.5566921891139793
207,V3 | V14 | V27,0.889715683660128,0.8132116529552973,0.6832573118161428,0.8466851408983599,0.7985018740839158,0.8764097042147195,0.05534600895576876,0.32278269245074703,0.011458617389272634,0.7020096999275259,0.038764451579433576,0.36653221293145677,3.1375368417862366,1.1095212414369167,0.5566325526620599
208,V10 | V16 | V21,0.8840578159293059,0.810178682537159,0.766624862790852,0.7370781896598178,0.7429854549751652,0.9477657048478495,0.040012274391677094,0.298300564894989,0.01395295820452826,0.8432872629171058,0.10947217170176726,0.5563082535817895,6.84212332921776,0.6144267648816997,0.5564542214764528
209,V11 | V17 | V27,0.8923460803909082,0.7928298564583096,0.8421303178729762,0.7479890551625963,0.7366385394322554,0.8790427193671161,0.020932425405727838,0.32463469876363027,0.009622956115452276,0.8833590224942337,0.05702435601649286,0.30117360845972246,7.445694700219443,0.35669864995092504,0.5562148275079055
210,V4 | V5 | V14,0.8595492416077942,0.826545500321241,0.7082595673837403,0.8477963870555182,0.8014099835905452,0.7889572152452594,0.052267200565960376,0.3401831230337753,0.01507216909218835,0.8748070335496725,0.08590979512931111,0.4542824146418318,3.975880379933729,0.9782629696645433,0.5561280747945129
211,V4 | V12 | V27,0.8709998576294445,0.8149183210617102,0.8024756639396395,0.7461916811603294,0.8052114862509596,0.813901968287598,0.038161280605794205,0.40496154136973994,0.01286220380440683,0.829512360304993,0.026056431857607934,0.30374705853837236,4.120790382170529,0.7485836491025897,0.5561267420233232
212,V4 | V6 | V14,0.8284191663508258,0.8490435742800809,0.7501100110245492,0.7926533631825633,0.8241749617807492,0.7453117655339466,0.076236106737145,0.37811857632595,0.05463111155012557,0.8015344770069889,0.05495422691277155,0.4111316939509912,2.2772626075858726,1.5729782333892102,0.5558760161206056
213,V2 | V9 | V14,0.8507139756166406,0.8295498417825128,0.7289471432545997,0.8003051139510104,0.7793806458404385,0.8902434051903368,0.059141320939714505,0.24328359108525335,0.030201853296945767,0.840310303804059,0.09227228294303337,0.5804322885759695,4.966603139553961,1.0735413065492927,0.5558322899071382
214,V4 | V14 | V28,0.8890461770960223,0.795943816222898,0.847078498821377,0.7549756712845286,0.8162184395212364,0.8864447517960201,0.03268572691294256,0.09346799479684686,0.001961255825372346,0.9029328158528558,0.04049378712065254,0.3365850070453767,5.465301936962667,0.6065591346937339,0.5556949341389721
215,V4 | V12 | V18,0.8509747318483069,0.8301407045809512,0.9076810684045837,0.7975922603086011,0.793925961027311,0.49540318333689365,0.04387826530235181,0.4839722804260668,0.14207323185516454,0.809002244799639,0.10056983060228586,0.29197697711223225,3.134550495365128,0.8701738590093934,0.5554016307665084
216,V4 | V9 | V17,0.8681712762489596,0.8455453744638562,0.7921278360332819,0.8297896071886488,0.7983110272094401,0.6706908599640681,0.037745385520962196,0.34144565015027256,0.037135233411459585,0.8185453758946452,0.1419168071172544,0.3994598554795552,4.822839156704105,0.6650378559712745,0.5553356677404535
217,V7 | V10 | V18,0.8359231022836429,0.7916808947187793,0.7533458223974692,0.8118479450188418,0.6998165137697591,0.9376925859972222,0.055784134981144796,0.41451307594583203,0.006965002912001683,0.7269778896556691,0.14851158331605135,0.6257118130965861,5.422578151322472,0.9483166228116335,0.5550898066046531
218,V4 | V17 | V21,0.8869455046258375,0.8195318821265581,0.6651394465291662,0.7953990610106776,0.7848059554633405,0.9358521579960933,0.04844249971366145,0.21135620012065814,0.011045595057389532,0.923690061578054,0.10507922678571782,0.47752029522760364,5.3442960681014,0.8937386467642714,0.5549469942346675
219,V3 | V11 | V21,0.8500591852982005,0.7962032723790278,0.6981903444179661,0.7708261449794677,0.7441605647396036,0.9452415293311665,0.06933490415584184,0.2837712832725361,0.014917652840783328,0.923784359388727,0.22825600875801952,0.44038168825317675,3.2082300799506247,1.4224321510744857,0.5548842654614271
220,V4 | V11 | V27,0.8634098052231177,0.8023865253295531,0.8359198957935386,0.6527001910750662,0.7855042831134167,0.8171898323948883,0.00964723717931899,0.6042006040021249,0.013981045563275986,0.9442089219952372,0.04891519264715522,0.22483236879319107,19.00650418958659,0.19272586709922104,0.5546590681883076
221,V12 | V16 | V18,0.8594130502444687,0.7941771711436816,0.9748196018341082,0.7857595128446855,0.7232039224579215,0.5523593312350435,0.044615520169434125,0.44441706149044086,0.11106283600580388,0.8318418638473489,0.11532737813800223,0.31063140587937565,2.7462401024507415,0.8466187875859089,0.5544583053376854
222,V8 | V11 | V14,0.8754533724889842,0.791263186106913,0.8044678630523031,0.8107199644915771,0.756648497152544,0.9049041910151334,0.04782736324604773,0.14258143799631975,0.01418753560239832,0.7996737367296045,0.08063724887469279,0.5128930360581936,4.612003793469772,0.8209697768480065,0.5544462058848831
223,V12 | V16 | V27,0.8794381760256069,0.7789547876244408,0.8853430625422039,0.7330745906978764,0.7344894476815703,0.8230474120470778,0.04178725767404155,0.3746203589927133,0.01243852032232012,0.8438202122657359,0.02984650128502843,0.32560304991049044,3.178341259583155,0.7818780202026819,0.5543152680289706
224,V6 | V14 | V16,0.8368574847469878,0.813080040842811,0.842003766077002,0.780702942295017,0.7534529232113598,0.7474603078931414,0.07630360592171286,0.3506452494349695,0.04908733947661217,0.8244220145645926,0.06209055585703141,0.449108210057919,1.9837352162419968,1.5068306426243538,0.554274269253054
225,V10 | V11 | V19,0.8114245187067556,0.7587371547210742,0.8098107017635988,0.7008754072410588,0.6815418372601839,0.8288168370626453,0.04966575501644182,0.6915382795371106,0.10483144005792326,0.9352662598750126,0.20287785745408163,0.49272625353973876,3.284133252039119,0.8362002718462318,0.5540195264085495
226,V2 | V7 | V12,0.8681219558971897,0.8409500005254789,0.6547864966107377,0.8671498661073456,0.779805834783747,0.9358942504372149,0.0780189520163489,0.1740785296117825,0.005525763554575196,0.5673493546560772,0.0850583521462709,0.6353054232800468,4.359243305223746,1.516117774593168,0.5538066695066841
227,V2 | V7 | V11,0.8605319034908623,0.8284182047933216,0.7002419418444381,0.7950726760779919,0.760098631646204,0.9396346200888334,0.0793990528169566,0.23035699182722805,0.0058137422367304575,0.6340003696731501,0.1722357825348151,0.6279727775717937,3.970708810745467,1.5466213924233978,0.5537095885191379
228,V8 | V14 | V17,0.8989812291020981,0.7863593035432058,0.6986695182363973,0.9014223215906416,0.7434685699305638,0.9233423806069221,0.06322752591954645,0.08692506942276594,0.009698120253098023,0.7697036672073829,0.06106085569880342,0.5830553549432168,3.5171258163349646,1.1289261665804644,0.5536928755357979
229,V11 | V16 | V21,0.8718559664088855,0.7884722312529956,0.8649883560142532,0.6659829422836664,0.7272638441159313,0.9221112788075153,0.021291308475006807,0.3429484258384857,0.016172578253347607,0.8695441939731627,0.17023890531255606,0.4263989491448526,13.36764901694416,0.2900941422569684,0.5534127892455359
230,V4 | V10 | V17,0.9549272400285682,0.9481594878024517,0.7964916649289701,0.9135005285184721,0.9160115713107181,0.13525941011018627,0.05814327573990426,0.3068846896860432,0.028719271761174232,0.8191101840141302,0.13344467768232374,0.22143890560749477,1.5198964107887647,1.1759885732081123,0.5532677303653596
231,V12 | V14 | V20,0.8427308364267788,0.8017930721848996,0.7773621230633855,0.8193172918222504,0.7548254694959495,0.8653220808789455,0.05224788034576473,0.2783329462378192,0.010608509138072545,0.8607778017848894,0.03780435092155231,0.4475626324822426,3.2756836384253547,0.9515429340527524,0.5531885126758431
232,V9 | V16 | V17,0.8766095946451221,0.8095818410265866,0.876712213805137,0.8186957914119591,0.7275889886400507,0.681947851171394,0.04722600725900799,0.3176719816330124,0.03439300499812747,0.7229090275868467,0.16623827740733413,0.38169221194467967,2.7305053056622004,0.8458483166517254,0.5528133893576584
233,V14 | V16 | V28,0.8974844954921848,0.759980282785628,0.9229038704910291,0.74208766801737,0.745496400951847,0.8947742385554168,0.03263766680370755,0.08786997911971563,0.0019270432090870866,0.8751360677920107,0.04581711173358537,0.37166688820113075,4.584502144067534,0.5457672776761145,0.5527378053636438
234,V5 | V10 | V16,0.8405250683728437,0.7732307982311531,0.7760878695440532,0.7980852852533519,0.6795866469641728,0.936369347478612,0.05885476330392714,0.36376954488899604,0.013977604255600415,0.8232189992981785,0.12148832278274009,0.6319571892620536,5.194600909091559,1.0203455738350946,0.5526313480999042
235,V3 | V12 | V21,0.8576492377045277,0.8087350681111849,0.6525219953812647,0.8461961268216683,0.7638677678771464,0.9248651395682516,0.06150593798727148,0.21143867153977847,0.013671348806785307,0.9025765723188335,0.10439376552335856,0.4594198285306448,3.733444975178139,1.215580550116366,0.5525057194911264
236,V2 | V9 | V11,0.8110496344651078,0.7904922218455311,0.8047376218834403,0.6902462346341647,0.7125577369242219,0.9311021541735166,0.09288917686211892,0.31579228466311776,0.03714589352710232,0.9026330891920823,0.17889847907956083,0.6211371612680572,2.9907743106800364,1.8731128095612666,0.5518732279339126
237,V10 | V12 | V28,0.874582156425913,0.7864716569947001,0.8784783385536444,0.7691730740500964,0.7491385281426158,0.9059736367204808,0.0512814076906631,0.08321956945610132,0.0018502765647141959,0.751886972955728,0.04127035550527482,0.4450099609312268,3.423694972053199,0.9354807514088522,0.5516433182965805
238,V4 | V7 | V18,0.8183128342085462,0.7746272297421526,0.753079682600771,0.7760274942176452,0.719780719369706,0.8957110825152059,0.06008478600678511,0.4577211154887983,0.0076225606034129685,0.8781278880502346,0.13639736665855787,0.5555584600666473,3.94935833839845,1.0897790758004477,0.55110518369274
239,V6 | V10 | V12,0.8139551456807156,0.8395714150518829,0.7885543479454343,0.8058433113763342,0.7570950504021288,0.763936588403996,0.07736649982783922,0.32903627512404154,0.03967153592683964,0.7836001051772093,0.05598762045005818,0.434885972749751,2.1462795593648294,1.5674456026305932,0.5510294532344716
240,V7 | V9 | V12,0.8325700453634155,0.815346587345542,0.7518136781651276,0.8370858713840944,0.7410743025897207,0.8022561560049065,0.0680542302647608,0.323794037809075,0.007192023697805434,0.7982409586158985,0.10745380982511699,0.45364491696721937,2.437197150733212,1.3208278400227096,0.5503909126850851
241,V7 | V9 | V10,0.8371818424775087,0.8245212428975487,0.6705642941150352,0.8199108000775868,0.7370887103114114,0.9426301195794381,0.06807835044362481,0.3923321021449477,0.006940947512859494,0.5035008856910107,0.1428261978043589,0.6306141961942995,4.064560689082901,1.2380026577038958,0.5499645209824866
242,V12 | V17 | V28,0.8859081635186071,0.7598613231468296,0.883944517526451,0.8128699318721452,0.7202369900614017,0.8911008170131056,0.04687504391390292,0.05474624732027845,0.001602023991541254,0.7728692675402272,0.044998654658978385,0.40166110968854174,3.1211288059204083,0.8416861982332523,0.5499265425941847
243,V4 | V9 | V16,0.8476733194773316,0.8191385098978302,0.870953008517388,0.7369256238789061,0.7764547323212118,0.5086960734215916,0.0228703822702823,0.5863399729542094,0.20533693393243974,0.8559988892904601,0.1364939406654269,0.2706020684028422,6.654657874322132,0.42805182906933487,0.5498274848155774
244,V10 | V14 | V20,0.8473426335408719,0.810967727736906,0.7008731439549041,0.8015162155271534,0.7508398772176403,0.9149364504092984,0.04114700528362971,0.3331327178357635,0.010148676880726747,0.8392265627539862,0.04826596547640616,0.5111078239574998,5.482710428313483,0.6639305396576106,0.5496147524085018
245,V4 | V17 | V27,0.8869376618362316,0.7974826427658461,0.7378904697222316,0.7730182135920144,0.7723243558914363,0.8646561455214278,0.02563119554213384,0.3077443979118944,0.009588370770812897,0.8976254273082217,0.03706560361562529,0.3296314505921349,7.478313135919319,0.4572426363467086,0.5493205982276446
246,V11 | V16 | V27,0.8718481236192801,0.7664229918922835,0.9134535609083916,0.6368733170344568,0.7147822445440272,0.8247019784492439,0.012817822148763135,0.5484627702490389,0.013493554835166559,0.886688802984771,0.055260157117145436,0.1957278436651255,10.530692857802043,0.2718281508792014,0.5489274460880489
247,V7 | V12 | V18,0.8313113051695497,0.782506239166773,0.8221957300922043,0.8292947023206132,0.7038021060480683,0.7747528248837716,0.06405278940744123,0.3404869778318175,0.0072174050362592045,0.8543164035519344,0.11126057737378937,0.4396477035977313,2.2607905145225553,1.2096165180555207,0.5489238419497664
248,V3 | V10 | V27,0.8622531920290148,0.7958604843024791,0.6409789915406178,0.8084374002325858,0.7474005760269332,0.9275618000814386,0.06458827758009224,0.3714090560872868,0.011094591937219454,0.8109810452071929,0.04707143239171947,0.4280095993901138,3.12101353114908,1.2999195542091215,0.5488851848333224
249,V3 | V12 | V18,0.8376162691337837,0.8019082122697135,0.8487302336984104,0.8702061101561843,0.7401006430815937,0.5683502563924389,0.053679266331520356,0.3596430412209965,0.07603955431944615,0.8691874068832807,0.14645034026796952,0.33079837086237723,2.408512939706787,1.0479638989992115,0.5486221678366612
250,V3 | V9 | V18,0.7554721024682686,0.7084687544831244,0.7795269218978091,0.7589417999715544,0.6184145067020066,0.9397581171019157,0.11805063026301635,0.5002993011811103,0.11204142624211913,0.9293098098745033,0.22032157681258047,0.6032555567689646,1.4512232424095202,2.4219655926547703,0.5486191952739553
251,V16 | V17 | V21,0.895383823022,0.7835683486892886,0.7735791512010042,0.7835142041140204,0.7140839168939511,0.9322024403541136,0.03586859827310458,0.19863018335611307,0.010716220509977465,0.7222989420437639,0.12075333445005908,0.5232563429638981,6.864970458189866,0.5344887521872684,0.5484579769998974
252,V6 | V11 | V12,0.8017532961602959,0.8178649637677194,0.8827879936907941,0.7443741182915772,0.7413734395428947,0.7210717325300277,0.07741517491022834,0.38063002473879803,0.058543170544533965,0.7597061147867996,0.08053384739740964,0.40013577333245176,1.8902385645358164,1.5753709380115948,0.5484449094560343
253,V3 | V5 | V14,0.8461907788932711,0.7983130080100034,0.6139986603175066,0.9139691559260906,0.7475846656448278,0.8631260341980822,0.09762334350628872,0.2633585049922146,0.013471635673771952,0.679202021547166,0.1224779722859059,0.5051209620100692,2.1496568365464617,2.0517266965680823,0.5481003943867481
254,V7 | V9 | V17,0.8485078495702029,0.7979109090496781,0.6791131394997948,0.8595905820952211,0.7081871722301974,0.942469715329187,0.04835812481859192,0.2516782518292528,0.005795747337862246,0.7409085842008718,0.1594097575335532,0.6005090850270142,6.61364689373174,0.7947203742904501,0.5480529157698072
255,V4 | V8 | V14,0.8700449539343078,0.7959159724144496,0.6901735744898742,0.832888666822307,0.7923343136117248,0.9003625105929287,0.045404057978591844,0.13634033868641252,0.014121489710519816,0.8795050296115675,0.05237497828632233,0.48481153130800486,5.362676904233447,0.8037787857907632,0.5480161912012954
256,V3 | V7 | V18,0.804954371494023,0.746394737430915,0.6683985112143824,0.8515833595578461,0.6659554014239888,0.9566509623618124,0.11063507464084024,0.34274217149520614,0.00707868301403598,0.8457587061843267,0.21112619748403652,0.6247042295375393,2.445797326547547,2.315397324643024,0.5479848967164286
257,V6 | V11 | V17,0.8176911003670828,0.8004292854718553,0.8291456604834451,0.7712948398341518,0.7084863091833715,0.7887347530185589,0.08685814815948718,0.29125930588364696,0.026611442381898262,0.8707294991858944,0.11478373422610967,0.4496453325975525,1.6304837056744648,1.7500308841645629,0.547808664818362
258,V6 | V10 | V17,0.829892949887503,0.8221357367560189,0.7218410048606899,0.8297507330166549,0.7242079200426054,0.836404643902742,0.0859397695231448,0.2553935672089789,0.021520983204914527,0.8057580129583827,0.0778735392505376,0.5000741952843761,1.9574139637599874,1.71650250502352,0.547796899854773
259,V3 | V14 | V28,0.8756877143814997,0.7677113239116602,0.7792170612620714,0.8335098256470413,0.7623931215755192,0.9083006276599168,0.05991937654075047,0.07412770055003144,0.0018575659068383874,0.7299962130208351,0.055884090288228515,0.3850830160628596,2.9765340946111327,1.2063004604066312,0.5476260351206972
260,V3 | V10 | V21,0.8622610348186207,0.8179097236631911,0.5494353373238762,0.8293332882929993,0.7598821755988373,0.95712193464299,0.07506341153240985,0.24910486769727874,0.01297342365888973,0.8731054115169956,0.13829838745512674,0.5242958548512844,3.436771542751893,1.5074757312391454,0.5475742614550977
261,V10 | V11 | V28,0.8669921040195858,0.773939861262543,0.9069973880949481,0.6802299507252811,0.7294313250050728,0.9333084952294307,0.04627034324270971,0.10980160288960568,0.0019299946400801618,0.8440166134411953,0.07547881820881093,0.3959264971973355,3.459935745557015,0.849311239016259,0.5471387032579612
262,V5 | V10 | V17,0.8610230251444716,0.7996376627971791,0.6772146663701579,0.8811803647337484,0.7014429418524013,0.9396994309040904,0.050431147361015,0.2330540476113959,0.009896827096114287,0.6300280897425469,0.126080688211473,0.616303994897683,6.530909539322298,0.8341950594023801,0.5471027239105387
263,V3 | V17 | V21,0.8735870419113146,0.7912993898153207,0.560519691039685,0.868307187251662,0.7309806375176232,0.9471916570806526,0.08452149448481727,0.16870355701923875,0.010080250496369996,0.9342450426235608,0.1540975943245074,0.4983770044374548,2.5467646479797614,1.735585482707164,0.5470239027722046
264,V4 | V6 | V11,0.7887548251992925,0.8099859543430993,0.8227567707291069,0.6807136110632458,0.7573520528645327,0.7345956669653312,0.08416454458477059,0.5214593670096815,0.08000749716725364,0.8814711412469348,0.09673993106361575,0.4028620230982695,1.90294600174905,1.758804684300106,0.5469852202082803
265,V7 | V9 | V16,0.8280098927985745,0.7715040444836521,0.7776207992785578,0.7725350092051118,0.686330877341969,0.9218417595490749,0.04329019872762662,0.3986283085454851,0.007412694784809601,0.7940625399875118,0.15299173330723229,0.5928162866012284,7.4020402767151285,0.6760921069926112,0.5469762040036257
266,V3 | V5 | V11,0.8065264377417382,0.7592553880730217,0.7091483137985536,0.8281048481677831,0.6807617567286114,0.8996445656066958,0.1043231919603988,0.3446086113070409,0.014945312917772081,0.7619524544925816,0.2660750092022304,0.5318340291479563,2.084845021315094,2.2016338081477884,0.5469114757691501
267,V3 | V12 | V27,0.8576413949149218,0.7866858287504727,0.7271349934798478,0.8260003464971967,0.7513861683052423,0.8579290822552571,0.042450248813635835,0.30787926548970795,0.011628424644549438,0.8201103430335003,0.036840317130995996,0.3191097380207154,4.112348964232711,0.8502336905881158,0.5467320548593332
268,V6 | V10 | V16,0.809394993115875,0.7957288721899929,0.8124365888311966,0.7368789017139404,0.7023516251543769,0.7964909551751316,0.08838470304628068,0.40573592854466356,0.0443544299977153,0.889323688702622,0.075392736529213,0.48491934679338033,1.777205580531398,1.7766035422991124,0.5465822171597006
269,V8 | V14 | V16,0.8784832723304701,0.75995243897718,0.7934817148418112,0.8218634657981352,0.7216122750423354,0.9023044669438256,0.04850482592861808,0.12847429000897317,0.013625683061815852,0.7894495244807034,0.05916727319863395,0.5422310207473934,4.535078807194878,0.8076890054994962,0.5463641770503637
270,V10 | V17 | V28,0.8905199606327,0.769035978698836,0.8243019430519576,0.7948360093995146,0.7162513977830925,0.9370562249396399,0.04329575092518124,0.06548450702628716,0.0015588539883712347,0.7180628936691219,0.057271276115420135,0.49598721431536985,4.251387351428734,0.701665914715059,0.5460138784658256
271,V6 | V12 | V17,0.8252811527734097,0.8129610812040123,0.7951881875891742,0.8465998685723037,0.7281935123209146,0.7636598203479648,0.07867292553757446,0.21654458308593175,0.02326274357269252,0.7796974343257043,0.06098530706401717,0.43174482264817265,1.9155631276556793,1.581176005435047,0.5460114369752533
272,V5 | V11 | V16,0.8283232188524234,0.7515243469469896,0.8726497001740823,0.7356031802647455,0.6638650361049391,0.8297004288273142,0.03573369402948364,0.42388785289556286,0.01620441971077603,0.9319585193151839,0.1934741853669423,0.5095245847254064,6.633202330588598,0.5406693205178543,0.5458859127984165
273,V7 | V17 | V18,0.8472491093763367,0.7650705608709089,0.7605015730226409,0.8521414963595559,0.670914975688545,0.9180636855633194,0.049186210957295945,0.26346272550902183,0.005814207049868722,0.6906484758739394,0.166109221447152,0.5816128415918946,5.277428680904938,0.8083131382549396,0.5458612790950708
274,V4 | V16 | V21,0.8664475478542095,0.7931250175605324,0.7663662745785226,0.6952991371169768,0.7629496605751123,0.9085221004505988,0.0260184898909582,0.3247103673902725,0.01608971734775245,0.8612651023983382,0.10148426301493042,0.4464022424675389,11.947849733753147,0.3917823138967999,0.545783680226423
275,V2 | V10 | V18,0.8219927437916622,0.7793583249509253,0.7703387676836314,0.7491010736555954,0.6910071512418032,0.9372790928571965,0.08518991711194587,0.2892000546529448,0.028506079141520042,0.7729423184944103,0.11815530851871833,0.6505463929644173,3.794752814261863,1.6750881956078778,0.5457633036024894
276,V2 | V11 | V18,0.8097908942712418,0.7576518736667619,0.8679916025545905,0.6797986424572146,0.6752855403825693,0.8897201312812708,0.07551433146671159,0.331897059923817,0.03758756906033902,0.926630617179476,0.18689960198726951,0.5969696201466395,3.129723009076283,1.4303801000870446,0.5457557306840447
277,V4 | V6 | V10,0.8009566747197127,0.8316924056272624,0.7137648079996389,0.7498988110510234,0.7730736637237664,0.782395387778095,0.07977262755481575,0.44002463875935227,0.048879184607581304,0.868001667249325,0.06659097141853135,0.44225884933322157,2.3707800378723367,1.647066682073149,0.5457166140216841
278,V5 | V11 | V12,0.8328833714172645,0.7953668898088798,0.8517562312161804,0.8047306069625121,0.7186084613526906,0.7077213214053356,0.057360134146835204,0.3423357827315777,0.015419983741761617,0.7911412377663927,0.13107592639803908,0.38357916782507157,2.60604896207028,1.1119534559208,0.5453116882309627
279,V11 | V12 | V28,0.8623803069054926,0.7647652057105367,0.9573680330814914,0.7027568258737774,0.7334169172833821,0.8561878116215201,0.04908501032778928,0.0939631507944343,0.0019819111281400726,0.8109242331004001,0.059159960382836434,0.31207174923790965,2.6574240148697075,0.9609700548581119,0.5452733851904329
280,V3 | V7 | V9,0.8062131116878894,0.7792350856096841,0.5669165768733402,0.8590406218473068,0.7032275979656413,0.9645250460590334,0.11118262676900156,0.3258931289564553,0.007054034812189912,0.8331271058137136,0.20146793097175178,0.6148927194138832,2.6388863936598033,2.3555877023791965,0.5449667450391579
281,V4 | V5 | V17,0.843412757069375,0.7825839978205522,0.6769007723922623,0.8500994931345819,0.7214071474523484,0.8776282703065873,0.07664333714506483,0.2519264225431815,0.011062210166796989,0.824175073603162,0.1164362834953745,0.518950031892751,2.902078861829099,1.5251597264605048,0.54481603897934
282,V11 | V14 | V20,0.8351407840204517,0.7892612764527425,0.8126072298531624,0.7394842338261346,0.7351182663584066,0.8691045585291222,0.03045255512944473,0.3856942729801867,0.011410770162572106,0.7539631146795435,0.06916328513317403,0.3880880445025619,6.023910009518967,0.5062632187755396,0.5447855204644853
283,V4 | V5 | V11,0.8198849004562611,0.7874878803842593,0.7872437054678437,0.7486555984387862,0.7345870746743286,0.7491812985372697,0.05101605016857286,0.4605981201253914,0.01687711702549908,0.9675075657734753,0.16318210271350894,0.438655834991101,3.407802731427543,0.9337603383588099,0.5446970501441262
284,V5 | V10 | V12,0.8450852209376847,0.8170733410930431,0.7501924202368825,0.8596378410174577,0.7343300722119246,0.7543457703751949,0.05922104586565572,0.2977971012629294,0.013367446814142701,0.6973730794712223,0.08761760526896005,0.41451062700727886,2.9049012090998065,1.1531551624760914,0.5446653520499599
285,V14 | V17 | V19,0.8624148669509827,0.7711844408101854,0.7423648609443905,0.8493929565517698,0.7194632080951864,0.7891527151042986,0.055854211108914704,0.2950036645571528,0.030986775683212484,0.8110141718578565,0.1115468123032413,0.45563973614582565,2.5804299160204236,0.9967104474913314,0.5445614796382019
286,V3 | V6 | V14,0.8150607036363027,0.8208110819688431,0.664828347029271,0.8659314609064168,0.7703496438350319,0.7967851216832784,0.09164135720058116,0.28966633937444397,0.04042735983439469,0.6950326371792638,0.07593022153906429,0.44981343333534235,2.02841530323176,1.930671629526532,0.5444618724713782
287,V3 | V11 | V27,0.8500513425085948,0.7741540330183155,0.7662656387265123,0.7473029959519863,0.7316789651676994,0.8655059747538186,0.03447702914854146,0.4335001564674925,0.01256701727935199,0.8185360925444645,0.06743546281535366,0.25593973497975575,4.589091752099368,0.7119617110010416,0.5444154239673491
288,V4 | V11 | V18,0.8433846794419799,0.817608908848794,0.934501050317224,0.713943054383027,0.7742187578897681,0.1392054468719472,0.03510093584286413,0.7608373297307348,0.4148866784640834,0.9187989747420338,0.2163454531204526,0.2730794279833545,3.0595206163702504,0.6444759470180996,0.5442011996595203
289,V4 | V16 | V27,0.8664397050646035,0.7710757781998202,0.825665706916693,0.6678766088051113,0.7504680610032081,0.8200469760143126,0.013459473662331592,0.5117449962472022,0.013432939889740649,0.9039666118151026,0.035874752540523094,0.27461207839445195,13.718607158753368,0.22928170156563665,0.5438839295164877
290,V14 | V17 | V20,0.8586686406335655,0.7843573938890354,0.7088832199202558,0.8426095895228243,0.7219383391364262,0.9088555271992156,0.0489264422340266,0.21888874471237169,0.008156655890998232,0.7635172282875167,0.05257353386136679,0.5102006105563819,4.064434667334518,0.8344642519375286,0.5438822275166754
291,V5 | V12 | V17,0.8564112280303785,0.7904630072451726,0.757396857199475,0.8964224828082351,0.7054285341307106,0.785751394437191,0.06793066377422176,0.19833185734031525,0.0103379203026724,0.6711275531284029,0.09600858352311133,0.4389216358791926,2.3400252399965527,1.323706446559112,0.5436601337393963
292,V2 | V9 | V12,0.8186396868714346,0.8030240175776882,0.7688621071173202,0.777585315612132,0.7322649400617649,0.8473875984367811,0.07620822078640772,0.23305440880783765,0.031165206515241725,0.8095043341169389,0.0875489508849823,0.4844578272366168,2.756746749176078,1.5378341562159765,0.5435786917319289
293,V16 | V17 | V27,0.8953759802323941,0.7615191093285765,0.8320147234898614,0.7605881351369028,0.7016023173220468,0.8672498433465333,0.024184480224963213,0.2871459326927304,0.009326267353466262,0.7300156335293045,0.042000074275679596,0.35734499336046793,6.853238051201087,0.3805626544721444,0.5434732441342096
294,V16 | V17 | V18,0.875350854451256,0.7767414928478173,0.9313496288440164,0.8106133587385778,0.6903167920983982,0.6191870185784357,0.04105296572008556,0.33391394138377184,0.034774893018826816,0.6550116021246111,0.17338025559644396,0.356119966831025,3.0366546328205755,0.7228722934671734,0.5433631605508419
295,V11 | V17 | V28,0.8783181111122798,0.7473295274146726,0.9121377866769794,0.7319244108813567,0.7005297869238587,0.9115706915855271,0.024693541706896638,0.07451219390622423,0.0016724213938567208,0.8659656304317155,0.08245865791624897,0.3095527648168127,6.074430925549254,0.42826338344837234,0.5432101015518916
296,V8 | V10 | V11,0.8479908808578713,0.7739120174540949,0.7723057781735874,0.7695308751521974,0.7055471990955612,0.9382241608105636,0.059282370281307444,0.15971270132337656,0.01366758007182337,0.8309222212610109,0.0988572472059634,0.5489155017556634,4.002809433641453,1.0766287055545352,0.543104583991252
297,V11 | V16 | V18,0.8518229978381423,0.7816453754115245,0.9980979863677713,0.6999489488268098,0.7034967193203784,0.34596265212610405,0.012356973597240592,0.6802424763762142,0.23071020149824512,0.8698106228185349,0.2649300853618758,0.15469896622482396,9.260894242712986,0.2895170588386909,0.5426503162010926
298,V4 | V12 | V28,0.8569718883508164,0.7694179920180734,0.8782754246340482,0.730068836941462,0.7691027337425629,0.8532120161574663,0.04256390470501351,0.08970374947889855,0.0019774349774298173,0.8711350997335083,0.03849810437780593,0.32242159759259964,3.8569214234442124,0.8397442258922257,0.5424714272680116
299,V2 | V7 | V16,0.8635618033323481,0.7971074576635886,0.6864297891390354,0.806562885119398,0.7250624095359953,0.9432882698889875,0.08794111599222619,0.20628152995882987,0.0056751871181598456,0.4905961454330916,0.11757659617801003,0.6528892584608196,3.6621783649779744,1.7420803906306184,0.5423324120604827
300,V8 | V10 | V12,0.8555809332641983,0.7864438131862519,0.7337058861048423,0.8450806295160126,0.7252544022331042,0.9151594566489214,0.05696557468744235,0.12199458847081811,0.012589967792537135,0.6776629241595057,0.053359854303083244,0.5617355505548329,4.188923743459083,1.0075965667955489,0.5421982546542514
301,V2 | V7 | V17,0.8840597601039765,0.8235143222296146,0.5632823401462171,0.8883809164827342,0.7469187044242238,0.9517241018431064,0.07169768045100668,0.13961732057489026,0.0045513111102328955,0.5232589822130794,0.12196408671247808,0.6539243791470037,4.971792391270737,1.3437046386923215,0.5421949043780621
302,V3 | V16 | V21,0.8530890851396863,0.7648925252492946,0.6843157121156518,0.7828747760657482,0.7091243426293948,0.9349614147310494,0.0684129964209377,0.2524318208246837,0.014305877030838333,0.8558641535951991,0.14799037095548545,0.46813202646594715,3.101862107696338,1.3632986594321628,0.5420432409852949
303,V4 | V10 | V28,0.8615836854649098,0.7785926475700796,0.8178451640432896,0.7087532689772048,0.7651171414642536,0.9046989479441632,0.05357868976795006,0.10493723627328158,0.0019256261848857783,0.8706885167194635,0.04912736053908527,0.43948952691592424,3.449031576897223,1.005136283145121,0.5420187001081558
304,V7 | V14 | V27,0.8834107196958935,0.7938096798523565,0.6447897213262109,0.8037379750344326,0.7622033370503906,0.9036278384235233,0.028703544541978068,0.30633072965597813,0.0037588845854505744,0.8011027596156685,0.030433101594336983,0.46141970482766076,7.896742092156727,0.4150532644305267,0.5418174979382532
305,V7 | V14 | V21,0.8834185624854993,0.8158589192130689,0.5540780540099325,0.8248251921526426,0.7746849366222947,0.9519934574607742,0.03330018368544623,0.2104910826659763,0.004116254309565345,0.8671029136835564,0.08590234637800381,0.5856842863637498,10.381734443571663,0.4410815623803019,0.5417736751009986
306,V2 | V9 | V17,0.8345774910782217,0.7855883392818241,0.6990087643496982,0.8028347416674791,0.6993778097022415,0.9242727684837151,0.06981776428978938,0.1851803465172609,0.018517248727134467,0.8807231148453254,0.1259697299328202,0.6108946551359093,4.259322883016065,1.312620046625385,0.5416346183357398
307,V2 | V9 | V16,0.8140795343065936,0.7591814747157981,0.7937579711513902,0.704350317049041,0.6775215148140131,0.9297999445397076,0.09526276611018623,0.27967702072973993,0.034076669575171616,0.8566092102683073,0.12138294640509435,0.6304934005028456,2.9075479263401225,1.923354854370738,0.5415342000087908
308,V9 | V14 | V18,0.8139033248890006,0.7711060804238069,0.8750261649470198,0.7568559602432431,0.7033769171047596,0.5981591663314002,0.04257248643873643,0.5270637252371926,0.12148188335296634,0.9439865712497867,0.12154691991271319,0.34836190695453173,2.944824176593067,0.7664337075496526,0.5414616788038076
309,V4 | V6 | V12,0.7963448776056195,0.8225177500752561,0.7883077643493996,0.7695786641648166,0.7770592560020755,0.709466662988673,0.07228939831571536,0.35946290427254823,0.057653765625244095,0.7875812977595861,0.052310391596240464,0.3683245401143102,2.3462220636207136,1.514101790751739,0.5414557707286551
310,V6 | V11 | V16,0.7971931435954547,0.7740224209058295,0.9023510056399136,0.6657535216989634,0.6866300142951431,0.7249887299273042,0.08484756834456783,0.47713499636498363,0.0689027104245051,0.8804010600340472,0.11074267641645984,0.4242415326443277,1.5562146413092406,1.7093851416499044,0.5414209882937342
311,V2 | V12 | V18,0.8173809466775688,0.7701836693989189,0.8368703839237025,0.7688114384777985,0.6949927435201122,0.8169999697698599,0.06506795343420854,0.24371374730560738,0.031482580587141824,0.896583418851335,0.09046706075601327,0.49001385286428356,3.152868225971102,1.2528993225035312,0.5410804796831706
312,V8 | V11 | V17,0.859316887950565,0.7473016836062243,0.7791756076727141,0.8131980855580464,0.6766456610143471,0.9261429469530289,0.0578751595407968,0.10999379011581291,0.010532517070515002,0.8364870398915821,0.10867793372979945,0.5310812405348075,3.700093407133375,1.0430912475529586,0.5408401698152785
313,V10 | V16 | V28,0.8700220038610718,0.74262911413281,0.8982210403784269,0.694612571127405,0.6943951028948642,0.9345596902901083,0.04954070075862105,0.09876919803557589,0.0018919803333169328,0.8413262525543117,0.05549929194090328,0.45152736253384934,3.3847008197297455,0.8793317112289004,0.5406807591156717
314,V3 | V17 | V27,0.8735791991217088,0.7692501504546085,0.6500883337541604,0.8489933087099406,0.718499037945719,0.898543426160335,0.05673174682430089,0.24031660833663673,0.008816161502878382,0.8195688582532307,0.051277005847983205,0.3733233034922103,3.070573854945899,1.1366644671678476,0.5405630989372526
315,V12 | V16 | V28,0.8654102067469784,0.7334544585808036,0.9495070268141959,0.7165204689241362,0.6983806951731734,0.858137249360702,0.044543365585371586,0.08428694108895145,0.0019429634473054358,0.8912087038733812,0.04359317073841024,0.33520019771465087,3.0355806774408447,0.8392145226681968,0.5401360255994017
316,V8 | V11 | V12,0.8433790837437781,0.7647373619020885,0.8385737763239945,0.7884742748755152,0.7095327913738704,0.8742908619038665,0.055218682557271796,0.13703960797060075,0.014431949345303,0.7076061070786562,0.07662461722365,0.46691985679747644,3.5316176693054278,1.026668215060259,0.5400800285295082
317,V11 | V14 | V19,0.8388870103378684,0.7760883233738923,0.8395412894027162,0.7477917471030554,0.7326431353171668,0.5760699563711285,0.02603132352864302,0.5693221985287801,0.1335614610548559,0.8523795909831896,0.15530693195406522,0.34187849105066737,5.800089271272913,0.4268331690296206,0.5399884981539997
318,V4 | V14 | V20,0.8297323654657753,0.7939140627602791,0.7005749426987331,0.7649279326631083,0.7708040828175874,0.8672413627732742,0.03929241797018876,0.3641175750991195,0.011365060478686996,0.8249515632526138,0.04507896200912206,0.3872553106622154,5.182967387103942,0.7295681282471803,0.5398229643851428
319,V8 | V12 | V17,0.8669069403568919,0.7598334793383814,0.7411702648957778,0.8829017060300011,0.6963528641518902,0.8932578932161224,0.06250657577669501,0.08337218422956004,0.009827063336157234,0.6822610203840563,0.0581166809197533,0.5330672624566735,3.2655712315327197,1.1461354323936608,0.5398162873094201
320,V4 | V16 | V18,0.8464145792834658,0.7862981617190612,0.9262370860723733,0.7274091688717809,0.7391825357795594,0.353041101125134,0.03242714394132885,0.6285228163910412,0.2181854414904217,0.9333646051163463,0.14181466132716466,0.16052507330187132,4.030845134297423,0.7314429596412482,0.5397578405094774
321,V2 | V4 | V18,0.8043824757165654,0.7623046599742985,0.7700822528917811,0.7083456551065911,0.7109713568417501,0.908984674949253,0.08622100069878587,0.31447825777540456,0.03720334640504939,0.8482099457503114,0.10931980809292924,0.5860372547651964,3.2560812380553465,1.7414085395359378,0.539739731128466
322,V4 | V17 | V28,0.8729096925576031,0.751982313722209,0.8240737450963965,0.7577422035361915,0.7362156033830395,0.8976790261379621,0.03212146427394158,0.0709417442872476,0.0016685678744203139,0.9057154681596588,0.05350926914008804,0.3417122887859587,5.837598452273413,0.5944167126043499,0.5395070917360646
323,V2 | V17 | V18,0.8333187508843556,0.7527479911030548,0.7772377251239985,0.7944922974885194,0.662105613160589,0.9030057220764183,0.06747911080304606,0.1932129040982418,0.018639643374837853,0.8614666463167532,0.13071181141200414,0.5979554177819936,4.000873721298981,1.2517532115637975,0.5394345691017897
324,V3 | V4 | V21,0.8446507667435244,0.8008560586865644,0.5490212524193232,0.7947745143420238,0.7798463811987844,0.936909998219356,0.0653755174741929,0.2697080910540443,0.014845642771230369,0.8881481704389322,0.12734158365251347,0.4427177681833723,3.72753661539628,1.337880347705137,0.539402180085313
325,V3 | V10 | V19,0.7926576374375561,0.7351574487173733,0.6001573023831033,0.8107525341152065,0.6634023357736474,0.9362457384123339,0.10939140801306685,0.4535169816339388,0.06256451954932458,0.9000120826879087,0.17410021026198128,0.594061878770379,1.9744014426949352,2.2660226454212102,0.5393898628261898
326,V4 | V6 | V17,0.8122826818124066,0.8050820717793921,0.721556054394954,0.7952215118516381,0.7441721256425524,0.7808294772286559,0.08383788287144929,0.276696754561753,0.02640902670369202,0.8781436532535158,0.07262397294941006,0.4299673498089856,2.021471288185598,1.7362757873428627,0.5393652504842262
327,V6 | V12 | V16,0.8047831960017816,0.7865542166379865,0.8735341445454269,0.7570625780927432,0.7063372174326861,0.6966185184813902,0.07422788995057869,0.3339032768169683,0.051537367839153386,0.8583391875179077,0.05909418750216989,0.40612461525952337,1.9524059992887075,1.48947155217734,0.5393113590882781
328,V9 | V12 | V18,0.7818290361437952,0.7445802562189824,0.9044469240479027,0.7320439975830116,0.6562612113260861,0.701305116589098,0.06629436171820581,0.4963151458514972,0.13671925648091254,0.8516353431809698,0.11478915339672432,0.4055981187846521,1.9075334161769986,1.2677297338224025,0.5392912737321515
329,V4 | V9 | V11,0.8446434196358457,0.8504492570275634,0.8802582443506943,0.7237142010319193,0.8114909544314204,0.08880415202552706,0.05328282975543527,0.7033062460494617,0.3711612423580058,0.8800007253041523,0.20631053884911393,0.20371161187710451,1.8746578207938576,1.1097207533179179,0.5392643618473154
330,V5 | V16 | V17,0.8518510754655375,0.7466204643832826,0.7829020355394385,0.8394476169121805,0.6506851088829588,0.8826168496415967,0.05056829181707887,0.23610725089435156,0.010732025441739818,0.6785363523764198,0.13455382536386962,0.5487228961213935,4.731920582538399,0.8638525707107745,0.5384952222779614
331,V3 | V5 | V10,0.8187282872621583,0.7809618393571852,0.5644941850746872,0.8806534319076789,0.696483367587845,0.9367791937943029,0.10931556030400845,0.29966428043582677,0.012995187424924821,0.6287909176599019,0.15514043953583195,0.591518090828367,2.551353202204149,2.3211107247608767,0.5384080661511971
332,V7 | V16 | V18,0.8267511526047083,0.7386636963048828,0.8444386300328445,0.7636721734553656,0.6490586808003166,0.8095600617521249,0.045170862919312084,0.4213541388579518,0.0074392709418104625,0.82562389456455,0.15928857404101393,0.4893894695843795,3.9196949695243233,0.7467231478636086,0.5383018109325574
333,V2 | V7 | V10,0.8727337530112826,0.8501246560774852,0.5522649448699858,0.850983452393435,0.7758202425054378,0.9420317754604047,0.07550131578402093,0.20369836266177038,0.005354263237135698,0.29636577461990044,0.11053127343449941,0.6497206966816043,4.774231173300236,1.4462367097155533,0.5381107697945854
334,V2 | V3 | V18,0.7910240130020425,0.7340721676630609,0.688751346611586,0.793866627749179,0.6571460388960328,0.9391672274814484,0.12797026872008965,0.2451421129735349,0.029798692875390376,0.8960118260070618,0.16141169394594282,0.6182325723578891,2.368645913740055,2.7894688332825828,0.5374425967287425
335,V10 | V11 | V20,0.8076782923893389,0.7719101077999242,0.7810271578141523,0.6917517981899369,0.6840169683014237,0.9137703679894223,0.03850258532540999,0.4495578918164778,0.011049237967858812,0.8680374499591597,0.08423901509413828,0.4412135313655674,5.39547606437156,0.6593762260457192,0.53744183254774
336,V8 | V10 | V17,0.8715187374709852,0.7690081348903877,0.6578432670784865,0.867239525839622,0.6923672718735809,0.9444563116800911,0.0637709271520758,0.09772957432068757,0.009420321714518072,0.7176783803545101,0.074115098875346,0.6071642270339821,3.9177743840073305,1.1377190500828425,0.5372363597357356
337,V4 | V5 | V10,0.8320867499766814,0.8091943316684227,0.6683104575450479,0.8096359715354712,0.7503086855335624,0.771981416236783,0.04303601110243677,0.3927941285297787,0.01449591418055437,0.8363759430902853,0.10568813160847917,0.43571282934521816,5.274703766942714,0.7858902800595391,0.5372135041423229
338,V4 | V7 | V9,0.8195715744024121,0.8074675779209218,0.6702458420175393,0.7846779564697971,0.7570529159113584,0.8202776080362512,0.03333835135285197,0.43199272033884306,0.0075949767026422645,0.783124855089045,0.13136302474345604,0.4934995871057368,6.919576446605243,0.49590112341232556,0.537197616455684
339,V3 | V6 | V11,0.7753963624847694,0.7817534620318616,0.750921769133742,0.7706397415411821,0.7035267349188153,0.7969419389082699,0.09909754301549244,0.383283648628916,0.05329156310893786,0.7650192021408226,0.1400585091052465,0.4427446155238154,1.6541700830163533,2.0951626593635835,0.5371030318621173
340,V1 | V16 | V17,0.8043703425244997,0.7641248721261185,0.7780637059132451,0.8806366687563717,0.6846609007929133,0.7174340547388898,0.1093454884417621,0.2078957870864851,0.02689311939857412,0.7267762515553804,0.17810699817057424,0.3268483226299883,0.9871336458999405,2.364944640705667,0.5368060079242458
341,V2 | V9 | V10,0.8232514839855278,0.8121986731296946,0.6908238907926709,0.7582210192391882,0.7282793477834556,0.9180134104309005,0.08130476803239359,0.2758672567885513,0.02824194075892876,0.5184616747313916,0.11402846718009754,0.623530164902184,3.6734638196025022,1.5904039823881289,0.5365826569226033
342,V3 | V8 | V14,0.8566864912197852,0.767683480103212,0.5917134116339171,0.9009161016270201,0.7385089956660075,0.9118221505929175,0.08533579372726646,0.1094677831800783,0.012684045059902378,0.7238581226202867,0.07228010954794742,0.5120793210166581,2.643160245278585,1.7516204371875796,0.5365444339993313
343,V3 | V6 | V10,0.7875982120051899,0.803459913316025,0.620742475339588,0.8291672791907453,0.7192483457780492,0.8561461746034225,0.1050000521575494,0.33118378281793703,0.03710353009247891,0.7495198139937235,0.09281980214534827,0.4871844638326954,1.8481670783880009,2.237862927541366,0.5363127503881889
344,V3 | V12 | V28,0.8436134256362933,0.7411854997068358,0.8151683972577096,0.812266634162292,0.7152774157968455,0.8909495934884981,0.04403055515415527,0.07097083249686825,0.0018729668061346404,0.8045192098023812,0.053195538912574815,0.3318895089801769,4.046625830519004,0.8781396499443093,0.5359546516127947
345,V4 | V10 | V19,0.8060161001520791,0.7633899410286108,0.6970069762432702,0.7282866394610598,0.7172276537193647,0.741766637686831,0.04979541195342477,0.6384211895409073,0.10210450821228759,0.9359095878188859,0.11651367639558921,0.44021168150133516,3.8421819770918852,0.9191629014322297,0.5359537411242683
346,V10 | V12 | V20,0.8152683447956658,0.7844419035320813,0.743180419434629,0.7788520761633108,0.7037241714389667,0.8787043076040102,0.04610512213466933,0.3175583925413223,0.01028753749931068,0.783218844063172,0.045932965787433166,0.47116306760730103,4.503369938191858,0.8120662727270034,0.5357591417730059
347,V4 | V5 | V12,0.8274749528625882,0.8000196761164164,0.749924454974381,0.8271579989895796,0.7542942778118714,0.6802958831575825,0.05160873727514591,0.32414361444803813,0.015343721189207554,0.823115615619081,0.08158205381909495,0.35334494767984415,3.3840394685419826,1.0340558953332473,0.5355741576563944
348,V3 | V16 | V27,0.8530812423500805,0.7428432858885825,0.754318894540734,0.7599189908993669,0.6966427430574907,0.865877893220904,0.04047410088101498,0.3772122632040177,0.012108616341760858,0.8099541129114657,0.04968924891195401,0.30249341744907826,3.973689554778234,0.807334488776675,0.5355719548243846
349,V10 | V17 | V19,0.8349523753198694,0.7538332721573673,0.7053791609327716,0.8113576421913018,0.6683619100382037,0.8752714365431892,0.04794186457287826,0.33762522035589504,0.028934060358253806,0.8106270693654007,0.13996544529273594,0.5360774648045148,4.402031280861958,0.7939917324108874,0.535556827615165
350,V2 | V4 | V7,0.8551234849361862,0.8330709911008582,0.5518533924807854,0.817923439710751,0.7957844481053847,0.9302015627411582,0.07367445400915226,0.21961068047320462,0.005797704149423288,0.4683745070333338,0.102442156326528,0.5975720856879733,4.399307540032607,1.4363813629369342,0.5355511607199025
351,V3 | V5 | V17,0.8300542943548523,0.7543515055093146,0.5752267607645576,0.9159899873719987,0.667581829506631,0.9234919840382053,0.11606958182911002,0.1994374467884145,0.010094548465631023,0.6662362227180504,0.17396178381892602,0.5560163122879125,1.9061735056995734,2.478872933859148,0.5353926932763111
352,V6 | V16 | V17,0.8207210002085686,0.7691185383421224,0.818738104087702,0.783332426320807,0.6734500870731628,0.7768525249653774,0.08342901105099387,0.258831007476213,0.024927510074572994,0.7669838972721776,0.08236305738258731,0.46886491741144587,1.741805992046818,1.6524340166749016,0.5350716486277893
353,V2 | V3 | V9,0.7922827531959088,0.7669125158418302,0.5921411072416798,0.8022193286872035,0.6944182354376853,0.9521988173125845,0.12730447175267834,0.23440323733873333,0.02951203023808739,0.8523765858380884,0.15499082253780153,0.6185844297433539,2.5762523966128534,2.7881353398594686,0.5348796574642254
354,V2 | V4 | V9,0.8056412159104314,0.7951450081530678,0.6905191220703722,0.7182246440196959,0.7482435533834025,0.9104729971173537,0.07694135554788865,0.29953487914864557,0.03677009155951074,0.7222032729907615,0.10560086017696449,0.5821953187336484,3.893117344367407,1.5219724167891975,0.5348384834722445
355,V7 | V12 | V21,0.8513442737402931,0.7893330950082441,0.6112831218313399,0.8032055328346637,0.727569230843621,0.9465118120290505,0.034489040901208176,0.20194088430644186,0.004152974833033616,0.9242948788405572,0.08157505837574308,0.5636294492831182,9.78886698917447,0.49083241571692743,0.5348074158865156
356,V9 | V14 | V27,0.833928450670139,0.755883696904566,0.7610734580685735,0.7008895249406637,0.7146624423284083,0.8643828414311093,0.036483155342794664,0.4374557841599721,0.012601699712180748,0.9015990580439234,0.03134587242315411,0.36383832172210473,4.4187392973751916,0.6533207671007408,0.5347705010128542
357,V4 | V11 | V28,0.8493818359444895,0.7568861962859165,0.9068066376906723,0.6332345553352248,0.7493955306050198,0.8740422579212009,0.022415401783888463,0.11799622593285014,0.0020621559977575493,0.9670892412521548,0.07041435846564863,0.25788588147659636,7.530371230255922,0.4417321361398053,0.5347342607329766
358,V7 | V14 | V28,0.8693827504172654,0.7483093508087197,0.7482206803597808,0.789376429282388,0.7260945845419937,0.9215311774205575,0.03305479942852172,0.07063627178704958,0.0007024878432168006,0.894017614516663,0.044388487086426766,0.4774764835661021,6.744259059081795,0.5013084410131524,0.5346749195816398
359,V4 | V6 | V16,0.7917847250407785,0.7786752072133661,0.8122024456026941,0.6950826578340081,0.7223158307543239,0.7201592074015782,0.07889578958426588,0.4475206888603044,0.0676877046474372,0.8908266181180127,0.07033487128599779,0.4090931967856362,2.0618047938344626,1.6263067804797344,0.5346526732247767
360,V3 | V5 | V16,0.809556337583224,0.7279446409432887,0.6956041033773112,0.8388752653418411,0.6457255346184025,0.8918702950159314,0.09761279651953719,0.3039310936757062,0.014331605522913158,0.7725884915452933,0.1666541265378755,0.5404777953625326,2.222458576209647,2.0232541652382596,0.5344961520138004
361,V5 | V12 | V16,0.8359132712587504,0.7640561426791469,0.8418517205257763,0.8160055791999963,0.683572239242482,0.6739487850214554,0.053413294742291825,0.30202710821329054,0.014772671732226846,0.8593945401319988,0.09280749943601536,0.3849929274903198,2.7987971184443743,1.016634891648035,0.5344652496791245
362,V8 | V12 | V16,0.846408983585264,0.7334266147723554,0.8283790460096494,0.8001138667446295,0.6744965692636616,0.893270179742051,0.05054815975985262,0.12347745707922353,0.013853612832765256,0.7426633655706996,0.05631791381216383,0.523633142391601,4.237681497121928,0.8719289853160971,0.5344570701987792
363,V14 | V18 | V21,0.8326775532658788,0.745092588086509,0.7714698788314174,0.7169056993352086,0.6898718453586599,0.9281025472425858,0.03601102302790824,0.2999169521920351,0.015048286558750673,0.890085270164128,0.0913781446290298,0.5040805529187474,6.086858768048479,0.5436007366038766,0.5344199808548924
364,V7 | V11 | V21,0.8437542213339664,0.7768012992760872,0.6609984160891835,0.7205609130561634,0.707862027706078,0.957194654782083,0.03138628748221461,0.2699646980029995,0.004347583850628758,0.9827168748894866,0.16316416498368932,0.5374695307154224,9.86346828145517,0.43274546553339444,0.5342342837009424
365,V4 | V14 | V19,0.8334785917831924,0.7807411096814292,0.7346429521978437,0.7728304476222403,0.7683289517763476,0.5757977858572089,0.043305802912901974,0.5303909466046539,0.12920564477083477,0.8891507637416766,0.0941523802449415,0.35455182877208336,3.352247028953517,0.804035796156741,0.5342071219532785
366,V4 | V8 | V12,0.8379706651891016,0.769390148209625,0.7334281710929815,0.8116187725721774,0.7452186078330512,0.8663371814204417,0.04874923321149321,0.13104302932461082,0.014363935474235385,0.7848485185008457,0.049853260217201746,0.4531524719304852,4.636029616783356,0.9066899420253728,0.5338805310476229
367,V3 | V4 | V27,0.8446429239539185,0.7788068193258523,0.6406394458756157,0.7723653484344274,0.7673647816268802,0.8597481618527429,0.030521706264062195,0.4078725140078531,0.012513291371715298,0.8084568039998261,0.04395723254163724,0.2847405472005697,6.307570770323429,0.617028977082011,0.5337968554782391
368,V8 | V10 | V16,0.8510207806993573,0.7426012703243619,0.7605163927261044,0.7816100808332295,0.6705109769853526,0.9340140556744958,0.05923971273308538,0.14385663725672232,0.013140028469198286,0.783004648093189,0.07177231434824566,0.5794270453415319,4.012106482245851,1.0453209362279283,0.5336461005517855
369,V11 | V12 | V20,0.8030664952752457,0.762735452247918,0.8461379819830607,0.7137814731163926,0.6880025605797329,0.8354569069780512,0.046518484653024196,0.3664933702824557,0.011579391649393605,0.7937495967426312,0.06579636112453739,0.3635218644843879,3.293201176561775,0.8797964365038627,0.5335601672067554
370,V7 | V12 | V27,0.8513364309506876,0.7672838556475321,0.6922919112605131,0.7811755795290319,0.7150876312717168,0.8856556758860618,0.035021189827293124,0.2924643002476844,0.0037916213505939686,0.8654822033217696,0.028835707234876336,0.43097514044595203,5.954981216543042,0.5869512522493384,0.5333470223794777
371,V11 | V17 | V19,0.8227505257994497,0.7321268208732037,0.8161479321469646,0.7505978044765393,0.6526402991789697,0.7693208539064552,0.04571035181975276,0.391259633863758,0.038307969886927355,0.897381889207399,0.23186081741694453,0.4054540992671172,2.814374718244251,0.7865160179154687,0.533238624262768
372,V4 | V8 | V11,0.8303806127827748,0.756858352477468,0.7720503547910562,0.7304554326254155,0.7255114046955081,0.8871898371069673,0.04277723259099148,0.1716810265201471,0.015725238857471676,0.9419323166355298,0.09185014693073823,0.4504615979369414,5.356998516987196,0.7661251261855118,0.5330864676574488
373,V3 | V6 | V12,0.7829864148910965,0.7942852577640185,0.710408320180051,0.8460355701525881,0.7232339380563584,0.7604543794398169,0.08106750325235206,0.2768133446536169,0.042107767128337074,0.7874001708327545,0.07218913159799518,0.4020558805569066,2.2162974466997554,1.708444847998432,0.5330790325677538
374,V9 | V14 | V21,0.833936293459745,0.7779329362652784,0.6921673997461557,0.7266202388952855,0.7271440419003125,0.9277887072907002,0.03707548528612302,0.2859121822295727,0.014964182194523582,0.8535331761344505,0.08842351786329077,0.4993026743673128,6.702447693410009,0.5887769531125935,0.533033806290439
375,V12 | V14 | V23,0.811447375151183,0.7198681023351012,0.7665581516803818,0.8148907043777238,0.7157975911357704,0.890315398022721,0.062322053187323416,0.15785316336316732,0.006127109204100356,0.8796068953015773,0.05546278484129701,0.4866081774363774,2.619704837795275,1.1457160225679126,0.5328438898338093
376,V3 | V10 | V28,0.8482252227503866,0.7503601552588421,0.7451776696446367,0.7942107656016993,0.7112918235185364,0.9405904635263926,0.06339319856948357,0.08369199690053836,0.0018236401197362624,0.6857719004595662,0.06773087196749888,0.42850384360462557,3.2110519409689235,1.2719194107445209,0.5327958411414596
377,V11 | V12 | V13,0.6723324027123055,0.645331893950565,0.8356713141440987,0.696636183823673,0.6059946475350989,0.9860576248034795,0.14216278417115955,0.5397820357185552,0.1615642136037899,0.6542505923677875,0.215859985387213,0.4795042783242527,0.8910162762858831,3.084506947028572,0.5327192751238854
378,V3 | V17 | V28,0.8595512298430805,0.7237498214109717,0.75246020865687,0.8358788597280014,0.6823902854373222,0.9244859963654608,0.05935657379871149,0.0551030480447916,0.0015784659155027548,0.7704450264450332,0.07388126063522489,0.3831121877525196,2.922603437472301,1.1894169939718071,0.5326478974394567
379,V16 | V17 | V28,0.8813480109537656,0.7160187802849396,0.9034595816304899,0.7449255092424079,0.66549356481365,0.9045283272293365,0.02487356383426189,0.0663846530534059,0.0016388718499063014,0.7438714265598716,0.06045174846859752,0.37089736024701103,6.6002936169797,0.38162399338215547,0.5326058455649612
380,V14 | V16 | V20,0.8381706838619375,0.7579505293230094,0.8018154268286335,0.7522945937593752,0.700082044248198,0.8593072989427047,0.029346484777714007,0.33808659672265445,0.011019938357256077,0.6616290554461169,0.05094677329578431,0.41944203057166873,6.326265565945022,0.4505256412494123,0.5325840307993324
381,V12 | V17 | V20,0.8265943518883596,0.7578315696842108,0.75049429793768,0.8217536840214879,0.6748226333577526,0.875530120266386,0.047016389963712005,0.20992254528569515,0.008254473237795972,0.807928693178226,0.050042515101780295,0.45758205780343697,3.785910679857466,0.8233374305566722,0.5322986390961756
382,V14 | V16 | V19,0.8419169101793543,0.7447775762441594,0.8293681488123292,0.7603956894645427,0.6976069132069581,0.6249866335438325,0.02727237423070837,0.48489304074560247,0.1029743341532373,0.8666740838675449,0.10765737898439226,0.381226150258886,5.480129971000428,0.41417647384150486,0.5320401923875663
383,V4 | V8 | V17,0.8539084693958886,0.7519544699137609,0.6575159108007457,0.835260609682496,0.712331477473528,0.912266824170046,0.054103152582805646,0.10512184106178231,0.010492465072766164,0.8932684224086066,0.06915462487033922,0.5023607622165089,4.34074311827664,0.9941411597349454,0.5318618874979435
384,V14 | V18 | V27,0.8326697104762729,0.7230433487257969,0.8301568423677161,0.6906620318682333,0.6773902457867559,0.8502117266627609,0.02501212820426343,0.4636943664434787,0.012664325286117153,0.8890731608342193,0.03239925251055004,0.3322203373104012,5.730884724638512,0.40709676692556046,0.5317208099812476
385,V4 | V8 | V10,0.8425824623031948,0.7785648037616314,0.6485534415527573,0.7935393065533797,0.7412330155547421,0.9023435427422094,0.052337666342051885,0.1526855673232376,0.013605625042571127,0.8746256693283598,0.06343994908925946,0.517449928922427,4.901726197279085,0.948550728854646,0.5315057950058574
386,V9 | V17 | V18,0.797766840350582,0.7271445779231182,0.8534055213545476,0.7596122393598488,0.6233740809665628,0.8177580096839746,0.04904874753286442,0.3673165774349823,0.03715687040664899,0.8032765686743593,0.1724111052293974,0.4575834569317316,2.950735093831466,0.8347653182376057,0.5314468540442595
387,V4 | V11 | V19,0.793814250631659,0.7416834897444474,0.8095752220061025,0.6558489806081697,0.701506042860131,0.42888820564242025,0.03277264095882769,0.7934075647374812,0.4544692808378603,0.971162395430982,0.1836985513664467,0.2926425015945612,4.458668539334913,0.6243563462346394,0.5311766949897023
388,V3 | V16 | V18,0.8330561165689429,0.7580656694078234,0.8697580779582353,0.8100073576837257,0.6853572178338421,0.46940891529784357,0.03689023588033745,0.44777080370525707,0.09409716748829111,0.9089392855678433,0.2217453192105363,0.2696121634260364,3.8437972473169046,0.7367787759766371,0.5308676197933079
389,V10 | V12 | V19,0.8190145711130823,0.7712689504532312,0.7743429032392622,0.7865413121978764,0.7012490403977268,0.6450686698858034,0.05742715134457992,0.450096905261091,0.06982848089002852,0.818218633439826,0.09606854409477092,0.3568430410819826,2.21036039578609,1.1063433133682552,0.5308346396807495
390,V3 | V11 | V18,0.830026216727457,0.7893764165375565,0.8790871986930767,0.7985961392640921,0.7203934399440507,0.27918927580783603,0.051352501356725117,0.5217770932032331,0.11913030909377553,0.8627133246463953,0.3966296348568279,0.28254821700287264,1.9974216360074852,0.9923227401790277,0.53054684274986
391,V4 | V5 | V16,0.822914800297747,0.7561771332545263,0.7758345316462414,0.7612382660617378,0.6995508525641199,0.7317073140172137,0.037850042959890445,0.3991014509133614,0.01612127362754002,0.9464832722790512,0.11231672593548017,0.4501909068314926,4.819054493329505,0.6170582670479998,0.5305116077572748
392,V3 | V6 | V17,0.7989242190978834,0.7768495794681546,0.6302560063072384,0.8681535095086006,0.6903468076968352,0.834237614125832,0.10019128474290057,0.21777473274528553,0.022286665701786095,0.8093079745431857,0.10185769151678767,0.46762752768477456,1.7769408371234965,2.116858820974992,0.5305011714345391
393,V8 | V11 | V16,0.8388189311789368,0.7208948190401984,0.8600588414466601,0.7169175721443932,0.6547893661261188,0.9032003803862817,0.04759391524539913,0.1616655641307815,0.015129650555785629,0.8279191927341742,0.10492051774845276,0.4976989495935595,4.245756597318863,0.817336527492794,0.5304398570628696
394,V6 | V7 | V14,0.8087557396720684,0.8014091088659026,0.6247233046507658,0.8246576942856828,0.7340511068015063,0.8500304005507647,0.08960612014526487,0.2754743684681294,0.006341513088374671,0.6537366506928057,0.06016324727776815,0.5067657482063317,2.0197427460205026,1.8170921147941475,0.530280546818708
395,V2 | V14 | V21,0.8694882039935188,0.8035363494452149,0.5799946155560319,0.7637704246163851,0.7658755740943386,0.9476726870722112,0.04344216993012693,0.15643048145153193,0.01014657083307636,0.7786303859332229,0.07070372258299444,0.5952471230652376,7.999652684513652,0.6857221242371534,0.5302518027537315
396,V11 | V12 | V19,0.8068127215926625,0.7495624991690679,0.8712347118035025,0.7225190041219257,0.6855274295384932,0.5709873608991894,0.05035425523937507,0.5346224884525338,0.15214093465045891,0.8161079766639027,0.14577254695097422,0.3482100277205495,2.232055040260973,0.9235708695837886,0.5301922202657147
397,V7 | V11 | V27,0.8437463785443605,0.754752059915375,0.7343557578972019,0.6945114706364962,0.6953804281341739,0.8957045288015895,0.01830363138666775,0.40833467118972055,0.003964770388212786,0.9011221618117692,0.053551091688534766,0.36974588767609384,13.268245248079214,0.26452712915716203,0.5298853634318265
398,V11 | V17 | V20,0.8190042994820327,0.7452997739520538,0.7877693027039376,0.7423367007906209,0.6551154302202097,0.8923099592993206,0.03403918004772978,0.28155671882715017,0.008784901615841965,0.8937140214802344,0.092223450372184,0.40059478842522417,5.473972173898997,0.5797835025677451,0.5298692007777995
399,V3 | V11 | V28,0.8360233732299668,0.7286537039746785,0.8477365160922171,0.7312161619342057,0.6955702126593025,0.9114737324089512,0.04004932824503409,0.09448342623911023,0.001953566236868367,0.7842025391417476,0.09852458192341591,0.2822104412608002,4.10297786486331,0.8210907513829641,0.5295876565340591
400,V3 | V5 | V12,0.814116490148065,0.7717871838051789,0.6646051155054398,0.8959112237111927,0.7004689598661543,0.7737647583539996,0.0690437048768705,0.2520293848322624,0.013695147842117361,0.7338313165174677,0.11564977270516213,0.4042506865020819,2.730446600790244,1.4201618614697356,0.529572353745521
401,V11 | V16 | V28,0.8578201543406518,0.7209226628486465,0.9740636704897445,0.6167754961941562,0.6786734920356303,0.8848206010938091,0.01681994574971171,0.11114643049316247,0.0020263128774595123,0.9153348744208187,0.07980423527316455,0.21734979324434675,7.575282882519897,0.3298048649644735,0.5294358067079644
402,V4 | V10 | V20,0.8022698738346624,0.7765628941074608,0.6599245564598809,0.7196491815693584,0.7197027847606045,0.8919521151992091,0.05149559605812493,0.4224950760503595,0.01100590236623934,0.9028980537176163,0.05461181397823446,0.4583649625361281,3.9477343597865837,0.9519280532112712,0.5293397231911191
403,V2 | V14 | V27,0.8694803612039129,0.7814871100845027,0.6661865451340483,0.7399083825592163,0.7533939745224346,0.9148948702916544,0.02540147874825833,0.2217372906666376,0.008869606015382466,0.7471851987164827,0.024642288232255408,0.5166359864320225,14.04426316508806,0.31543110885669906,0.5287906428897252
404,V4 | V11 | V20,0.7900680243142421,0.7548564428232974,0.7807765178664887,0.6458661095023531,0.7039811739013708,0.8514691656907327,0.03636013178209927,0.49870591699054173,0.012457845335064834,0.9507922707850947,0.07848193713697699,0.3372701862097515,4.879485985579763,0.6909851686608537,0.5285873547656266
405,V2 | V16 | V18,0.8128207941127278,0.726341126537029,0.8584330771976141,0.6941933779236465,0.6402493182723608,0.8101692099658132,0.0680442167643622,0.2932626712560365,0.03445196865290555,0.919174204643706,0.12588352347697845,0.5144689192993792,2.9580618172579873,1.2980157077033077,0.5284259429474832
406,V10 | V14 | V23,0.8160591722652759,0.7290427578871077,0.6880941603010716,0.7969300937051149,0.7118119988574613,0.93768203923238,0.04398656182537845,0.18430570389621012,0.005928592762681476,0.9230699152127461,0.07066230254685583,0.5464747023621582,5.349615628594722,0.7030132618170516,0.5283943830082735
407,V7 | V10 | V27,0.8559482280647807,0.7764585111995383,0.5986461424593467,0.7619511024478954,0.7111020389934075,0.9355531395236532,0.04780750732611481,0.3513482630155535,0.003687159395763709,0.7349946166193523,0.0372618623177968,0.5369226684125529,4.699881877603118,0.7991441785196025,0.5283772252315836
408,V10 | V11 | V13,0.6769441998263986,0.6545065495025714,0.7689534538758741,0.673828335871307,0.6020090552567896,0.9392129050575214,0.08483924579259823,0.6994160927027409,0.10928269682310833,0.9466861958171037,0.3316287895254501,0.5841992324731666,1.873776636010488,1.592429057191114,0.5283057203315565
409,V4 | V12 | V20,0.7976580767205693,0.7673882385554546,0.7429083499959382,0.74051906063116,0.7236883770389136,0.8343533534000873,0.04365787171076863,0.34644964028651354,0.011532553098242545,0.8621491638559281,0.04288739357267733,0.3698548212396711,4.287488609993969,0.8390051696509258,0.5282348505730925
410,V12 | V17 | V19,0.8303405782057761,0.7446586166053607,0.7811826951937176,0.8288210563046547,0.6723475023165129,0.7090036417084675,0.06545473012665295,0.28183013983068783,0.031997936552227095,0.7793675403661918,0.1055233655546949,0.40599859187318454,1.8216439503193544,1.2338899068531644,0.5280937915025627
411,V10 | V17 | V20,0.8312061490024527,0.7670062252362172,0.6689904658180756,0.8040397992906474,0.6708370410794434,0.9223326430285439,0.039828226799583547,0.24724142155337164,0.007944995732240825,0.7943177921828539,0.06368195733508535,0.528651401343488,5.860385511767689,0.6188006286765554,0.5279751997651756
412,V3 | V14 | V20,0.8163739027512527,0.7656815704490415,0.6045545392000137,0.8420408122925204,0.71697876487187,0.8926568555333756,0.06814930581703392,0.28003541187655373,0.010354713207016907,0.7162771618376168,0.06213161355372665,0.42105717265228704,2.81605507311321,1.3849006048948616,0.5278556585609574
413,V8 | V16 | V17,0.8623467877920508,0.7159909364764913,0.7675626466059692,0.8242876347052125,0.6416094389041385,0.9124803955962487,0.055866530764217034,0.0989444078539032,0.01018950746713992,0.6691656237388004,0.07834847547928578,0.5583743114323761,3.770055072068785,0.9639677896696925,0.5273956586730221
414,V3 | V4 | V5,0.801118019187062,0.7639081743805584,0.5640934009279039,0.8495390937446075,0.7164475731877922,0.8640066508349944,0.0868116651728926,0.32624591697761374,0.014873071852072898,0.7491201100814787,0.14224585543515908,0.4964435357655971,2.735473227297247,1.8144155456002649,0.5273183152862311
415,V4 | V16 | V28,0.8524117357859753,0.7255754491561833,0.8980266266031173,0.6489981405731062,0.7143593084948112,0.8709793565117769,0.019793467948449602,0.10622888445219124,0.0020217435804971606,0.9580961161651057,0.051854069215535065,0.3065812967731411,9.296204829543125,0.3414123646406125,0.5271329689261186
416,V9 | V12 | V27,0.801854161924933,0.7293578726997415,0.7984096937725729,0.6730883194738719,0.6675467365497346,0.8632606539774835,0.06602973526009896,0.4143279849813296,0.012801086997456699,0.893469588185951,0.029714134393250744,0.3986068356882653,2.094304491765035,1.2882412533544092,0.5269116908011129
417,V3 | V8 | V12,0.8246122024745787,0.7411576558983874,0.6446853292651535,0.8823765671000715,0.6913932898873341,0.9072241831893237,0.07284587704908188,0.10516141857986373,0.012885656120543959,0.7355223244104583,0.06874322560058765,0.4982054496154856,3.22962331174754,1.461861520431397,0.5268339377546605
418,V5 | V7 | V14,0.8398858149290374,0.7789110349070628,0.568988562043261,0.8765826991215813,0.7112861286113024,0.9294443653160116,0.03929143233336383,0.25084670495967526,0.004120095690853964,0.5656309311644326,0.09461316490441932,0.6143755510103774,9.981359648437252,0.5730921577802229,0.5266841752699749
419,V3 | V8 | V11,0.8170221500682517,0.7286258601662304,0.6910978102200803,0.8125951799657553,0.671686086749791,0.9211157212851746,0.08010457697767182,0.1377749678549803,0.01400808851283446,0.7763353103658623,0.132032006895809,0.48509124335187653,2.9167338832392318,1.6546680422958167,0.5264349344069859
420,V10 | V11 | V22,0.6635336794943508,0.6341338079549622,0.7680984732794274,0.6793244680554985,0.5995785481502941,0.9521130940714746,0.0908146801158766,0.6734688660749453,0.10182277556417861,0.940845267495521,0.3998559069219996,0.6213630782762387,1.8912227805014261,1.7208375026420193,0.5262931960094442
421,V2 | V3 | V7,0.8417650222216633,0.8048384987896208,0.41334339138632853,0.8878614471334951,0.7419591301596675,0.9531270342126642,0.11303815254547013,0.17502859773283125,0.005431706151870905,0.5239894423160854,0.14960940837600262,0.6252099513224237,3.026867865189948,2.422510281892079,0.5261899169156651
422,V10 | V18 | V27,0.80520721884516,0.7056921800729787,0.7997949020542898,0.6378226536367786,0.6262889477297731,0.9134513761330325,0.04463059083106205,0.549733331638281,0.012234725432870752,0.9261166007764844,0.03956276181727944,0.4172475758704671,3.4796710299608007,0.7841185400161012,0.5259227191817519
423,V11 | V16 | V19,0.8022525690278212,0.7057199563071778,0.8912830804540394,0.6401220270940852,0.6307840042907414,0.49944549977206903,0.06961095369363185,0.7071244328909354,0.24256194071039655,0.9247280967863589,0.2204647215721951,0.2811915365523184,1.3785336625579228,1.406376806909658,0.5257787410559628
424,V10 | V16 | V19,0.8144544185482415,0.7274264075913413,0.7989525209212157,0.71468972495127,0.6465056151499753,0.6631917221834619,0.048196145332382784,0.5776116301860995,0.08486172489401493,0.9118673918404475,0.13464853890889197,0.40183979399487324,2.927680463670228,0.8656982277582196,0.5252315108979494
425,V3 | V17 | V19,0.8039836445302503,0.7085471148695027,0.610100193354527,0.8511301720285246,0.6345007976924333,0.8857493821034578,0.08669717900301242,0.2835616373943152,0.03026360792270088,0.9248518210152415,0.1966706419434438,0.4988696717683087,1.9203855531118788,1.734140519908789,0.5251476294564648
426,V14 | V17 | V23,0.8273851793579701,0.7024324240392372,0.6963271645423669,0.8383833627508426,0.6829104607762471,0.9332051834250836,0.05363341160924023,0.12673873641002323,0.00500794992593046,0.8223327908029755,0.0771200303410617,0.5433977490859901,3.7324165065500345,0.9161845908165934,0.525128900470471
427,V11 | V14 | V23,0.8038573227448562,0.7073363066029441,0.80260639992039,0.7342956522678415,0.6960903879982274,0.919900316498165,0.031962028794679624,0.20788743300044196,0.006461958751544111,0.8386455506639865,0.10315308072297812,0.4399682095191552,6.420889796066827,0.5032944956256487,0.5249788811872546
428,V9 | V10 | V18,0.7864408332578882,0.7537549117709886,0.84756297302425,0.710813406416972,0.6522756190477769,0.620696619701074,0.044648141481070665,0.6339284407677697,0.09717644696666101,0.704237749935334,0.1538343977682899,0.3606667313153306,3.0130757836763684,0.8152247767394302,0.5245124102967694
429,V7 | V12 | V28,0.8373084616720595,0.7217835266038951,0.786568812679049,0.7661480110812608,0.67897887876332,0.9135223126841906,0.030668327111856575,0.06758344558983541,0.0007105196982405247,0.9148194118983357,0.04222699026087256,0.44212569763054843,7.444912962027956,0.4820848953828309,0.5242706373188503
430,V2 | V14 | V28,0.8554523919252844,0.7359867810408658,0.7653999212679684,0.7235803928127523,0.7172852220140377,0.9324044933752359,0.0413444595898513,0.05023129775582009,0.0015849633207069642,0.8008832966309687,0.03661614115885556,0.5363722145577308,6.682693159665734,0.6681617692808444,0.5241404528472026
431,V10 | V16 | V20,0.8107081922308246,0.7405993606701913,0.7694612874498264,0.7058144755459131,0.648980746191215,0.9033153545734942,0.04017800163626901,0.39020829899675413,0.010678459365112015,0.7380100298068129,0.061701949405289835,0.48383976763448644,5.392245707556216,0.6625060644276867,0.5240184116114815
432,V9 | V12 | V21,0.8018620047145384,0.7514071120604537,0.7352439457691365,0.7002367420211582,0.6800283361216388,0.8922019389333509,0.07253460133193701,0.27328234800039103,0.01523234379886939,0.8382162277273778,0.0839414861844319,0.47817765287359676,2.1741047034570773,1.3947518171498043,0.5239902873464429
433,V12 | V16 | V20,0.8060963951167315,0.731424705118185,0.8361108174858671,0.727251839797383,0.6529663384695243,0.853597867244211,0.035404950560357674,0.32218610707559536,0.011179031521240548,0.7466970082501493,0.04849146224987987,0.4098311468721404,5.272879637252335,0.6029593778914066,0.5238849606019782
434,V12 | V18 | V21,0.8006032645206727,0.7185667638816845,0.8080064088238207,0.6899958854990071,0.6427561395799865,0.9157460060268379,0.043341868822296147,0.28644498218647124,0.015319086946753699,0.9030863385804581,0.08671141694815744,0.47466156700080336,4.589319084810571,0.7357664285856124,0.5236179467768807
435,V2 | V12 | V21,0.8374139152483125,0.7770105252403903,0.634251922830596,0.7393041646171883,0.7187598683156652,0.9377859717969205,0.05014020873028581,0.15032677030933433,0.010285384229722892,0.85317671273125,0.067253307232658,0.5784026045614159,6.1490859478459425,0.8570451791253602,0.5235893652409676
436,V9 | V10 | V27,0.806465959039026,0.7385325282517478,0.7256152412921393,0.6491656320971118,0.6635611442714255,0.9247574002718629,0.05670273472356773,0.5156182756002938,0.012175635641022914,0.742922922134163,0.0383289618593646,0.45778060620891786,3.0175409954246732,1.0481706011608563,0.523137257523159
437,V3 | V14 | V19,0.8201201290686695,0.7525086173701915,0.6461572929773826,0.8488317721672949,0.7145036338306302,0.6364524375650988,0.06902616209697951,0.38883246080196615,0.07208964722002277,0.8652332720385755,0.13579256372846504,0.37043407401572215,1.9370690342075316,1.3810874836542217,0.5231242530414586
438,V3 | V16 | V28,0.8390532730714527,0.6973429568449455,0.8377444051662645,0.7442352727873829,0.660533990549094,0.9070115278739777,0.04432144860346326,0.08476401875168858,0.0019151295414704306,0.8068697446018342,0.07154693503238181,0.32564292583539667,3.8609082605231966,0.8847736590945402,0.5230215309731416
439,V5 | V14 | V18,0.7891448057094165,0.7081447037805031,0.7808350446274965,0.7802492587013399,0.6264730373476678,0.8168950021925239,0.04624936273187915,0.3659132451281303,0.015076368163044246,0.9394600690942235,0.10080654749810675,0.5071763793721761,4.482331280095558,0.779301706634492,0.5229249390647395
440,V7 | V10 | V21,0.8559560708543861,0.7985077505602505,0.4972700530322463,0.7848167593283734,0.7235836385653118,0.9609407929163757,0.04184472737852025,0.23746054301962485,0.004035882448388005,0.7734654291626096,0.10567843007327221,0.6100003924231151,7.778624262337581,0.6244692582861547,0.5228974198368033
441,V4 | V8 | V16,0.8334105126242605,0.725547605347735,0.760254357715976,0.7434939181153688,0.6904751825852995,0.8802582329194123,0.03847526661664439,0.1545459390881042,0.015055860633779852,0.8877119792675428,0.06698805976808404,0.47508005496726674,5.887258493610263,0.6359272046080426,0.5227770406502305
442,V3 | V4 | V6,0.7699879439300931,0.7864062483393981,0.6203877020508121,0.7945967454386524,0.7392125513779961,0.7746083533514824,0.08777862187009358,0.36190238204659136,0.052548117702701416,0.748087662849818,0.08634318291362225,0.410694052723192,2.2172610837245936,1.8834987911446348,0.5227196823980023
443,V4 | V17 | V20,0.8135958809273561,0.7499525602595903,0.6686709253762603,0.7676406244717218,0.6908012466793905,0.8733883356374537,0.045222111262173854,0.2676395979520761,0.008754999222103477,0.9416525596883663,0.05948261997595833,0.40359789043322897,4.398769041080545,0.8519539759769665,0.5225573932078669
444,V10 | V14 | V25,0.7208830155253155,0.6868167069051249,0.6983402202858076,0.7888713681231966,0.6726368501573229,0.8933821826359694,0.055498162639875975,0.44802606899509206,0.0627438994647213,0.9574844327245159,0.12731656802060268,0.5756513256867953,3.3859692239006023,0.9182545781015046,0.5225507346166838
445,V3 | V4 | V28,0.8306149546752902,0.7333064902822154,0.7449067755739529,0.7570692753347082,0.7312560291184833,0.9017367600432961,0.03620818645094177,0.09020477840304192,0.0019491490471447292,0.7996066835110647,0.06324339427149273,0.3078586670461855,5.434389560054697,0.7309078503286224,0.5224272959622936
446,V7 | V17 | V21,0.8672820779470802,0.7718974167123801,0.509663355975641,0.8272352197939369,0.6946821004840976,0.958233950878887,0.0379094289149839,0.16138303625201764,0.003475439413971432,0.855862589233866,0.11642523309756339,0.5983506694889341,8.3876699192407,0.5358496702364498,0.522423704376295
447,V6 | V7 | V11,0.7690913985205352,0.7623514889289208,0.7178934736282673,0.7203549980861711,0.6672281978852899,0.8560983748739497,0.10129296977259183,0.36228947869684786,0.006766245938637776,0.7072162252335272,0.10689047156537208,0.4861398442692071,1.6022161242846888,2.1043064460753973,0.5220574702447397
448,V7 | V14 | V19,0.813815165104435,0.7331066442672508,0.6043189188583987,0.8060747026567289,0.6782050967971048,0.8856562163904774,0.03671173940548931,0.367395163772629,0.00715634378679871,0.9377703573338164,0.10394638896568441,0.556697162640935,7.084350744621611,0.5275643990439057,0.522055030671869
449,V3 | V6 | V16,0.7784262623262553,0.7504427149021284,0.7385656463401463,0.7826927679295985,0.6684905128086066,0.7472471664888091,0.08440393571945473,0.3360962319175584,0.04738416338472221,0.8060350095590363,0.09840517633939186,0.4192997514403647,1.9849176726660862,1.7583761124069786,0.5220185924717441
450,V10 | V11 | V25,0.6812186743737824,0.6477590869681432,0.7788990434091754,0.6759887565074892,0.6058139412411063,0.9225931226612301,0.06599813397852272,0.6404759140586138,0.09811337476719052,0.9579971813149228,0.28234443906230355,0.5742639931348494,2.531313646381396,1.151713229976721,0.5216248555144889
451,V10 | V14 | V22,0.7031980206458841,0.6731914278919441,0.6854505040290609,0.7915406954878796,0.6664014570665108,0.9133239639128075,0.06469162121180821,0.46647108793828373,0.06428044339892851,0.9590472054150669,0.15674977865878204,0.5814188257775993,2.8976007174505556,1.135428199098254,0.5215980720693052
452,V4 | V12 | V19,0.8014043030379859,0.7542152854766045,0.7740886052735798,0.7488097074798101,0.721213245997674,0.5580718155623433,0.042846110084933164,0.4993395244139878,0.146536937655436,0.8502902679626165,0.0893089502116436,0.30825784267471096,3.4433203851154883,0.8424632155618198,0.521220417194553
453,V5 | V7 | V11,0.800221473777504,0.7398534149700811,0.6728644105514684,0.7834749687941851,0.6444632196950857,0.9520711794736256,0.036078416500608744,0.3265793741398406,0.004351707065789135,0.631874373689011,0.184886218298508,0.6345608319450357,11.224330420785147,0.4742663394105253,0.5211315274531026
454,V2 | V11 | V21,0.8298238628419856,0.7644787295082334,0.6816730092962319,0.6444004140068584,0.6990526651781221,0.9500177483554931,0.05399125550447341,0.1976089335706775,0.011046816358054688,0.9109057803661699,0.12863293662392578,0.5632029884697818,5.586274981367536,0.9656466864533256,0.521093358528086
455,V4 | V14 | V23,0.7984489041901798,0.7119890929104808,0.687787582767415,0.7599955318825654,0.7317762044574082,0.9145945191863906,0.05294179104758024,0.19840703401360413,0.006443260475731611,0.900270376391125,0.06596047040686928,0.43856923023510735,4.101053768310035,1.0173627547544593,0.5210199554437087
456,V3 | V8 | V17,0.8405500066813659,0.7237219776025232,0.5509358695007861,0.9029897368091773,0.6585061595278107,0.9297201228460424,0.09047151865734751,0.08384527517241377,0.009602786797000275,0.7752876765347207,0.09663625031627261,0.5271932190282763,2.475143552856661,1.8637358670606778,0.5209599790851634
457,V10 | V18 | V21,0.8052150616347656,0.7277414194336909,0.7368320093783121,0.6668791532164999,0.6387705473016771,0.9522362348313042,0.04048625127755509,0.34356896578906637,0.014473588299918887,0.8995993685817623,0.11284987511584972,0.5525777466546543,6.44711987800216,0.6243604485303828,0.5209311673798425
458,V3 | V8 | V10,0.8292239995886719,0.7503323114503937,0.539616022936965,0.866697836822804,0.6874076976090248,0.9423527456561755,0.08697045684790866,0.12265059852436568,0.01225332890930187,0.7069987489092026,0.0881769371316502,0.5453621480385832,2.9719838020141864,1.7857814020263179,0.5208933601079655
459,V4 | V17 | V19,0.8173421072447732,0.7367796071807404,0.7050838583296399,0.7755011332032601,0.6883261156381506,0.7096138558236723,0.060684186372640066,0.3692284956183752,0.03790981432789466,0.9111031516009475,0.12882345840556106,0.4105526341381949,2.353805089076593,1.1550605626879389,0.5207598694145867
460,V9 | V11 | V27,0.794264109518606,0.7168260769675844,0.8321393536163603,0.5633413404982038,0.6478395334121917,0.8614565000968833,0.024078902249846292,0.6218780038218472,0.013910600531385193,0.9555872867340213,0.05503564083792868,0.23360807268700576,5.584175256122209,0.47686793192409044,0.5207082267187487
461,V9 | V11 | V21,0.7942719523082119,0.7388753163282967,0.7737206040332046,0.5968651132793819,0.6603211329840958,0.9399116001510837,0.03105571138576991,0.37770001321425345,0.016745617523290204,0.9231159638343777,0.16929627951356238,0.43723736982658007,7.69951453074053,0.5010366028712352,0.5206722931609135
462,V7 | V17 | V27,0.8672742351574745,0.7498481773516678,0.6086212977440207,0.8062505086242128,0.6822005009121935,0.9182647565653445,0.02513063098802035,0.22919207139648895,0.003184217637397039,0.7648399586300815,0.04067777907318005,0.4776870948998041,10.887724309804879,0.32932043120212845,0.5206032465954471
463,V12 | V18 | V27,0.8005954217310667,0.6965175245209723,0.862479119523035,0.6622757842347269,0.6302745400080823,0.8280690792776308,0.04296412718779018,0.43844246953557264,0.012865402666812272,0.90926170779965,0.030727435085233262,0.3118707288044326,2.956167601011865,0.8143660169845889,0.5205915101709976
464,V6 | V14 | V18,0.758014730452448,0.7306427777393427,0.8168258801873113,0.7166982882961589,0.6492380155378719,0.7456162635185093,0.07823608800340129,0.4082569123228769,0.054676213652356885,0.8810737534720806,0.06378484878038379,0.4542539419646765,1.8741901540076638,1.5417789537490512,0.5202889871001699
465,V2 | V6 | V14,0.7948253811800877,0.7890865390980485,0.6470484596554423,0.7635813981494382,0.7252417442735505,0.8429585347960676,0.07668045917601711,0.20131431089992866,0.022549509641806662,0.7815603135882836,0.04983273046648837,0.4840403397102681,2.814081414350877,1.555172306289496,0.5202293065438267
466,V2 | V12 | V27,0.8374060724587066,0.754961285879678,0.7116389450153549,0.714227757569399,0.706278268743761,0.9010655323328717,0.02713832944242901,0.21262779417559755,0.008981280584313243,0.8289190040636101,0.023254418514163766,0.48820253647388756,12.646995431435785,0.3845746561013514,0.5201908734113672
467,V7 | V16 | V21,0.8467841211754523,0.7454905521463542,0.6459400193988857,0.7338540045974,0.6728258055958694,0.950059120586443,0.03239113924542348,0.24058771991710673,0.0042542637969216176,0.8091380724449755,0.11230620290296525,0.5742743642216823,10.004842564210923,0.42461334461603406,0.5201227696630671
468,V10 | V14 | V24,0.6512056183400762,0.7053006902697612,0.7144025235656623,0.7872079296012002,0.6760199360144062,0.9020287257393974,0.063827151635046,0.43620320374940275,0.0667587736486638,0.9763523528789929,0.13110198951572521,0.5867061169522738,2.7673298573853136,1.0976193451164258,0.5199836996631605
469,V6 | V7 | V12,0.7766814509268621,0.774883284661078,0.6742273382462838,0.8030307075400225,0.6869354010228329,0.8222967679661766,0.08972004257155165,0.26345502809427607,0.006408224416452494,0.6923829849464231,0.05726420603042292,0.4778357593233188,1.9395910067199007,1.8401093871932879,0.5198910527918261
470,V6 | V9 | V14,0.7592734706463139,0.763483125918112,0.7455530141831267,0.7264167802519341,0.6865102120795242,0.7439405800887584,0.07308075227505037,0.3865686570749775,0.05377935198452906,0.8975352239710476,0.06183715486351617,0.4178875421428423,2.2405019397361774,1.4764385172053587,0.5197901879948371
471,V3 | V12 | V20,0.7842996140060462,0.739155746244217,0.6561509835710131,0.8211609121810899,0.6698630590931965,0.8802660183771076,0.05288825522787305,0.26775110687786224,0.01049823284752385,0.8597954753418244,0.05913315480062021,0.38733588986688183,3.7810538701892558,1.0540105115808673,0.5196805498910565
472,V10 | V11 | V15,0.6416928653057871,0.6366347244783024,0.7660980757706956,0.6729527060420208,0.6011453715991852,0.9426045130967489,0.0861107944642541,0.6576233786909947,0.10901218648208606,0.9232123251005113,0.34550890946252294,0.5955378970651424,1.782892855049094,1.6045125540860157,0.5195210555897183
473,V2 | V5 | V14,0.8259554564370564,0.7665884651392089,0.5941031046019697,0.8218103965015385,0.7024767660833464,0.9169844693458994,0.06070851613647841,0.18461035487082467,0.010161022422079611,0.615227655146762,0.07757966514787235,0.6006689958575874,5.287599263412179,1.1047353745479807,0.5193701149076762
474,V12 | V14 | V25,0.7162712184112221,0.6776420513531185,0.7752169995179852,0.8071157213982152,0.6766224424356322,0.7887362994109716,0.06640496359052679,0.3653659028710361,0.07760612161817237,0.9288983384291053,0.09686540240138913,0.47341075318505493,2.0843155929269805,1.2226559841881284,0.5191500673632502
475,V4 | V7 | V21,0.8383458027792899,0.7814540855836238,0.49680638411158745,0.7469511267869365,0.7435478441652588,0.9535540278233287,0.03548237122537584,0.2568001456105236,0.004336811276146535,0.9039551587730001,0.09804807784981315,0.5188097089938933,9.024879812432184,0.5557634448431696,0.5187371360435087
476,V7 | V16 | V27,0.8467762783858463,0.723441312785642,0.7215416665891679,0.7084985642161685,0.6603442060239653,0.8978023313943628,0.022712791940185287,0.35669786562079997,0.0038818137447528783,0.7868815855277875,0.039391372660147604,0.4266752074279501,10.943161424935594,0.3145769102571497,0.5187094512899266
477,V11 | V16 | V20,0.7985063427104045,0.7188929093860277,0.8672816116781569,0.6298201450351016,0.6332591353319812,0.8503978238014026,0.02502007750313683,0.4573064856156386,0.012056151888187918,0.7635121442081065,0.08918011528457918,0.33291239353700747,6.816764659534086,0.4272608964495701,0.5186726677436809
478,V3 | V11 | V20,0.7767095615997193,0.7266239505120599,0.7014785988586525,0.741642914576219,0.6501558559556534,0.8952624888505615,0.054433828660560575,0.3690029706404737,0.01128643264220444,0.832167770091711,0.11082532247874191,0.35297595390007086,3.467805286112724,1.1159887373400201,0.518569255421017
479,V9 | V14 | V28,0.8199004813915105,0.7103833678609291,0.8433886415016502,0.6832268006192287,0.6785536898200114,0.8969877271347823,0.04202592974074463,0.095123385485061,0.0019564056504066544,0.8772521979770981,0.04562965632427125,0.3741702771209266,3.8454704328418163,0.7727913606225973,0.5184051308453318
480,V11 | V18 | V21,0.7930132121143457,0.7060349681495274,0.8410661228497218,0.5842689090311411,0.6230489364424434,0.9335787490546923,0.021493870948846354,0.39864133275859576,0.016848019793865018,0.9249045179404557,0.17664116518733053,0.4185636976830353,10.72733674267029,0.2878009403524153,0.5183844203141367
481,V4 | V7 | V27,0.838337959989684,0.7594048462229116,0.5982739607495458,0.7222609269126249,0.7310662445933547,0.8924847344803599,0.017360729132101255,0.3848810032561676,0.003955200970832794,0.8479173461004396,0.034714606140301196,0.37829961659874434,16.287325632410685,0.24241786909543064,0.5181961699857748
482,V3 | V12 | V19,0.7880458403234633,0.7259827931653668,0.69352588634269,0.828236526809476,0.6673879280519567,0.6833849568760925,0.05858737801022846,0.3694034853573303,0.07733558011624872,0.9326934891604091,0.12791885315967252,0.3646070962861779,2.355460610655313,1.1437899136091918,0.518089253431608
483,V10 | V14 | V26,0.6722476521178843,0.6880052607189817,0.6971479976731564,0.7850867682445675,0.6777014011520951,0.8996941209384832,0.06330089489408634,0.43416069105994026,0.06641206504574164,0.9750645926268372,0.1258958336315262,0.6008533784445943,2.761750960589432,1.0686813861633084,0.5180237849211144
484,V5 | V9 | V14,0.7904035459032827,0.7409850519592723,0.703267614016272,0.7888283165469134,0.6637452338893203,0.7831034109185377,0.04249712877542332,0.3474198107467972,0.014991992045785258,0.9025305434534692,0.0974609794628611,0.45447232984377767,4.955788888003197,0.7438545454448072,0.5179087281900012
485,V10 | V11 | V26,0.632583310966351,0.648947640782,0.7778980075412214,0.6712517676692022,0.6108784922358786,0.9342628544004127,0.08432168714296862,0.6161256906397525,0.10713153951202208,0.9491929889762294,0.27749093739662156,0.6320971396127223,1.7392099208496117,1.5132774580361066,0.5178646026744602
486,V9 | V11 | V16,0.8530817380320082,0.8144857235902936,0.9512067455034963,0.7099919267290346,0.740768915862031,0.011474341951092587,0.030204416039395273,0.6323262825431786,0.21640788460555724,0.8944540517648045,0.25105853572350434,0.12024774902698643,2.724097403914062,0.6411644691913889,0.5175698964953411
487,V5 | V9 | V11,0.7507392047517495,0.7019274320222905,0.7830406596471292,0.6759349212051559,0.5969223249731036,0.8997382677802601,0.042913677696185704,0.4720169328936404,0.016779466351291954,0.9227428124720441,0.19232670236394278,0.5720172928809151,6.180312353870982,0.6663394544457983,0.5174432699077066
488,V10 | V13 | V14,0.7166085409779316,0.6935641694395529,0.6864729994780019,0.7871444227886158,0.6688319641730062,0.8489578776099209,0.04635813394206378,0.4807081856314413,0.0672540679957023,0.9230108124541353,0.14074130952779101,0.5019226762241857,4.1919507520177355,0.7773294321282981,0.5172922165669671
489,V5 | V7 | V12,0.8078115261838309,0.7523852107022383,0.6244797985488386,0.8571101409703727,0.6641704228326287,0.8826841249555238,0.05966773727426957,0.24020953687608365,0.004156860285245389,0.5665390267348613,0.08974007814842434,0.5416802356809278,4.33030183175993,1.1066876728944246,0.5172344436622658
490,V12 | V16 | V19,0.8098426214341484,0.7182517520393349,0.8617438219673625,0.7357613235721037,0.6504912074282846,0.5522797495576575,0.04578153133203055,0.457859904591487,0.11379683327063937,0.8756839402892028,0.10190854230891014,0.32734098630361935,2.6940157285937785,0.8580344812841076,0.517101332651547
491,V14 | V16 | V23,0.806887222586342,0.6760255594732111,0.7915753098535792,0.7472366230814836,0.6610541658880189,0.9188571763743886,0.03109585823128264,0.18660005328017973,0.006300616266815947,0.8477705478416073,0.07466720874922371,0.4803331306556985,7.099827642192661,0.450528682570897,0.5170157504223828
492,V12 | V14 | V22,0.6985862235317908,0.6640167723399376,0.7643288752430462,0.8096905792127834,0.67038704934482,0.8031106611030083,0.06894352560177781,0.37888629147804515,0.07993758604069073,0.9424423981781649,0.11670746628899442,0.45400217147837263,2.024229020321508,1.305071359147708,0.5169332020181467
493,V14 | V18 | V28,0.8186417411976447,0.6775430196821598,0.9018686475372936,0.6726314362779726,0.6412814932783589,0.8920414193371499,0.034033213108370666,0.09923780260699648,0.001961508910696361,0.9480748605499041,0.047067542604158706,0.35570306569115967,4.044646542456862,0.5807467152624424,0.5165348982841328
494,V12 | V14 | V24,0.646593821225983,0.6961260347177547,0.7888504093457139,0.8055113972916358,0.6800055282927154,0.805268387042729,0.07064530051804313,0.35663552269753673,0.08375185102215141,0.9412343243659913,0.09947763641324008,0.4714772675224442,1.93856697649302,1.3245133220403371,0.516515374397614
495,V3 | V8 | V16,0.8200520499097376,0.6973151130364974,0.6770049619610748,0.8236978313810486,0.6366498646395823,0.9113153198742288,0.07874739815540935,0.12414108630509801,0.013458191841724596,0.7537753035450111,0.0934086306472158,0.5045538400184678,2.852123540880782,1.593794207911189,0.5164304569844921
496,V7 | V11 | V28,0.829718409265732,0.709251730871738,0.8211431295705757,0.6766202415442353,0.659271675625777,0.925608862970606,0.020947377756662822,0.09028403398898839,0.0007522865494818528,0.931716950216738,0.07725102685907805,0.39605855900062464,11.495630724390054,0.3005983064406249,0.5163952602244242
497,V7 | V11 | V19,0.7741508239529021,0.6940490243302692,0.7012876258994725,0.6974107854589292,0.6113821878808882,0.910290099628284,0.025258156372843468,0.5040014403152538,0.007667261757910567,0.9933248993238974,0.20994208251169413,0.564244430242843,14.026652260332334,0.26382383053773767,0.5161207851339601
498,V7 | V8 | V14,0.8503815272555505,0.7482815070002715,0.5443580801043422,0.8625125724626861,0.702210458632482,0.9356144762449334,0.05896286224830453,0.10470632679205541,0.003985477054126172,0.5959552767643247,0.057334947294565966,0.5940340732043784,4.325562777975818,1.0348833175306142,0.5156579761329261
499,V12 | V13 | V14,0.7119967438638384,0.6843895138875467,0.7651908622322582,0.8054501510748638,0.6728175564513156,0.7985874400928095,0.06841895031474657,0.3892397833009271,0.08452222169750412,0.7264143012522513,0.10604791841956464,0.4524847583410159,2.190146013533456,1.3094352505151028,0.5155603225800633
500,V10 | V11 | V24,0.6115412771885428,0.6662430703327795,0.7924256741742868,0.6739078162041852,0.6091970270981897,0.9018884063482759,0.06988016883389521,0.619688831146061,0.10801351951139816,0.9657177931108598,0.2955989914613006,0.5815439790004522,2.093004338058089,1.2105062477465078,0.5154942691151504
501,V12 | V14 | V26,0.667635855003791,0.6788306051669752,0.7742079353977157,0.803465889571991,0.6816869934304045,0.8052185024305902,0.07166475900130435,0.3551221535252632,0.08321420321004501,0.9477898434833204,0.09588025766844657,0.4904457567532537,1.8731401573207997,1.3256852851507714,0.5154843335434021
502,V3 | V4 | V9,0.8258765383666468,0.8268695510238623,0.7067282763894587,0.8292061982983827,0.793351452944884,0.24709442418304248,0.061271409051287445,0.45945537476286696,0.11185994580801209,0.8404742479497755,0.17680312103872012,0.24949213596350286,1.7480496702251855,1.266460313848314,0.51541068739898
503,V9 | V17 | V21,0.8177998089213258,0.7339714337645895,0.6596556167416467,0.7295460847467864,0.6471412057621156,0.9458960020332968,0.036875109740519364,0.2151816078869402,0.010998218510674387,0.885093091292071,0.12018014568780691,0.5107486814137508,7.117209382412187,0.5784829966791759,0.5153494340332921
504,V2 | V17 | V21,0.8533517194550996,0.759574846944526,0.5381192041930697,0.7664893242989856,0.6858727379561418,0.9520472800555078,0.04991717401104006,0.12071297842725877,0.00794356901156931,0.9132955782679718,0.0943991727816839,0.6093832767601107,6.563562584719244,0.8276280428300621,0.5152940638550331
505,V7 | V10 | V28,0.8419202587861524,0.7309581821559014,0.711720307790134,0.7463313498400026,0.6749932864850108,0.9443610427157985,0.04627294271190235,0.07987591697971887,0.0006847366141140714,0.6747138136794109,0.053782803714626036,0.5376526521998071,4.876153140726578,0.7616953124599594,0.5152034745501106
506,V9 | V17 | V27,0.8177919661317198,0.7119221944038773,0.7332105665691471,0.7039678392434396,0.6346596061902114,0.8977740314973214,0.03352713299628614,0.31401911781716463,0.009550757311223118,0.9081364966656473,0.041826653082855984,0.3680026955740399,4.948981139317775,0.5847359642814495,0.5150431122947187
507,V9 | V10 | V21,0.8064738018286316,0.7605817676124601,0.6507350127315158,0.6775946116305858,0.6760427438433297,0.950984686415943,0.05040344825769469,0.32666251777528166,0.014394949615515285,0.6673276987000591,0.10897044658406779,0.5523031443261566,4.9868666075541865,0.8631919359102549,0.5149613762483846
508,V3 | V4 | V18,0.8246177981727804,0.7940292028450932,0.7837619471149341,0.8212915483116999,0.7560792564032315,0.21631641703680105,0.0546223285495349,0.48780155709199685,0.1156387719852825,0.8989102095692365,0.1846585665877536,0.20516951985753168,1.9488512667766384,1.1536604832274555,0.5148600613132754
509,V3 | V10 | V20,0.7889114111201396,0.7483304017962233,0.5539682710316519,0.8034258539167592,0.6658774668148872,0.9261186283107495,0.06598626782485867,0.3196006142674634,0.010046082922345538,0.7822436388747429,0.07544373408497196,0.4598843011664985,3.40337480523376,1.3218504887286007,0.5148557783345736
510,V2 | V11 | V27,0.8298160200523796,0.7424294901475209,0.7520490837951894,0.6139807601143964,0.686571065606218,0.9119027705800673,0.02236375084420035,0.2855110457365621,0.009589340007612548,0.8638660341396005,0.04433322225058346,0.4634135321779309,14.534230382493227,0.2876456758392678,0.5147258848393169
511,V17 | V18 | V21,0.8165410687274596,0.7011310855858204,0.7442463940516175,0.7198882036426176,0.609869009220463,0.93673493600005,0.037894221697869365,0.22481570689386715,0.011048073493300198,0.843627648882183,0.1246184635673559,0.5245160673116227,6.1955749238774365,0.5768166460152058,0.5146507591401822
512,V7 | V17 | V28,0.8532462658788464,0.7043478483080309,0.7195458588251088,0.7919612533346663,0.6460917484037968,0.9320505283459867,0.026817652969411816,0.05221515021595577,0.0005540207428173024,0.7806444686295693,0.05857797840760809,0.4884915763614139,9.563154298569906,0.3541202410698528,0.5143910733289653
513,V2 | V10 | V27,0.8420178695728,0.7641359414316843,0.6222366124497347,0.6922179717472425,0.7022926764654518,0.9340244068176551,0.0487330478603186,0.25056764444684765,0.008628447623805418,0.702128830900533,0.030535069005149764,0.5615824215464722,5.841574508261384,0.8290818878669146,0.5141896276579702
514,V2 | V14 | V19,0.7998848066124544,0.7207840744993969,0.627628316785668,0.742559098965648,0.6693957342691489,0.9115916034335462,0.05965919433578611,0.26057828987322085,0.030726229124265803,0.9118779817994919,0.08484527275205497,0.6120274946818383,4.975757220546744,1.0563705287162977,0.5141196924799264
515,V2 | V12 | V28,0.8233781031800783,0.7094609568360412,0.8024013384962427,0.6970333481099323,0.6701695162353641,0.9223156713798055,0.04285162790714016,0.047752127440363314,0.0015984100014636306,0.8390394556536679,0.034779107347444535,0.5098599849930403,6.092110847598763,0.7250672023430359,0.514043715430791
516,V16 | V17 | V20,0.8220341993235186,0.7139890268223207,0.776373278325371,0.7550758116303223,0.620079208110001,0.873051721035734,0.03351701654209505,0.250535985116742,0.008527988630949274,0.6442827583429275,0.067244913231444,0.4411186078781417,5.652454335427843,0.5291188422781755,0.5135244694494431
517,V2 | V5 | V11,0.7862911152855231,0.727530845202227,0.6930254428537876,0.7168522445178945,0.6356538571671299,0.9273788691431514,0.08529678146846732,0.2348436728170237,0.011063434509279354,0.6981325308983571,0.1437589395356682,0.613239320889184,3.393878718804363,1.6962907777020793,0.5133243721528045
518,V11 | V18 | V27,0.7930053693247398,0.6839857287888151,0.8919728178133478,0.5498689834507559,0.6105673368705391,0.8276643630946202,0.0016391588832983667,0.6684575497207339,0.013984733819614742,0.9082978496007178,0.05675984307194684,0.1584870442635714,29.91786265305097,0.0576306951484133,0.5133164066249248
519,V4 | V16 | V20,0.793097924155728,0.7235456956935645,0.769204284278564,0.6612461768881349,0.6689449517911621,0.8369704940305864,0.029113423434311073,0.42953781113480755,0.012006047332319796,0.8144620864325824,0.0576401614961659,0.36537551262141,6.700624529018194,0.5048517900348855,0.5132373386742134
520,V6 | V7 | V10,0.7812932480409552,0.7840579402130842,0.576417786110798,0.7846354498567112,0.6829498087445236,0.8752838572998024,0.09657756435702933,0.31413293535797565,0.006196417621038957,0.533144339231282,0.07300346927002947,0.529907184658392,1.9294689788849102,1.9744667499544746,0.5131529493851134
521,V10 | V11 | V23,0.7763948311137431,0.689985137950126,0.7703096563302833,0.6860459766794685,0.6449890899412447,0.9447372037371854,0.0422678788006311,0.23443559311677406,0.006312827812204615,0.8858973352278895,0.1285441621998722,0.49198860950244333,5.18577978487712,0.706309338276866,0.5130311131832542
522,V8 | V9 | V14,0.800899258229796,0.7103555240524809,0.6849809565243727,0.7720432192860298,0.6546695639104999,0.9022008940498917,0.05205226524760457,0.1386803569327762,0.014049827163023214,0.9426598084115095,0.05892644775418782,0.5249450671656157,4.410937363340832,0.9178788373107404,0.512907684342652
523,V2 | V8 | V14,0.83645116876357,0.7359589372324175,0.5708108174647333,0.8061031543734853,0.6934010961045262,0.9338822428427084,0.04659523838952411,0.0774089463217054,0.009664079763705377,0.8912156022441913,0.04748741379748915,0.5873271281257373,6.9756693213424485,0.7656360561666654,0.51288955666855
524,V10 | V12 | V23,0.7839848835200698,0.7025169336822831,0.7315351983974635,0.7740544497534728,0.6646962930787876,0.9149989531981652,0.04932328238076355,0.17699069310302135,0.0059890625229720934,0.7352253868641466,0.06721414515812711,0.5145214430399289,4.665569978103285,0.8619506054038161,0.5128808401529091
525,V3 | V17 | V20,0.8002374182128335,0.7217200679483528,0.564945552507701,0.8443702554550591,0.6369759287336731,0.9118671726915828,0.07164428380056348,0.21110663388988488,0.008084161396749563,0.8706443193907643,0.08241969338785894,0.43491259987844494,2.642014426085651,1.4541362129196245,0.5128784522288223
526,V11 | V12 | V23,0.7717830339996501,0.6808104823981196,0.8368451813756443,0.708320517347819,0.6489746822195538,0.8906787629391577,0.059719455145672444,0.19946425650020946,0.006530548888046766,0.746595223069289,0.0977145396576997,0.4182734823912349,2.697072596285115,1.1486316565379133,0.512828170233759
527,V7 | V9 | V18,0.7491671385040346,0.6890667813801837,0.7485520620161779,0.7074165237140088,0.5821159696684811,0.9278554139963427,0.03943196209562527,0.46902872326303124,0.007596339503500513,0.8496840418623128,0.15843554343957625,0.602958098849612,7.923996636973173,0.5673601330287465,0.5127807816281794
528,V12 | V17 | V23,0.7953108906127638,0.6759065998344125,0.7390344881902907,0.8173484936197207,0.6357947549975735,0.9218022270432079,0.05476774038050486,0.12180704127861056,0.005055614219437073,0.7349074460359,0.07331117411508829,0.5069542497964006,3.5415430229376397,0.9747794698524307,0.5127522341200671
529,V10 | V14 | V15,0.6813572064573201,0.675692344415284,0.6830567183952659,0.7864449052401895,0.6679682805154017,0.8654850133491787,0.05506216957258533,0.4576609380711083,0.06714885794812007,0.9623884188793177,0.1442211586127194,0.5256886765284838,3.3031648858219023,0.9519022532666852,0.5127121566218898
530,V3 | V4 | V8,0.8116137315135757,0.7332786464737671,0.5391930281453483,0.8346834904499945,0.7073719032089717,0.9082332410140034,0.07025077495556029,0.13174621802936445,0.01394346917963124,0.8087709995242607,0.08209467675121061,0.46590026830802733,3.5010759786392653,1.4374299391616447,0.5126552975353962
531,V2 | V17 | V27,0.8533438766654937,0.7375256075838139,0.6317197031731014,0.7427584615985448,0.6733911383842378,0.9221081258233843,0.026372026347149396,0.16961658819513178,0.007062490438333318,0.8568279145153352,0.03345852352631689,0.5340629587800857,13.686123509998115,0.3229348615422945,0.5124324132045107
532,V8 | V14 | V18,0.7996405180359302,0.6775151758737117,0.7654256288441437,0.7631716724347265,0.6173973673688474,0.9056714950643866,0.04993036997595895,0.14452422687973918,0.014125241859007315,0.8922264277292004,0.06077680465975414,0.5396811634335987,4.324800456364724,0.8421035273529123,0.5120632866796536
533,V4 | V18 | V21,0.7876047935596693,0.7106877544570641,0.7365561699598067,0.6185626559860319,0.6587347529016242,0.9230660056339316,0.032236118917908986,0.37600044776127894,0.01675900497972639,0.9333479930346208,0.10453707885494354,0.43377232223617107,8.038214967977916,0.5411021992607026,0.5118391073318393
534,V4 | V16 | V19,0.7968441504731448,0.7103727426147144,0.7987114330428601,0.6709324632568294,0.6664698207499222,0.502300137510788,0.026453625034758066,0.6520505918912107,0.22876840979947483,0.9414607631962517,0.12409206344107769,0.2669669107636443,6.040783932898985,0.5183250891768955,0.5117748141961428
535,V5 | V9 | V10,0.7629410542721695,0.7236338833064541,0.6628644049226771,0.7457344416893921,0.6126439358323374,0.9399840171600121,0.07430751510579811,0.4017392594226878,0.014420954985188786,0.5844719583767777,0.1209103135387584,0.631779006354695,3.493668428434506,1.3821669720474268,0.5117198655059415
536,V2 | V10 | V21,0.8420257123624054,0.7861851807923966,0.5264764903493537,0.7183829643107355,0.714774276037356,0.9576749042218222,0.05367684864261102,0.1753761194331701,0.00984788569183989,0.7060446765926423,0.08618221799205426,0.6196654964731663,6.387844301596326,0.9170562227230662,0.511513527624472
537,V2 | V6 | V12,0.7627510924348815,0.762560714893224,0.6943301880047937,0.7391057533067378,0.678126038494877,0.8201612693272068,0.08028005468824385,0.19320768478877068,0.023108790475869567,0.8375610094829273,0.047428618050728906,0.4646028813963875,2.595351972191943,1.6571349060152805,0.510824560103323
538,V6 | V10 | V18,0.7305522388213347,0.7132916090865246,0.7855431679147141,0.6666501394917669,0.5981367174808891,0.8001416507171709,0.09012233386428589,0.47815380018982256,0.04891563134357648,0.863633024949138,0.07750064208826175,0.49084771612495676,1.682134026069689,1.8054490206762024,0.5107768090602931
539,V9 | V16 | V27,0.7972940093600919,0.6855153298378515,0.8217998579229573,0.5814033442441208,0.6128033113019831,0.8652166888176525,0.0283629996911408,0.525233506013421,0.013367147030758824,0.9387270557663231,0.04050909249859319,0.2945414250178756,5.161431625218554,0.5227158636082718,0.5107243266909145
540,V6 | V7 | V17,0.7926192551336492,0.7574476063652138,0.586879671375899,0.8270685194740098,0.6540482706633095,0.8654256958969192,0.09536984845363067,0.20793071910382505,0.005218466197072795,0.614190028745436,0.07971231351261357,0.5180736102031241,1.794952567821145,1.9368312853195406,0.5107155570781814
541,V11 | V17 | V23,0.7877208382064372,0.6633748041022554,0.7772090457774614,0.7371774925336578,0.6160875518600306,0.940138980038351,0.03706571887573716,0.1594659478271352,0.005309492249084441,0.8865461168056634,0.14272310236023122,0.46020034755822764,5.667833515159288,0.6074672050627572,0.5106419657590396
542,V7 | V10 | V19,0.7863526734733217,0.7157554756144325,0.5537053442651619,0.7644888955530719,0.627103798740122,0.9455970204927382,0.0600508230536087,0.42658834572407023,0.0069828882861724065,0.797469679707166,0.12961518107155484,0.6365887918870937,4.9911628157201005,1.0429534916231806,0.5103479174985751
543,V11 | V17 | V22,0.674859686587045,0.607523474107092,0.775030754845636,0.731107099468794,0.5706770100690801,0.9306990734087851,0.07190901701370415,0.38388160471649796,0.037867948926303435,0.9325627536093964,0.4988522049988671,0.520968748441945,1.9514897402231177,1.311083856082112,0.510171612976315
544,V2 | V5 | V12,0.7938811676918502,0.7400626409343842,0.6468164568917356,0.8000584618778528,0.6553610603046729,0.886418420575152,0.06937614488219088,0.1772815143676779,0.010300160016506967,0.6334901123582165,0.07374447204234481,0.5561271397381019,4.101731363877984,1.3494326441480056,0.5098570372158584
545,V7 | V14 | V20,0.8100689387870185,0.7462795973461008,0.5585658299757988,0.7986793413173179,0.6806802278383445,0.9239962587212709,0.03395012136953424,0.2664704013353028,0.003534530683450095,0.7329012551480169,0.04936887630685232,0.5271416356683478,7.991986332248687,0.49405477869595316,0.5095723023652395
546,V2 | V16 | V21,0.8328537626834714,0.7331679823785002,0.667284785289423,0.6598245070978448,0.6640164430679135,0.9427370857016608,0.056826045666134764,0.17754327481990573,0.01067617034468386,0.7893032011154232,0.09126563914362266,0.5880911799390122,5.144115395598093,1.0073846131017703,0.5095447257543037
547,V3 | V14 | V23,0.7850904414756569,0.6837566005992433,0.5887581075504531,0.8378098030837442,0.6779508865116911,0.930328385963346,0.07908714655393849,0.1587057856910906,0.006018152514722392,0.7649763292044949,0.09188658168027403,0.47725205271935767,2.6286767643389375,1.6144051627158431,0.5092147280797242
548,V6 | V9 | V11,0.7196091294947807,0.7244255059811304,0.8188663715756332,0.5966020351366702,0.6196873031633077,0.7415791083796379,0.08753628182668666,0.535360854992038,0.07823907825187593,0.904983625005766,0.11023313987245635,0.42683333449304656,1.5420691559538098,1.778172769891191,0.5092082898758322
549,V6 | V7 | V16,0.7721212983620211,0.731040741799188,0.7046072242400043,0.7336534400262112,0.6321919757750812,0.8385399449404377,0.09640142811911033,0.3186904175413028,0.006593619955634952,0.642573436000758,0.07716257554372014,0.5017997337205331,1.696469811560794,1.9682591048929896,0.5090882056603815
550,V4 | V9 | V27,0.7888556909639296,0.7214788632751211,0.7253326126557342,0.5990359250605188,0.6835253498713726,0.8400506843114693,0.015094265840276441,0.5770998431011695,0.013846749699372612,0.8875785174611872,0.03572271334777845,0.30661730334294696,11.85313313809337,0.23213936656054726,0.508991860651114
551,V17 | V18 | V27,0.8165332259378536,0.6790818462251081,0.806270214347992,0.6938031269043036,0.5973874096485591,0.8700609894400179,0.022070679671998553,0.3299950355062193,0.009590337662890311,0.817593063016378,0.043156253723160565,0.3501463076492638,7.2492650164789465,0.3360462688939617,0.5088619618428486
552,V4 | V7 | V28,0.824309990711056,0.7139045171792746,0.711429036673957,0.7053424540838774,0.6949574920849578,0.9181691257823439,0.02162308383600519,0.08615951870252353,0.0007500091016563525,0.9039955674193635,0.05024900995997591,0.39376608190993256,11.559047993045773,0.32178047198697135,0.5087316266189368
553,V4 | V18 | V27,0.7875969507700634,0.688638515096352,0.7995542539955288,0.5864944251488102,0.64625315332972,0.82107354234537,0.0070824537399681725,0.6181772386856149,0.013920299009364085,0.9422982251000397,0.036887487705158005,0.23929366030082724,24.59834314869718,0.11901739663947565,0.50863206467844
554,V6 | V9 | V12,0.7271991819011077,0.7369573017132874,0.7841144432596406,0.70002236938969,0.6393945063008507,0.7390518965181394,0.07764571937890094,0.3673043374103457,0.05670991836958103,0.8636726446605913,0.05885367237011853,0.4112709716045868,2.058457347820698,1.5895728265484843,0.5082596129747149
555,V2 | V17 | V28,0.8393159073868652,0.6920252785401768,0.7378049774230824,0.7265238517278602,0.637282385875841,0.9380097646369996,0.04142012588125137,0.03515911590551337,0.0013401444468524159,0.8334156675283144,0.04851946907875801,0.5501949190321141,6.78239693191376,0.6580766729301798,0.5081474695909166
556,V9 | V12 | V28,0.7878261926463048,0.6838575436561046,0.8748276818402129,0.6544073002204492,0.6314379840413378,0.8803872991145071,0.07040364320125268,0.09130471329731756,0.0019725479698377408,0.8255450817946973,0.04341395842221696,0.40453569385695437,1.9393748543215679,1.3849373023450884,0.5081092156010253
557,V5 | V7 | V16,0.8032513736189898,0.7085426678403481,0.6581944389184383,0.7952290180042307,0.6094269975848771,0.9434611071104989,0.036710197052840315,0.2887853884230895,0.00425827211700568,0.5368518140907397,0.12475814696720043,0.641021038026594,11.555242200595728,0.4872460945332823,0.5080787464260266
558,V9 | V16 | V21,0.7973018521496978,0.7075645691985636,0.7619677734012356,0.613786287678235,0.6252849108738872,0.9273093054409061,0.02875048380903097,0.33147953228747407,0.015999900069112585,0.8469175067061498,0.11588002244905354,0.4719848376118926,8.629852850387236,0.4143292185253599,0.507977063048735
559,V4 | V5 | V7,0.794813055222828,0.7445062012776178,0.5136516510111034,0.8068444691717218,0.6801490361542666,0.9469966489060804,0.05429275231568197,0.3095483225033563,0.004340921145239466,0.5759165021112166,0.1083914847289698,0.6129302043399097,6.8440766872100225,0.9485138109071785,0.5076651563481119
560,V7 | V16 | V28,0.8327483091072179,0.6779409837420051,0.810551405072198,0.6911045662141457,0.6242354535155682,0.9242384897698039,0.024326139659135795,0.0809106665524365,0.0007324243060560963,0.8487255590258416,0.05676451377141787,0.445953516856722,10.220427315813591,0.33404241437758464,0.5076039128347268
561,V4 | V9 | V21,0.7888635337535355,0.7435281026358332,0.6504025729518083,0.6303414720060382,0.6960069494432767,0.9200652365617312,0.031685428218301774,0.35676814287427494,0.016657549799420295,0.8295502941563871,0.10103027161726386,0.45760368234296717,7.3449882780437985,0.4930142672896218,0.5075809910627075
562,V14 | V21 | V27,0.8527026790470166,0.729870204567268,0.6237950527066548,0.6560435390332738,0.7011573705823088,0.9308788525231253,0.024543455740863262,0.25939863963271886,0.006268852872584688,0.8360145093660412,0.023514554688621687,0.49506383535633564,9.674539727477505,0.28631961762111063,0.5075616545588575
563,V4 | V12 | V23,0.7663746154449735,0.6854632687056563,0.7312561735296341,0.7353411545891061,0.6846604986787347,0.8868528134140505,0.060872923308703177,0.19043853026303012,0.00651155721735765,0.8056311673366541,0.06276395273266153,0.423237553000798,3.1639777790918817,1.20555281070803,0.507537198467665
564,V4 | V9 | V18,0.7688305651827912,0.736701246794362,0.8473459956770315,0.6667038319419832,0.6722398246477237,0.2748729442490289,0.04809557642243506,0.7213309247726658,0.34163373785696866,0.8871206141758362,0.14109537139698575,0.22237903904887482,2.5759828322318388,1.0173674709077742,0.5074625281459354
565,V4 | V11 | V23,0.7587845630386467,0.6729314729734992,0.770053125350817,0.6396142106801554,0.6649532955411916,0.9126478443701534,0.05903469952975213,0.2534538093992433,0.006878299195002712,0.9601276167335762,0.1186415022170705,0.39607194075357316,3.2450714927670106,1.1870170229411394,0.5074343554766098
566,V5 | V7 | V10,0.812423323297924,0.7615598662542445,0.5140987069970244,0.8406137680697123,0.6601848305543195,0.9504972416872716,0.05434247169029405,0.2848069908495333,0.004039628247368219,0.34014033900118534,0.11712421623030354,0.6457129370750206,6.616992936726167,0.9132905982373174,0.5073949177764497
567,V4 | V6 | V7,0.7636829799658589,0.7670042752364576,0.5760272296309497,0.7467556977309987,0.7029140143444708,0.8376495594203356,0.09424433269273663,0.34257414578546536,0.006746228701427415,0.647159158775831,0.06812699169535379,0.4638359720506804,2.053488026677131,1.990571199530844,0.5070293519070482
568,V11 | V12 | V25,0.6766068772596893,0.6385844314161369,0.844290483516206,0.6987014006733655,0.6097995335194156,0.7618174752613591,0.07383231507142958,0.5007205931756955,0.13855592608861902,0.8335719947720803,0.19075620327380458,0.42561808854371086,1.4413373521353932,1.3882514094565843,0.5069743564480763
569,V5 | V9 | V17,0.7742670613648635,0.6970235494585836,0.6715557488079729,0.79141594031272,0.5837423977511234,0.921886082749494,0.050559979605771334,0.2567083655680133,0.011014715837426643,0.7785430249203724,0.1338867681592423,0.5779647879264722,5.83198879348564,0.8624746083540447,0.5069328553921415
570,V2 | V6 | V11,0.7551610400285546,0.750028919161067,0.736216808989848,0.6441609740658757,0.6584188353573339,0.830434016136449,0.08447700033034831,0.25740799038496076,0.02641467662376589,0.8517013213560218,0.08711567960147518,0.4621933030509137,2.318415053169002,1.7511503550125807,0.5068653595788007
571,V2 | V7 | V18,0.7847190490378082,0.7146701945601203,0.6507583056328264,0.7459529760087859,0.6208475018625074,0.9437662329138563,0.08717932054219567,0.2337335928704569,0.005798617043545379,0.5794180632515786,0.12130107439449252,0.6509659332426092,3.71553936695597,1.7255901362513648,0.5067007470358686
572,V2 | V16 | V27,0.8328459198938656,0.711118743017788,0.7397235161025255,0.6303471074635351,0.6515348434960092,0.9162169258942,0.02941392126612571,0.2539201348511125,0.009294300449630089,0.8016016810493833,0.032359459905134544,0.5099615440991375,10.034398054291174,0.4077205099554503,0.5066293866135535
573,V16 | V18 | V21,0.7960431119558314,0.6747242210197942,0.8309269145994808,0.6016101814681931,0.5880127143322348,0.9098911747563793,0.025366447739252816,0.3487476868310328,0.0160944226389077,0.8872735272002326,0.12009939181322904,0.4727790181663388,11.114258087204561,0.3422528808100472,0.5064839983891779
574,V3 | V18 | V21,0.7742463308451467,0.6824552621458264,0.6484739009409006,0.7191628599664744,0.6049094349559069,0.9408296369586826,0.07019464301558292,0.28821516705379774,0.01484973306809201,0.912190126888075,0.15317114582777935,0.4650557662098337,3.086295924215529,1.4141875089692413,0.5064746360472934
575,V11 | V13 | V17,0.6882702069190922,0.6278962156547008,0.7758729988930811,0.7261492238210315,0.5731075171755755,0.8782336287280451,0.06804692301539106,0.3944396608809842,0.038931533791683647,0.8998786768661957,0.40083674579340806,0.44771025108725554,1.8810794697916335,1.2704051944558654,0.5064628229272746
576,V7 | V8 | V12,0.8183072385103441,0.7217556827954468,0.6027070154054459,0.8424788178445071,0.6550947528538084,0.927207762173113,0.05987896858892945,0.10056503817672413,0.004020713067269356,0.5538982791546229,0.05457589553575137,0.5739121308516704,4.1699933393749,1.0744173145889662,0.5064505705215571
577,V6 | V9 | V10,0.7318109790152005,0.7461319572652937,0.7088323736330711,0.6773704069481461,0.6354089140225415,0.8118548863039556,0.08950113462284759,0.4506604117804207,0.04818978588860641,0.6843749195960794,0.07507807972031572,0.48651563790156843,1.8634943880496526,1.8164004638908877,0.5063813134028281
578,V6 | V11 | V18,0.7183503893009143,0.6915851578023612,0.8803344898891284,0.5839991849407982,0.5824151066216552,0.728875082440339,0.08741125293971622,0.5716374335015458,0.0801017955705424,0.8537586145831996,0.11417359964499701,0.4361774781511136,1.4342451620853058,1.7479835196947906,0.5063466788614333
579,V2 | V11 | V19,0.7602204654609209,0.6817264545624152,0.7202687303156814,0.6173796163081763,0.6025728253529323,0.9160964656547347,0.08319537272481255,0.3405823896588012,0.037920897325674115,0.98409395701659,0.16062920535682118,0.6159715058537236,3.1914182324287514,1.62507606097049,0.5062494565619361
580,V7 | V12 | V19,0.7817408763592285,0.7065808200624264,0.6559402949143761,0.7836188120802928,0.6310893910184312,0.7673834654070982,0.06060325434802045,0.34949832454638813,0.007236278581150465,0.9515093750557764,0.09845380050062708,0.44458577396654475,2.480080756454127,1.1296324650611915,0.5062446706782091
581,V3 | V4 | V20,0.7713011430450432,0.7312767368195965,0.5535582356518738,0.7669807657541571,0.6858416724148343,0.8855977100956437,0.052402266966031404,0.34876195671176446,0.01124154656728282,0.8557606149412166,0.07038196254608924,0.3627963005432285,4.092161257547594,1.0780333459118678,0.5062171944344277
582,V10 | V17 | V23,0.7999226877268567,0.6850812553864187,0.6552836312548344,0.7994766406143743,0.6318091627192644,0.9457450148192503,0.03883680783878168,0.1419127960467858,0.004903888630490372,0.7863108039825999,0.0943405375248471,0.5680837291050427,6.626368474380942,0.5668860167739495,0.5061392458934053
583,V14 | V17 | V25,0.7322090226180095,0.6602063730572543,0.7063940021870365,0.8309643821695549,0.6437353120761089,0.8213266130130077,0.059506588331126306,0.28077889013393714,0.030308762129749915,0.8335361435940835,0.14129827076133095,0.5047671912530968,2.344502289264812,1.027800581625595,0.5061104796432226
584,V2 | V11 | V28,0.8157880507737515,0.6969291611038841,0.8358507669824323,0.5929312564999989,0.6504623130978212,0.9364189452360963,0.045975383516208286,0.06601295015136097,0.001668676070588505,0.8552440655580607,0.06378220829293442,0.4952607108058708,5.582219241678449,0.8142017166498728,0.5059948007921123
585,V11 | V18 | V19,0.7234098147332813,0.6232826932037094,0.868718834776424,0.5537261505027626,0.5265690966172536,0.5152438067328169,0.06976157620409197,0.897112280665278,0.45738833506931464,0.9356936890134662,0.23011602338679765,0.28487051269964353,1.3839341151573925,1.4077708920913277,0.5054141591557897
586,V7 | V8 | V11,0.8107171861040176,0.7092238870632898,0.6533055834890081,0.7665079610617826,0.6353875497162654,0.9395516513553693,0.06147411127076847,0.1318575055362118,0.00420731767706265,0.6319254740890626,0.10133263761885555,0.5531768735228694,3.9929380942177635,1.1319325547752994,0.5053888927173306
587,V2 | V10 | V28,0.8279899002941717,0.7186356123880474,0.7302855156710143,0.6742438405545091,0.666183923957055,0.9500647750610658,0.06333028177992454,0.05769016492912745,0.0015553193777730148,0.6026312709740832,0.044526921011053065,0.5869612334624255,4.435385961771235,1.1652315589348874,0.5052628491303268
588,V12 | V16 | V23,0.7748129338411359,0.6494997352683866,0.8266117626636776,0.7219353768426762,0.6139384601093452,0.8885932915243914,0.05015697507043164,0.17918057616278044,0.006366695632293538,0.8010016909878542,0.07099740802389808,0.4501799090821547,3.517160157329182,0.9042265541758944,0.5050217436409532
589,V6 | V12 | V18,0.7259404417072415,0.7041169535345182,0.8500622157880486,0.6897771204905894,0.6021223097591982,0.7053321571842992,0.07690795850711606,0.3873874342390457,0.057703785721391634,0.8755291909850275,0.060701628083832886,0.4167788407958105,1.8571122605137185,1.5408401829810026,0.5050068443855406
590,V4 | V17 | V23,0.7823124196517606,0.6680275904097921,0.654954453463224,0.7627347754457946,0.6517733683192114,0.924890225504189,0.06439238176109247,0.15245045851191263,0.005295382708072408,0.9251210321678635,0.08773217723618598,0.45663393745889885,3.204220457816953,1.2707385376615639,0.5049571784870726
591,V2 | V8 | V12,0.8043768800183636,0.7094331130275929,0.6260959454294109,0.7836485574160486,0.6462853903258525,0.934923700017251,0.05150790354720161,0.07415273516231055,0.009792288643320289,0.8665129662755157,0.045189363182113675,0.5812090492555838,6.238045536544522,0.8933745344306808,0.504918306377512
592,V16 | V18 | V27,0.7960352691662255,0.6526749816590822,0.8829031421841889,0.5684104501854079,0.5755311147603305,0.8172818196248277,0.022375211181108197,0.5603925592987629,0.013436384046838333,0.9300050850210245,0.04180217936728561,0.2689966122413619,5.970204061445848,0.40328226337229006,0.5048920694885134
593,V4 | V10 | V23,0.7709864125590665,0.6946379242576626,0.6459416060416379,0.7142516461665012,0.6806749064004254,0.9163183132914064,0.06039976787479528,0.22345124822437282,0.006294759580394877,0.9113943161404143,0.08021773672215032,0.4994925250136874,3.386354202639074,1.1285287348238147,0.5047485987542535
594,V3 | V16 | V20,0.7797394614412051,0.6953132033823267,0.6877039694238273,0.7543993187552662,0.6151196338454448,0.8771092783118261,0.052434303676063894,0.32427045873958976,0.010902555383755643,0.7274979162863344,0.07976677042811031,0.37390710477306155,3.5208296942866717,1.0429809186302532,0.5047227481764142
595,V2 | V4 | V21,0.8244154442873094,0.7691315158157698,0.5260412721806238,0.6749586433508548,0.7347384816373029,0.9432872539301097,0.052165581093810906,0.18868189457668158,0.011003496445728194,0.7606520350643691,0.08026574474028987,0.5393337202704834,5.986698739938795,0.948271963435633,0.5047208613002405
596,V5 | V7 | V17,0.8237493303906182,0.734949532406374,0.5260538806494924,0.8787584738440686,0.6312832924731056,0.9519061944332732,0.04501222186868715,0.1905789176931157,0.003478552198381557,0.39884317302402544,0.1295254500200132,0.6370650947550982,8.716992152102481,0.695059640398638,0.5047071520226377
597,V2 | V6 | V17,0.7786888966416685,0.7451250365973597,0.6110637116203579,0.7663013129517696,0.6452389081353538,0.8536743370655425,0.0821123054830489,0.15460770116467776,0.015087188264806772,0.8879192084253531,0.06576086322120844,0.4893594934411169,2.522028147873843,1.676713544670436,0.5046605666053153
598,V3 | V7 | V21,0.824987340064767,0.7532215932723864,0.33736141795307434,0.8266488508478549,0.6897225262195417,0.9627707743147214,0.07315138787926351,0.20307062668707945,0.0040888684034344,0.8906103476524557,0.14223120761062766,0.535827160718564,3.7001680635339587,1.456267125968966,0.5046120220216085
599,V11 | V17 | V25,0.6925446814664764,0.6211487531202727,0.7856721257950431,0.728097435971418,0.5769124031598923,0.884521271195949,0.054372602323546446,0.3701003190044767,0.03730346619030639,0.9354347981720343,0.33381761153209355,0.47609173531779797,2.630999259240933,0.9396152211210782,0.5045122645074981
600,V3 | V7 | V27,0.8249794972751612,0.7311723539116739,0.4749707243737274,0.8056392465129861,0.6772409266476376,0.9211920682151967,0.0486204601330925,0.2942855915676022,0.003734456170963272,0.7459609848793971,0.048148621618255394,0.4132497112102517,4.460647700392911,0.937371211996682,0.5044341350327791
601,V16 | V17 | V19,0.8257804256409356,0.7008160737434707,0.8054395819306457,0.763132769300746,0.6176040770687611,0.6076949990101603,0.038574039736410916,0.34267526908225543,0.0350627056946373,0.7545791781878738,0.14983040244897283,0.3591949610461626,3.222165763788536,0.6628648592264487,0.50429815431567
602,V5 | V11 | V18,0.7494804645578831,0.6690870838435212,0.849131573428503,0.6651838117937873,0.5596501284314511,0.7609803484863585,0.03239840717937428,0.5016048086260845,0.016882233812868967,0.9249087981891995,0.20129432615771595,0.4755847341309456,5.072765412584607,0.4497012695908391,0.5042764374882742
603,V2 | V14 | V20,0.7961385802950373,0.733957027578247,0.5842384148444872,0.734164339186718,0.6718708653103886,0.9304406869624022,0.059251704130688976,0.19524956380425462,0.008130787435334836,0.8084027150231202,0.04082480379623355,0.560558916442973,4.439185227064106,1.080182963815025,0.5039762474138794
604,V10 | V16 | V22,0.6665635793358365,0.6028230608252293,0.7561997019605329,0.693732534267574,0.5645423260400855,0.9187517448597033,0.0773006804062564,0.5641425005742927,0.08285964808591532,0.886360616654121,0.2229503956668042,0.6117856276903819,2.3711302447353244,1.4099445900438363,0.5038931713011123
605,V10 | V16 | V23,0.7794247309552288,0.6586743908203929,0.7584685012017235,0.7002662084978821,0.609952867831036,0.9399871838337513,0.04303888085467981,0.20983690021286136,0.006156878650372008,0.8573289714865899,0.09120945162329085,0.5320393224373093,5.415709495250822,0.6931449629244498,0.5037026742696191
606,V6 | V14 | V21,0.7780476990231912,0.737469633580814,0.6027729921309952,0.6838771183022562,0.6730051403334246,0.8994162217691831,0.09133812912243554,0.234578645611786,0.012536592006261426,0.8481183044481516,0.047877179909075064,0.5271615111127039,1.8699712262333743,1.8267981619634355,0.5035877735373732
607,V2 | V5 | V16,0.7893210151270089,0.6962200980724942,0.6789922445973066,0.7302420266132286,0.6006176350569212,0.9216092219797333,0.08748678533595194,0.21019234010422763,0.010691878145705675,0.6550861944938503,0.10067899460152578,0.6227639200312622,3.32833823070593,1.743232866840993,0.5032587221174649
608,V12 | V18 | V28,0.7865674524524386,0.6510171954773354,0.9296759101419887,0.6431827538395176,0.5941657874996854,0.869621692264771,0.0412676787948676,0.09528219091827872,0.0019776899858611426,0.9246857611909064,0.04478823295077751,0.3143701786562429,3.1383005924347294,0.7765808831594777,0.5032485192268198
609,V14 | V17 | V22,0.7145240277385778,0.6465810940440735,0.6937303886456831,0.8334207622571392,0.6374999189852967,0.8268890674347683,0.0626234939215699,0.2900675072528637,0.03069051871492367,0.8493787855413982,0.17587496697707194,0.48507267154418743,2.1789261231714443,1.1171921545812495,0.5031685841046495
610,V3 | V9 | V21,0.7755050710390126,0.7152956103245958,0.5419562755285781,0.7288344901879475,0.6421816314975594,0.9495988893258372,0.06949729164180456,0.27494332110362235,0.01476753771159464,0.8907638606004173,0.14722511099983873,0.4682299451584049,3.3595548927802383,1.407274776517684,0.5031058206908007
611,V9 | V14 | V20,0.7605866697612635,0.7083536143983103,0.695498698776417,0.6946812461079303,0.6331393331163623,0.8733063612193652,0.03685482818372502,0.372108704750137,0.011315393746540116,0.8773411675989256,0.05073959929654064,0.42620824545523356,5.498952276812774,0.6317926733088238,0.5028815450199613
612,V5 | V17 | V18,0.7730083211709976,0.6641832012798143,0.7541746033651369,0.7828810998201561,0.5464702012094709,0.8744966646579155,0.049826681520466404,0.2688067048219372,0.01106469477588417,0.7374550141215617,0.13906095418397288,0.5398195079431412,4.549246944001028,0.8467243659838513,0.502806553526736
613,V10 | V16 | V25,0.6842485742152682,0.6164483398384102,0.7672790318024288,0.6904909461078185,0.5707777191308977,0.8837830336237937,0.060766023525643004,0.5393376940839818,0.08036208395825555,0.9321576053853265,0.17426852557789904,0.5667795915952567,2.9164221597603786,1.0439061594025338,0.5027373522657496
614,V5 | V9 | V16,0.7537691045932353,0.6706166848925575,0.7715257794957782,0.6904386348292076,0.5618861028628949,0.8557656487610853,0.0396797799835435,0.408263750250655,0.01603114868124348,0.9251005981900563,0.1288934159637738,0.5444259334689721,6.533560599723302,0.6119900173613719,0.5026563782815278
615,V7 | V12 | V20,0.7779946500418119,0.7197537731412763,0.6152499032285811,0.7758846069856019,0.6335645220596711,0.9088693793815322,0.03553351948646203,0.25496589315782825,0.0035648839279770438,0.8226983692523512,0.046985926092321675,0.5018374744267302,7.615309266258423,0.5578143402400297,0.5023899079785956
616,V2 | V5 | V17,0.8098189718986372,0.7226269626385201,0.5535457229245829,0.8242348195504511,0.6224739299451496,0.9355255287161632,0.0730819456913368,0.14214176662274638,0.007953357377405074,0.5943454137907941,0.10423641960767896,0.6252974443656568,4.430386351203667,1.3935064716028813,0.5023721321180772
617,V6 | V9 | V17,0.7431369861078947,0.7195216234174232,0.7167066365998928,0.7293438016674729,0.6065073759413274,0.7856443065191949,0.08390793656037901,0.2821158300730814,0.026190770001262912,0.9007888416309886,0.08201366422604567,0.4534941963059375,1.7957259051573196,1.6879411623022105,0.5023524066205032
618,V3 | V9 | V27,0.7754972282494067,0.6932463709638834,0.6348547117207006,0.7032192483351755,0.6297000319256553,0.8987258361112603,0.04740188047491969,0.4173412160418987,0.01245494865725037,0.8601805338047197,0.04948699992120321,0.3281913193527367,3.8050357840704176,0.9641058543287527,0.5022516747070155
619,V2 | V4 | V27,0.8244076014977034,0.7470822764550578,0.6218829864650286,0.6463766003963215,0.7222568820653988,0.9005341863042008,0.021076193840482288,0.2713325831823614,0.009554949042334554,0.739169189242956,0.028344548437507982,0.4388358644008594,15.972949588516705,0.28245577315740483,0.5021084197673384
620,V12 | V14 | V15,0.6767454093432272,0.6665176888632777,0.7623120336571622,0.8047755517826177,0.6719538727937111,0.7029435276407435,0.05515999855712451,0.3724434861617206,0.08435835241465972,0.8877815684052403,0.1083914847289698,0.3866415602829496,2.5542372023879056,1.0446584950836904,0.5019495716606371
621,V6 | V14 | V27,0.7780398562335858,0.7154203942201018,0.6851626100597644,0.655809557416035,0.6605235407615204,0.8549385723519882,0.06702272182644706,0.34644259350797946,0.01075740348119541,0.8098090728445431,0.014896676083133118,0.4349207171159557,2.4069859417811053,1.3087527718820744,0.5017034859314611
622,V1 | V17 | V18,0.7255275882299593,0.6816876090226501,0.7490237519695053,0.8287365488961209,0.5804459931194255,0.7078151738867351,0.1106791421162345,0.23561918483393127,0.02861621957776531,0.7881351635430797,0.18497305698489885,0.3422239633319571,0.9743932530265956,2.3828070457538146,0.5016755176298269
623,V5 | V14 | V27,0.8091699314905543,0.692922320261262,0.6366435872059657,0.7269547564706555,0.6377585625713164,0.882020075203376,0.03272405602811264,0.3128977558352856,0.006275702614035644,0.8890022895316215,0.026119973137676056,0.42315413224018517,6.6110084801258635,0.5443217800607725,0.5016155312464776
624,V3 | V10 | V13,0.6581773185571993,0.6309268434988704,0.5340521066150528,0.7891090786865231,0.5838695537702532,0.953477996047635,0.1314476231873216,0.45749769249791405,0.0641700950652717,0.9398656924478972,0.2702376838371861,0.6055951680432748,1.653272285607344,2.817199824941229,0.501560312310017
625,V1 | V16 | V18,0.7050296314583314,0.6552807444566242,0.8348896267632131,0.7356597153379524,0.5585896982311969,0.6731908134712455,0.10932766564154142,0.36849587171038983,0.08243137388098039,0.9176493507936543,0.17695516125294145,0.33123101390042825,1.0004691905827148,2.363429048868195,0.5015172567908763
626,V7 | V17 | V19,0.7976786805660158,0.6891451417665619,0.5646888083063736,0.8085756663392708,0.5982022606589079,0.9120528280336299,0.04561811121070759,0.2697686631610282,0.005827924281331144,0.8435669469991908,0.1439674165782622,0.5711830444076986,5.513676940636868,0.7269066545113839,0.501437990149965
627,V10 | V18 | V28,0.791179249566532,0.6601918510293416,0.8760017514232836,0.6177633366234705,0.5901801952213762,0.9344313785639081,0.048144141102238996,0.11131053972298045,0.0019258750608196764,0.8319226426512331,0.05700558793065046,0.4317391982835171,3.239158352541885,0.8530834350639284,0.5014362883642518
628,V11 | V17 | V26,0.6439093180590449,0.6223373069341295,0.784685691195908,0.7238268128515682,0.5819769541546647,0.9003869645370374,0.071207083140772,0.3596636025157371,0.038634148552281714,0.9316100661081481,0.32737970331857924,0.5174207884519462,1.5787643552554216,1.2464580371597804,0.5013306379799559
629,V10 | V13 | V17,0.7004720564395126,0.6496026669388641,0.6535427788292407,0.7897406666755229,0.5888291280348094,0.9393335375992357,0.05874408418944272,0.34018786556262504,0.029301692495466807,0.8671973644525806,0.20537343109797307,0.5763192954806277,3.9111486549340615,1.0307681180797106,0.5012759597251967
630,V9 | V16 | V18,0.7772688835789536,0.7007377133570925,0.923130843830404,0.65131645085526,0.6015177860783344,0.3576212160066525,0.026721171400359876,0.6473984602816334,0.20593805056632486,0.9468009195679397,0.1652009077780684,0.172216611476371,4.384329113708773,0.5767002499865004,0.5012685466900795
631,V2 | V6 | V10,0.7673628895489747,0.7717353704452302,0.6011417844662501,0.7181761592168447,0.6741404462165679,0.852481787393656,0.08322967116018988,0.22681471897281866,0.02138723609997284,0.6820197773071264,0.06034961192812437,0.500610634460177,2.617419243216892,1.7035178058941371,0.5012267364028511
632,V2 | V9 | V18,0.7352367800120532,0.6767442116123298,0.7657191970311784,0.6290837453814477,0.5733066071405253,0.900716212355521,0.08020079456138487,0.3209469485977822,0.03679132966996276,0.9181565785987584,0.12527626810468448,0.6116998602473923,3.132497733960329,1.544022055255914,0.5008540195461522
633,V9 | V17 | V28,0.8037639968530915,0.6664218653602403,0.8201944799713973,0.686414336033051,0.5985508536818146,0.9201199571260101,0.03670012490694673,0.0722850863529006,0.0016643599847865084,0.8066792916973149,0.06020543672489231,0.3718726797173001,4.498331607110051,0.6538935582435483,0.5008250369094528
634,V14 | V17 | V26,0.6835736592105779,0.6613949268711111,0.705222433277196,0.8274834814678697,0.6487998630708812,0.8194142912543005,0.0639790310314654,0.27368452045159447,0.03120563922318224,0.8560957637712118,0.1396511209379439,0.5072429630236212,2.0017303422993558,1.1135363358953634,0.5007844007632678
635,V1 | V17 | V21,0.7455605568007032,0.6885144648641216,0.48971539212229964,0.8026177705464042,0.6042131179149782,0.949909631217326,0.16221459489403517,0.14571226553206273,0.009864984617553642,0.8972258152758296,0.1275231534910071,0.5621951977857388,1.3833533177788147,3.6596214066479513,0.5007623912766911
636,V14 | V18 | V20,0.7593279295673976,0.6755132662195412,0.7742767681470272,0.6843259439716839,0.5958671365747099,0.865672892996825,0.03310459612667463,0.39258610876376904,0.011367658954515804,0.8043953137956756,0.052329759375661186,0.42169354804480935,5.461251931865671,0.5328128303476626,0.5006389806324865
637,V8 | V9 | V12,0.7688249694845898,0.6838296998476562,0.7287025595098862,0.7479840995333895,0.6075538581318263,0.8788624128543996,0.06791067707114191,0.13329200140332056,0.014290146717467016,0.8280938972377341,0.05608903854957904,0.4894900146739199,2.7100666074862123,1.3024532780773352,0.5005534739792706
638,V2 | V7 | V9,0.785977789231674,0.7475105427388895,0.5448319743415956,0.7551294340455779,0.6581196984041598,0.9412534377317534,0.08007768594681694,0.22362196828689868,0.005780228070389871,0.49921575174087657,0.11702401090176265,0.6358233213841952,4.144478561976714,1.564131901838412,0.5002678980237565
639,V2 | V8 | V11,0.7967868276120367,0.6969013172954359,0.6743199345456627,0.697446067291413,0.6265781871883096,0.9341131659199031,0.047885822495164,0.0984425450956226,0.010493587268604863,0.9438472327959461,0.08282102739449378,0.556445455696369,6.397851018883431,0.8220317354153546,0.5001992027060477
640,V5 | V12 | V18,0.7570705169642106,0.6816188795756785,0.8166653066961227,0.7565871421952316,0.5793573315689943,0.6752315753961703,0.05619122987593343,0.34812007795293176,0.015348052536295632,0.8961772679239816,0.09552636322684516,0.38871542414272087,2.5561864812757022,1.0709506955155,0.5001212553277745
641,V7 | V11 | V20,0.770404597635485,0.7072219774091193,0.6645616061692371,0.6882237955231474,0.6138573189221279,0.9248543351221623,0.02869708335385609,0.3491288200608858,0.003725224817734342,0.8322848729812734,0.08626078265061182,0.46554228240065504,9.031911672155456,0.4234727225616765,0.5001089738983769
642,V6 | V17 | V18,0.7418782459140288,0.6866812752386541,0.7922201251847113,0.7196820141472297,0.5692351793996749,0.7834483228653988,0.08469423393452745,0.29586463120911916,0.026420493562594023,0.8063098346924561,0.08470602242888933,0.47501509436856615,1.7101402766165004,1.6766356086115144,0.5000862399207198
643,V11 | V14 | V25,0.7086811660048952,0.6651102556209614,0.8106201875605139,0.7251631608684388,0.6569152392980893,0.613268003796674,0.025785892705417195,0.5319108246772569,0.12293590553891082,0.8443795081508907,0.20522003103644176,0.3561236940142917,5.920206191816572,0.40842613650017284,0.5000070123424422
644,V8 | V12 | V18,0.7675662292907236,0.650989351668887,0.8024250652459904,0.7386756727430407,0.5702816615901738,0.9022111028864445,0.054567428895324836,0.13890517695767668,0.014367799209781835,0.8059785333788282,0.05784694926787174,0.5251877626057188,3.9491251120261426,0.969199515011525,0.49988359683940753
645,V2 | V5 | V10,0.7984929648059435,0.7492372964863906,0.5422905027768397,0.781552608193525,0.6513754680263637,0.9330153426808855,0.07875281066518745,0.2075497603158435,0.009861651911311962,0.4107888381638812,0.09492898183793803,0.6333994034040425,4.3244459851053945,1.536880823576581,0.49980735266028803
646,V10 | V17 | V25,0.7047465309868963,0.6428552044044361,0.6662758157224365,0.7914587718757748,0.5926340140191261,0.9303755340214266,0.05317153870987727,0.32049296883730677,0.028336328089454767,0.8638800453738368,0.18209790000895462,0.6122856810459394,4.2649792241214906,0.8560352636305048,0.49972722723373386
647,V11 | V16 | V23,0.7672228814348085,0.6369679395362295,0.858409025251502,0.6233651214676188,0.5942312569718022,0.925748597891012,0.020678836222778742,0.23751189288379718,0.006721243215002032,0.883670169413567,0.1372561569177342,0.3954337099686316,11.269756298228636,0.2924033098923478,0.4995103236819164
648,V5 | V14 | V21,0.8091777742801602,0.7149715596219742,0.5441431501139323,0.7514219858706445,0.6502401621432207,0.9395869552454171,0.031659550527621226,0.21449969759890186,0.007009202120068094,0.8714919919133645,0.0744564710279536,0.5508099253906551,11.247236969388599,0.4372814104576952,0.49942066462365897
649,V14 | V17 | V24,0.6625316254327698,0.6786903564218906,0.7221831002812771,0.8294341702142185,0.6471183979331921,0.8047449800478764,0.06078459706640425,0.27473572105593963,0.03128787950696514,0.8047473368559509,0.14569667657092727,0.49045078143171805,2.1726134839072144,1.060880631934801,0.4994151082418857
650,V3 | V18 | V27,0.7742384880555407,0.6604060227851142,0.7236935259442305,0.6930393047592006,0.5924278353840027,0.8660249992175184,0.036790181252737655,0.44172714032869637,0.012516344739858258,0.8325288088529957,0.05103911364381524,0.27680132300532,4.267675751218039,0.7434649323318058,0.4993688804734326
651,V9 | V14 | V19,0.7643328960786803,0.6951806613194603,0.7299298281855977,0.703752556796169,0.6306642020751225,0.591639904003891,0.043754401274797905,0.5446777468401817,0.12474874699562839,0.9587639388618626,0.1071667073975295,0.3427006662304246,2.7280789800509018,0.7896911681895687,0.49933222465938915
652,V1 | V16 | V21,0.7250626000290752,0.6621076002980956,0.6311755404322528,0.7040866148457926,0.5823568230267498,0.9430700316454598,0.16554933844650538,0.2157537593857926,0.013920951717257083,0.8450400670469025,0.12285792205497804,0.5518428448923314,1.2738761159260255,3.7410029935638947,0.4993143097174589
653,V14 | V21 | V28,0.8386747097683886,0.6843698755236312,0.7315190552941283,0.6367088344167082,0.6650486180739119,0.9406970960485358,0.027137649227092463,0.0598641832650247,0.0012133977065016009,0.8631859421956424,0.03512268489853418,0.48823111272300185,7.879891520575685,0.3451896850284563,0.4992669885021435
654,V3 | V7 | V28,0.8109515279965329,0.6856720248680371,0.6178834096565239,0.7913324380700714,0.6411321741392405,0.9380698160214488,0.049940552686017485,0.06799036690512265,0.0006964658812503335,0.7448253335386864,0.06929622836992567,0.4246416956457588,4.402469403646593,0.9601214933707451,0.4992139956553067
655,V2 | V16 | V28,0.8188179506152373,0.665618413974151,0.8255950246400778,0.609982543526394,0.6154260909876124,0.9359219806434222,0.05044407222863996,0.058521340814970284,0.0016351894086466324,0.8242288975609288,0.04701311696262772,0.5314370940024591,5.17971032901469,0.8903817546784523,0.4992005999326659
656,V4 | V7 | V19,0.7687424053982255,0.6987018106378058,0.5532950750842554,0.7250056513433043,0.6470680043400691,0.828174465450134,0.062217213184509915,0.47179651238063597,0.007643076027945715,0.9395749411921285,0.11959923670210018,0.4871337702419578,2.939956185349754,1.1647779668075042,0.4991900868512932
657,V12 | V21 | V27,0.8206283903018103,0.7033443803624436,0.6733935979748994,0.6255812772597008,0.6540416648036351,0.9229087784317885,0.022204524284369972,0.24829080691540614,0.006334443501654676,0.9332373359932162,0.022165805893500055,0.44607732197743005,11.575552553264064,0.28548045194519545,0.4991595488805794
658,V3 | V11 | V23,0.7454261003241235,0.6446989806622616,0.6887166049254769,0.7364765774686055,0.6111279775954744,0.9459652410777156,0.06788346857564392,0.20057739618831646,0.006410990960640145,0.8148834702685589,0.17792275142217906,0.4266473065316394,3.1067553034768496,1.3905873335613927,0.49872332674070313
659,V11 | V15 | V17,0.653018872398481,0.6100243906304318,0.7730602480105361,0.7253598365842737,0.572243833517971,0.8799002361147998,0.06453244934135752,0.3773135942958763,0.03889453523766557,0.8933700976267802,0.420269690841806,0.4543200165440292,1.8854508999669648,1.1681742861888686,0.4986063416349552
660,V9 | V10 | V28,0.7924379897603979,0.6930321992081109,0.8139129571767775,0.629560593970942,0.6274523917630286,0.937939114022966,0.059334218305330755,0.10676411122975885,0.0019208566318280865,0.5653804042264016,0.055273793853090634,0.45927559074314783,2.8810597382373477,1.1099131471968267,0.49842740136883534
661,V3 | V10 | V22,0.6447667982251516,0.6105541019512615,0.5326287931765638,0.7934883558761818,0.5814390466637577,0.9596099421732632,0.13725067495323054,0.4443032055151325,0.06144914423752581,0.9070895174339171,0.317155555024418,0.6276604697387747,1.6866346340984113,2.958571352059491,0.4983541475179846
662,V3 | V12 | V23,0.7530161527304507,0.6572307763944185,0.642051445201726,0.8167505254813704,0.6308351807330174,0.923353083782885,0.061501462953675576,0.15250722202835368,0.006079949808483067,0.7766578330509172,0.08718770734224877,0.44849300888304794,3.5188170200460895,1.216350710915504,0.4982888269726502
663,V2 | V12 | V19,0.7678105178672479,0.6942582502945723,0.67683767254089,0.717016368907022,0.6222800284904751,0.8182151011371231,0.06310292576194093,0.24940475701452566,0.0317213885546293,0.9429713611624781,0.08058208166515575,0.4909008229985634,3.2427005055041036,1.2033527299314746,0.4979982493609593
664,V10 | V17 | V22,0.6870615361074649,0.6292299253912553,0.6524445591573972,0.7941144941395007,0.586398620928314,0.9477509675094276,0.06289468920517997,0.3316673870517083,0.028673066932053532,0.8360910490821583,0.2345581159628356,0.6257502630623942,3.6979562110945547,1.0856468903662662,0.49798570745278986
665,V7 | V16 | V19,0.777180723794388,0.6627382772005362,0.6875072086293348,0.7113189022057916,0.5763459657706794,0.8413386750499076,0.038805428023723686,0.4337356516296709,0.007459035092720361,0.8896250009853198,0.13843210599688752,0.5247757253457707,5.7798975378807445,0.5929647028101768,0.4979697054519505
666,V16 | V17 | V23,0.7907507380479231,0.6320640569725225,0.7655458562523889,0.7500457580192945,0.581051329749822,0.9334193085369247,0.03488640540623164,0.1436357602637908,0.005187483733853891,0.7385739100794038,0.10004436776747674,0.5047375827338891,6.311487413275814,0.5165122185627601,0.4979167087593321
667,V2 | V12 | V20,0.7640642915498314,0.7074312033734224,0.6380268764463236,0.7081822727074084,0.624755159531715,0.923159873960546,0.06434810153918298,0.18742975657230607,0.008228119402844396,0.9155541907684808,0.038815280047753226,0.5454832900538239,3.8301899240855217,1.2115028184397356,0.4978907697627722
668,V11 | V13 | V14,0.7044066914575114,0.6718577181553895,0.8013419974705605,0.7232035742431593,0.6531103533137724,0.5705517350292028,0.03369031474270351,0.5750331027051516,0.14080078369965737,0.7710324474959278,0.2335485468357239,0.3197755343974236,3.9399846215725365,0.6030935906214169,0.49782840440376525
669,V8 | V9 | V11,0.7612349170782629,0.6712979041154994,0.7677059555169842,0.6548563508633065,0.5878466549942832,0.9162227910038073,0.052154888791427746,0.17467513436689086,0.015638937229539785,0.9325988322302444,0.1044462836721623,0.4935553394976339,4.014733969188522,0.9374745713338954,0.4975519443912737
670,V3 | V10 | V25,0.6624517931045828,0.6241793809644423,0.5504822551730055,0.7908293302583812,0.5876744397545699,0.9462596403988109,0.11559797932151418,0.4271746132919855,0.06003910955263962,0.9051371377499265,0.23466896766649378,0.6069145626379469,1.8939106603760418,2.4136147578328,0.4974985175171766
671,V5 | V6 | V14,0.7345149514667292,0.700521749274808,0.6162117584188086,0.7512282796018697,0.6096063323224323,0.8558312856183662,0.0944985395119023,0.2811481731170074,0.012557128243147463,0.9120428354127795,0.05242239170333345,0.5152073687865283,2.0678945504770416,1.9476921296126248,0.49713616848548836
672,V2 | V6 | V16,0.7581909398700404,0.718718172031334,0.7234550130985705,0.6595922710979937,0.6233826132471253,0.815130835348472,0.08376577135795402,0.22976470692071385,0.02475292465733873,0.8390347553170172,0.06371095981170054,0.4716288227474681,2.2857481238494293,1.7192614245932856,0.4970187335347011
673,V3 | V5 | V9,0.73197232348255,0.6783477260185897,0.5572571458143614,0.7907864452760932,0.5787828234865672,0.9197631862880011,0.10301990524064762,0.3330607718267783,0.014794717341380449,0.7447007218461575,0.16574132171817135,0.560630044025315,2.3499221233088283,2.16283420319229,0.4970181298659381
674,V1 | V16 | V27,0.7250547572394693,0.6400583609373833,0.7090388827152343,0.6771499602467782,0.5698752234548455,0.9224621043604824,0.12970621132047633,0.3149609424114037,0.011817897314316182,0.8473928973913027,0.042632460435965795,0.44667205005280497,0.8023570073205984,2.750546439651221,0.49685513035242174
675,V2 | V4 | V5,0.7808826967308469,0.7321836315097638,0.5418699535996769,0.7434319396103275,0.6713396736263106,0.9184489457679903,0.08044549082659568,0.2238353725713054,0.011020006873172191,0.5706826301352481,0.08826930486514734,0.5885353163053252,3.7538091751092675,1.6055076416433276,0.49672222672311117
676,V3 | V5 | V18,0.730713583288684,0.6455073778398205,0.6606620929858087,0.7822408691635553,0.5415106269449147,0.8773727555956128,0.09728303802696725,0.35044852602420207,0.014877175243928282,0.7665044197448919,0.17285060250325068,0.534163677778012,2.1052252390234845,2.008831170715027,0.4967078457394663
677,V9 | V12 | V19,0.7322586073334741,0.6686548371146358,0.7697634430757724,0.6761128941726683,0.5835484962964489,0.6797952983754961,0.060903927370635755,0.5123098895517114,0.14085330671024363,0.8999940430197492,0.10145207533990017,0.3994120421721284,2.2506341775608685,1.16274921414757,0.4966614258631772
678,V10 | V16 | V26,0.635613210807837,0.6176368936522669,0.7662524399517455,0.6858886626361483,0.57584227012567,0.8846538638994772,0.07022216098717605,0.520853130689715,0.08637821613559614,0.9012560829140472,0.1720218674416057,0.5847135308536485,2.300169637730861,1.236988245575769,0.49655949051574255
679,V6 | V9 | V16,0.7226390293362666,0.6931147588513975,0.8082216505155048,0.6135318803211912,0.584651081053099,0.7176494223516304,0.08094641728402503,0.45843848573106905,0.06640490574827015,0.9377211810892803,0.07937634396491494,0.42657862302041694,1.7691214362922283,1.6304006523132741,0.4965173120405615
680,V1 | V2 | V4,0.733401963789809,0.7496880392525997,0.5336831506210133,0.7928363075768072,0.7053154655362653,0.8486132096506988,0.11586586528111903,0.19739499959154402,0.02837823703646606,0.469128360913013,0.11174515409119018,0.2837630072128135,1.252094416908225,2.645617037868453,0.49649892689187525
681,V4 | V16 | V23,0.7618144628801325,0.6416207258437663,0.7582053003814406,0.655182935050539,0.629917073430983,0.9085030632016339,0.045632740036236165,0.22634633746971344,0.006701423872298295,0.9252564887921111,0.08487095460345188,0.4362789720590165,4.49729692153137,0.8338264692637383,0.4962734664746079
682,V8 | V10 | V18,0.7721780264048168,0.6601640072208935,0.7303132557715867,0.7177278723053594,0.5662960693118646,0.9344063176481304,0.058846778200260796,0.16190417314104347,0.01360914520327167,0.8034391486807143,0.07376310781385959,0.5749377936011142,3.932088558930898,1.0358235561790798,0.4961250124467852
683,V13 | V14 | V17,0.7279345480706255,0.6669538355916823,0.6947347207286368,0.8293757577339508,0.6399304260917923,0.7347577384990239,0.05175246857995419,0.2971233973008739,0.03140463182134185,0.7748173875156834,0.15696115128807173,0.38804801749466916,2.7658501547158103,0.9658407930122821,0.49604718788256713
684,V3 | V10 | V24,0.5927743959193438,0.6426633643290786,0.5724688064735245,0.7891723389381585,0.5910575256116533,0.9472696592808764,0.1281035583617045,0.41617510954204456,0.06371760282414858,0.9389860497119633,0.24437917535102469,0.6276951597085239,1.6253543136948883,2.6996069236222473,0.49599261628521957
685,V2 | V8 | V17,0.8203146842251507,0.6919974347317288,0.5280534370305029,0.8086039775102049,0.6133982599663294,0.9388369674151634,0.051766049281472375,0.05780906658302407,0.007614444271304079,0.934728713631773,0.06265247348573268,0.5990516838939735,6.0637353733005135,0.8791847910501451,0.495936211796785
686,V6 | V12 | V21,0.745973410277985,0.7109438093759896,0.6545582298883708,0.6550957820689693,0.6258894345547511,0.8906781408267721,0.09664410761702782,0.2248094321580556,0.01273422987289236,0.9196080216228427,0.045561664965037385,0.5114731645035756,1.6896603174792575,1.9642858572001995,0.4959190085660003
687,V9 | V11 | V18,0.7742389837374677,0.7320484604868254,0.9314501240941054,0.6356261958964852,0.636554008188543,0.041772929450209134,0.030052485387173755,0.7869397224394342,0.3731103501161598,0.9088532099811907,0.2630272286520396,0.13064134136432284,2.5278660470781875,0.6116784101249441,0.4958928211575076
688,V2 | V4 | V28,0.8103796322190749,0.7015819474114205,0.7300057339071926,0.6266608451897767,0.6861481295570019,0.9215117520590297,0.03779598431756559,0.06272478889635566,0.001664829800851111,0.7560306535753716,0.04156508287237364,0.45830961965068995,6.984408617209034,0.6540657815369503,0.495847182410208
689,V17 | V18 | V28,0.8025052566592255,0.6335815171814712,0.8814971714887534,0.6758863352437092,0.561278657140162,0.9032465579313261,0.024580595935733758,0.07561558234154211,0.0016687874268568393,0.7994844178305558,0.062098251965833864,0.36105542183417516,6.311961564740168,0.3782627389613858,0.4957335990742053
690,V8 | V9 | V17,0.7847627736913768,0.6663940215517923,0.6519401773556237,0.7747180601591999,0.5746667277723031,0.9261203987468452,0.05833166294209583,0.10695154579184823,0.01044892642254647,0.8830676426219624,0.07801931034002386,0.5447858879076046,3.8105927749304964,1.046762501374189,0.49565393135475005
691,V4 | V6 | V18,0.7129419707462386,0.6962379441098978,0.7852949695544501,0.6183106440005908,0.6181009230808361,0.6864569435130181,0.07549300455105347,0.5324567332226294,0.07847891759996013,0.8809067393361549,0.07228010954794742,0.3943652523703341,2.0408058016430015,1.5456878104304967,0.49554936354153
692,V9 | V11 | V28,0.7802361402399776,0.6713257479239476,0.903566337375169,0.540019701737279,0.6117307809037948,0.9052701933952123,0.033472043208823875,0.12002872513499473,0.002057073846323522,0.8689203601711699,0.07946780461523241,0.25405366529214346,4.14748636948582,0.6710043133878654,0.4955217836336798
693,V2 | V10 | V19,0.7724223149813411,0.7034329058465786,0.5796422691518088,0.695130445418459,0.6182944362121661,0.9147372800492352,0.07488215514824606,0.29635551309700614,0.02870454191014777,0.7926290793532079,0.10430313425296928,0.6336835270793957,3.9765793594466547,1.4175772272463278,0.49542642150033556
694,V3 | V7 | V19,0.7553839426837027,0.6704693183265682,0.41528871088535657,0.8079672137428379,0.5932426863943517,0.9552096118505801,0.1010754545945423,0.35184012495838896,0.007097010158307529,0.9294238184403711,0.17965384230990936,0.6192001878756669,2.725774506502825,2.0811827102905496,0.49531089675936235
695,V4 | V5 | V18,0.744072046003207,0.6737398701510581,0.7466494105216753,0.6945451084874801,0.595335944890632,0.7261614020306362,0.04413030778060351,0.4696351657483449,0.016792901439065363,0.9561561178220567,0.1158141731012619,0.4490191175227699,3.850990112633716,0.755747731756593,0.4953046488115472
696,V4 | V6 | V9,0.7142007109401044,0.729078292288667,0.7085392733387739,0.6300952711842145,0.6553731196224885,0.7108222465686249,0.07282973853426913,0.5000020285805108,0.07668804716744078,0.8301226049865653,0.07004428442467889,0.39277077595431703,2.4230289091384867,1.5111434302144504,0.49501620035814875
697,V7 | V8 | V17,0.8342450427171313,0.7043200044995828,0.4989498475775772,0.8647496814805937,0.6222076224942852,0.9433371483005358,0.06423020916703454,0.08002387694374462,0.003369244612603351,0.4935628713674671,0.07584995627683758,0.6047523161018014,3.8341739322032597,1.1491791810116065,0.49491832532361474
698,V9 | V12 | V20,0.7285123810160574,0.6818277901934857,0.7382793156838577,0.6665264043264428,0.5860236273376886,0.860300181656746,0.06252166624752513,0.353880186099677,0.011481664123999605,0.8946293681391865,0.048293849324067016,0.43276707463775455,2.5500326684649113,1.199596097637189,0.49487682607562644
699,V10 | V17 | V26,0.6561111675794651,0.644043758218293,0.6649976854643991,0.7876935844871132,0.5976985650138984,0.9368243859941232,0.060262403250705435,0.3119904388089332,0.02912668864491911,0.8521569583886708,0.17969537362656587,0.6377292514206041,3.7207052392422675,1.002681073841519,0.49446709136370626
700,V10 | V21 | V27,0.8252401874159038,0.71251903591445,0.5753869805402108,0.5992363791241833,0.6500560725253257,0.9505843149852015,0.04146434053713781,0.29495287162300643,0.006126165529509609,0.9266012931883677,0.029233658957628913,0.5538335580617487,5.050179100745057,0.6188583866936415,0.4944445833647914
701,V10 | V17 | V24,0.635069133801657,0.6613391877690724,0.6834726337521274,0.7898038478674453,0.5960170998762094,0.9248668787347807,0.057432062797563986,0.31324854058216833,0.02919903041417986,0.8315076770066255,0.1885550327062979,0.6147191431794891,3.8137169954307377,0.9523534096093736,0.4943980855496726
702,V2 | V3 | V21,0.8110569815727864,0.7408990235045323,0.37814267852276967,0.765827958598899,0.6809131636915856,0.9545712993393234,0.08020618403082186,0.15113598567018874,0.010044011427286073,0.8274782860664828,0.1135945678553799,0.5522495252628471,3.8020247794013584,1.6373587466740953,0.4943343220315071
703,V5 | V14 | V28,0.795141962211926,0.6474219912176251,0.7417218594063368,0.7101954265795211,0.6016498100629196,0.909092302641572,0.04078926256753137,0.07204650538586428,0.0012145507924075359,0.9375245609035682,0.03858290795519452,0.4537880206215497,5.361526537866016,0.7085249116802093,0.4941869271703611
704,V3 | V17 | V23,0.7689539569372377,0.6397950980985546,0.5477065674168288,0.8401587984684704,0.5979480503734941,0.9487392610464896,0.08667566166811184,0.12246209083197411,0.00497245148097313,0.8274931460986281,0.1253863732241872,0.4966442090377688,2.345859814454742,1.7793210267226627,0.4941122951721366
705,V2 | V17 | V19,0.7837483220740352,0.6768225719987081,0.5900321187892207,0.745394299763713,0.5893928981309521,0.9009452902069894,0.0605403878454435,0.19747676286896537,0.018731164480465013,0.9635800882493054,0.11485963427321938,0.5931026559927752,4.561073685829644,1.0869239804485342,0.4940304819295711
706,V10 | V12 | V13,0.684534252232725,0.6670383452347284,0.7300599232116541,0.7638107028555109,0.6217162583943325,0.728107701536996,0.06722461819090653,0.4540312839502151,0.07181928247956945,0.7104347565720935,0.1324608423240943,0.4010532277723802,2.066557177260487,1.3155595945688203,0.49401289284120975
707,V3 | V10 | V26,0.6138164296971519,0.625367934778299,0.5488389214355323,0.787059429583079,0.5927389907493422,0.9528118091796203,0.13347383471674976,0.41427321957543956,0.06340068583491697,0.9094849188859071,0.2310861495934057,0.6479098573770591,1.542779143797321,2.8139396887814048,0.4939003913789738
708,V6 | V16 | V18,0.7213802891424003,0.6602744106726283,0.8710308070328574,0.601349564201788,0.5473788845114466,0.7037836683789848,0.0764797683884518,0.4866853692632348,0.06775587641713224,0.9250636370547185,0.08196439941829967,0.42723377322882083,1.8272656985723892,1.5149761869637242,0.49372352031014366
709,V3 | V13 | V17,0.6695033256498933,0.6043165096509998,0.5455075769756563,0.8311830871855828,0.5549680156890391,0.9360875395853813,0.13060871838490618,0.28556965106989013,0.03066339899010498,0.9557822824919361,0.31781132567466713,0.5378575835503361,1.1836271066440023,2.7809265714372438,0.49356918219477014
710,V7 | V8 | V10,0.8229190356244377,0.7309303383474534,0.48626140496077475,0.8254892803446662,0.6511091605754992,0.947697367030017,0.06450933063343876,0.11736607569709176,0.003908325761500294,0.4040164147772572,0.06951359958835157,0.611180447844847,4.199295302099437,1.1649139145564824,0.4935453599571505
711,V7 | V8 | V16,0.8137470859455034,0.6779131399335567,0.637989797652023,0.7786588205962425,0.6003513276060568,0.9336766444209122,0.06009956261320969,0.11879574482506262,0.004117864674632286,0.5037068706172284,0.07344394567264327,0.5826756629629395,4.036953552050837,1.0665798136715432,0.4933708367476931
712,V3 | V6 | V7,0.7503245172513362,0.7387717829252199,0.44568928913129696,0.8264819568320106,0.6490886963987534,0.8869416364839654,0.11191320506000751,0.26503673896476226,0.006291932110248302,0.5544236878994496,0.09510219610320925,0.49961873004049384,1.7727069166259453,2.404999402888433,0.49327425059949087
713,V2 | V3 | V27,0.8110491387831805,0.7188497841438201,0.5055762654522739,0.742065254943349,0.6684315641196814,0.9195360822616013,0.053335059199744704,0.21383059318970946,0.008786933414279151,0.717383890144572,0.03979672782458144,0.4646053447571561,4.881925178199164,1.0281110105471751,0.4930978367921997
714,V8 | V11 | V18,0.7599761768843967,0.6384575559367301,0.8358728347379567,0.6436418921576623,0.5505744584526306,0.9067515855961178,0.04721612259703966,0.18218211746656715,0.015729759512620366,0.8474019116243359,0.10811104114503207,0.49043315954228117,4.0912066315334,0.8084800587682628,0.49295793089173723
715,V3 | V10 | V23,0.7576279498445438,0.6664054319464251,0.5363062351064852,0.7988571193480026,0.6268495884547081,0.9536827469484718,0.07812240902338873,0.17795881069989994,0.00588362175086054,0.7641202555259073,0.1135197997842254,0.5147118088053467,3.0303279569869757,1.5780164476038603,0.49291139746694074
716,V10 | V15 | V17,0.6652207219189014,0.6317308419145953,0.6498727874197265,0.7890447384843429,0.5879654443772049,0.9368006974815251,0.059106181704129394,0.32634925731161235,0.029279951874633142,0.8389614653542151,0.21158136427500007,0.5847068723032178,3.817967165971831,1.0283485367303393,0.4927610965327547
717,V11 | V14 | V24,0.639003768819656,0.6835942389855976,0.823260401837646,0.7232756522215952,0.6602983251551726,0.57304943669676,0.030759984527027384,0.5164823633996938,0.13872007893972213,0.8556836815759064,0.21302405028452692,0.3400961308566201,4.284075671286312,0.5157885990602961,0.4927461975995894
718,V3 | V10 | V15,0.6229259840365879,0.6130550184746014,0.5292917908130421,0.7884122790128064,0.5830058701126486,0.9565821551300993,0.1337788520187821,0.4361266808745873,0.06407400090801438,0.8800218835781661,0.2799954545807012,0.6150305838235901,1.6490798475881647,2.870944378059458,0.49262224968787677
719,V10 | V16 | V24,0.6145711770300286,0.6349323232030465,0.7811454753882197,0.6884690301772501,0.574160804987981,0.8259493937178438,0.06023557320979107,0.5235674592592378,0.0869565176811212,0.9278029756274812,0.18029924030229902,0.5325815898944996,2.5449337652207573,1.0368347723151976,0.4925135863813374
720,V2 | V11 | V20,0.7564742391435042,0.6948994076412652,0.6850806549155587,0.6065981102585626,0.6050479563941721,0.9291251057269047,0.0653621163174724,0.24917226289928263,0.008755837387526465,0.9244477660833935,0.07098848816142433,0.5206698499169591,3.749999559375551,1.2605619629776557,0.4924424324619688
721,V2 | V4 | V6,0.749752621473878,0.7546817054686036,0.6007716109766286,0.6747332651096982,0.6941046518165148,0.8166254649742034,0.07965851299848924,0.24503578622293137,0.02621499675538155,0.7201522257130112,0.05638049942346449,0.43990986014514905,2.742557297338306,1.6757640485864314,0.4923695728363251
722,V1 | V17 | V27,0.7455527140110974,0.6664652255034093,0.5925913256491869,0.780561594671261,0.5917315183430741,0.8618332615084348,0.1276831551219172,0.20579738351748816,0.008642285387822054,0.8308125019336324,0.04401024683624294,0.4503150668057739,0.78906072920599,2.6874343122542697,0.4923554693461737
723,V8 | V9 | V10,0.7734367665986825,0.6930043553996628,0.642867679431131,0.7274267603092707,0.6035682658535171,0.9367336406852094,0.06451648335871833,0.1553180062083784,0.013538383551804563,0.6581529535109977,0.07147498399238578,0.5713976082328562,3.7335722607831054,1.1859692496520473,0.49233809729175326
724,V6 | V12 | V27,0.7459655674883794,0.6888945700152773,0.7288677949026684,0.6253327442763832,0.6134078349828468,0.8420408189496509,0.07007190097809086,0.3299845486662836,0.010910253548218955,0.8884862685683346,0.013828700674930163,0.4130636179595559,2.2523294271042147,1.4000702283581543,0.49226919684390585
725,V6 | V14 | V28,0.7640118869549576,0.6699200651764649,0.7807652317709752,0.636465718969017,0.6244147882531236,0.8801039417707004,0.07072504929548476,0.078915776967999,0.0017910575521792947,0.9154719489760611,0.023920778160453175,0.4548984647681741,2.3460074769924137,1.3847121244013134,0.49224571803638595
726,V5 | V12 | V27,0.7770956427453484,0.6663964960564376,0.6849490040626909,0.7005891938191748,0.5906428567926427,0.8656917222592756,0.037404533012196976,0.2986217341085707,0.006341398483985029,0.929941246572224,0.024680011458552656,0.39134196706400487,5.238004886563953,0.6752607562909447,0.4921579290562522
727,V3 | V14 | V25,0.6899142847356963,0.6415305496172604,0.6014317009518931,0.830382329599265,0.6387757378115528,0.774643450169707,0.07792188016840862,0.36786419052559,0.068787033543863,0.8396273228283846,0.17594532506041627,0.45722961595517464,1.8937877234552816,1.5325636022566755,0.4920801741826368
728,V8 | V17 | V18,0.7835040334975109,0.633553673373023,0.7378322691687274,0.7658937888651016,0.5373945312306506,0.9128210151273872,0.056239440900259514,0.11150511007278857,0.010494742382273027,0.7546167255000884,0.08055451499583145,0.5546542650538677,3.6823012848368846,0.9739606908672157,0.4919721725827115
729,V3 | V17 | V22,0.6560928053178454,0.5839437681033909,0.5441192146607794,0.8352136991928016,0.5525375085825437,0.9410477520842454,0.13609433687574077,0.2788835891168221,0.029980026864961512,0.9615311125427393,0.3808388424037784,0.5675309093605435,1.1763137077371149,2.8997867637500847,0.49193965017564717
730,V2 | V8 | V10,0.8089886771324567,0.7186077685795993,0.5161506277506583,0.7645197891989218,0.6422997980475433,0.9474621579980566,0.05549702845238565,0.0872836949867548,0.009387836468608336,0.7203285154374903,0.057512194220309565,0.6084333235157328,6.0925127022389045,0.9724475724339667,0.4915605661133354
731,V11 | V14 | V22,0.6909961711254642,0.6514849766077804,0.800545019061774,0.7281903095113061,0.650679846207277,0.527904626595784,0.02810610827224352,0.5561619571871782,0.12875898773172095,0.870859232570482,0.2698584167091784,0.32143041469440964,5.274914163039376,0.49173419667844687,0.4915002109838229
732,V8 | V14 | V21,0.8196734866066734,0.684342031715183,0.5181110224178945,0.733323046545384,0.6411644921644003,0.9619051803855709,0.07221084536689235,0.09018413399783463,0.006728949482595648,0.8360254660191194,0.045618317990416234,0.6455309221938057,3.3061531466822354,1.3013650510775827,0.4914530324526775
733,V11 | V21 | V27,0.8130383378954834,0.6908125846302865,0.7171350723850908,0.5035960028505334,0.6343344616660921,0.9298790663551729,0.013084458603368012,0.33887752322141773,0.006686305304620948,0.9599553471010628,0.04257737183835994,0.3747312014278773,19.268995174990113,0.1375079030871706,0.4914309479728644
734,V3 | V17 | V25,0.6737778001972771,0.5975690471165717,0.561541788407732,0.8327660454408116,0.5587729016733558,0.9307240767510558,0.11872084709114528,0.27007289241826465,0.029614442725469765,0.9452988636019849,0.271783848604855,0.5537392307145764,1.3730942672647337,2.47638614866221,0.4912746296428911
735,V5 | V12 | V21,0.7771034855349537,0.6884457354171499,0.6025176197491957,0.7263348304756511,0.6031244563645469,0.9341029952741204,0.02979334312567752,0.20575212308542112,0.007086659895002684,0.9052434704048665,0.07079850029044092,0.5325639278520211,12.414562492990319,0.4115779778924504,0.4912394223897484
736,V7 | V10 | V20,0.7826064471559051,0.7289284286932827,0.5023425324060763,0.7564537168322139,0.6295789297813618,0.93995632402638,0.0439260823288716,0.30337279604791484,0.0034679853098741422,0.6237882439091597,0.05978740336433885,0.5687143874009588,6.260973271381954,0.6988862770474391,0.4911335792705183
737,V10 | V12 | V25,0.6888087267801093,0.6602908827003001,0.7408699506782674,0.7656191647606418,0.6255211443786494,0.6658627613546761,0.061077671265668626,0.4240533271162635,0.06671938085754514,0.8508827185918043,0.12011668991491706,0.40517924232882013,1.957249067186298,1.1312153741914392,0.4908862946294956
738,V12 | V13 | V17,0.6958602593254192,0.6404280113868579,0.7375830321318428,0.8079542019035666,0.5928147203131185,0.7832895499332866,0.07704353835899264,0.28382151201341277,0.032441729880508294,0.6626605152151651,0.147279029844142,0.4385194505783407,1.625497974759076,1.4919323120555399,0.49078230088207525
739,V12 | V18 | V20,0.7272536408221917,0.6489874420147165,0.8106002260209054,0.6555709169329462,0.5487514307960363,0.8605218841242245,0.03996932462883872,0.37288262917216747,0.011535215644337998,0.8500015311593393,0.04981015710298974,0.40971666588578026,4.362663714117618,0.7008853484877356,0.49075644455804013
740,V6 | V11 | V21,0.7383833578716583,0.6984120136438324,0.7000350934193762,0.5408830479036388,0.6061822314172081,0.9035323841346817,0.09883605514924004,0.3034788317477835,0.013833586972270665,0.9255193145277938,0.08352996826455789,0.4831044383477838,1.5995522202857215,2.0397331697797076,0.490575546681876
741,V4 | V7 | V8,0.805308767549341,0.7138766733708265,0.4857865357364049,0.7906571386126138,0.6710733661754463,0.9321671431218936,0.05653953756637908,0.12608525098966422,0.004196994204213604,0.6212356360807697,0.06489633723757951,0.526165943226068,4.623210749126717,1.04639473803645,0.4905663494622543
742,V17 | V21 | V27,0.8365661945085974,0.6859087020665795,0.5858719982139954,0.6594067619682557,0.6211545344441117,0.9416213761762513,0.022954184067927565,0.19664350823895388,0.005163394248086048,0.9368043292812478,0.03206641063841973,0.5260829862229743,12.106235581641227,0.22920336558472104,0.49018670733250336
743,V3 | V6 | V9,0.7008422482255813,0.7008457999774294,0.6143417323893582,0.7286319218265875,0.6015478016767712,0.8044117516861582,0.09775226973967924,0.36982209067405303,0.051757107628160465,0.811945511674759,0.0979689495949143,0.44713459738776284,1.7995547174292312,2.0735353953805062,0.4901565222753993
744,V2 | V3 | V28,0.7970211695045523,0.6733494551001831,0.6405338944622991,0.7258079829408689,0.6323228116112847,0.9402685212742634,0.06625367037085945,0.04808300909819204,0.0015748953523474964,0.6770314818173531,0.057334947294565966,0.49171417674817586,4.016001121252649,1.3250726063538414,0.4901392320744802
745,V6 | V10 | V27,0.7505773646024725,0.6980692255672837,0.6430666874235469,0.598974533653607,0.6094222427045377,0.8904804633931553,0.0793622816910743,0.40052957137752765,0.010429081789735645,0.873441029726293,0.019379816761576837,0.4769426987861339,2.1384220154310163,1.579192595795657,0.49011763917718787
746,V3 | V5 | V7,0.7814545925083048,0.7162737089663801,0.3609839641335469,0.8782290066572416,0.6263237182085494,0.9506577415953746,0.10550350903155092,0.24161150273653065,0.004092677080677521,0.3940778590600535,0.15980020977149217,0.6211184382011151,3.0274828151483826,2.2205111945516727,0.4899959196873666
747,V9 | V11 | V20,0.7209223286097305,0.6692959944613287,0.776513877367441,0.5551737054243685,0.5663164242001458,0.8824043453196162,0.03203301778010849,0.5116500959015722,0.012399937545089211,0.930693611926179,0.08879499552431964,0.3594655179836548,5.598338102161459,0.5689406805333419,0.4899795109889785
748,V5 | V16 | V18,0.7525103643993689,0.6377763367137884,0.8391699528812524,0.6799950635810014,0.5246139063212424,0.7014868884946848,0.03688883008333658,0.4318367557124292,0.016125995078213922,0.9658340502952164,0.13379281732780487,0.41789348707223584,4.2479447002701916,0.6043578040879568,0.4899612753140232
749,V1 | V17 | V28,0.7315247447324691,0.6209648964597724,0.7069881384205761,0.7655154701944022,0.5556227658346772,0.9382251038648933,0.13228742207660732,0.045852271327881444,0.0015570432176115728,0.728339979908286,0.06331931747775621,0.4789077035671688,0.7352534432620313,2.767470432078172,0.4897734194372236
750,V4 | V10 | V13,0.6715357812717221,0.659159335810108,0.6441650825220603,0.7027053056388262,0.6376948717159704,0.7046463252623957,0.044506378710495835,0.645314120952515,0.10632758890800216,0.9630693139753448,0.16509131803960556,0.3808297827468988,3.8779082333060493,0.8353629792218601,0.48967100411174447
751,V9 | V16 | V28,0.7832660400814634,0.6400150007942145,0.894723859773044,0.5589195763441089,0.5766945587935861,0.9057649381592451,0.035015981557730495,0.10807560514631058,0.002016754989778571,0.883309314296557,0.05833964934800586,0.3141827861723087,4.104082282616869,0.6514613557362481,0.4895992060424945
752,V12 | V17 | V25,0.7001347338728033,0.6336805488524297,0.7482202504348955,0.8096115477815741,0.5966196062974353,0.7288512458265818,0.0701598246528155,0.2684511286286555,0.0312785567836445,0.8273536130428951,0.13297141104595248,0.4460273717566591,1.5135178877186706,1.2791349989224376,0.4895810102345656
753,V10 | V18 | V20,0.7318654379362846,0.6581620975667231,0.7398569852765315,0.6307828204207296,0.5447658385177271,0.9127921959544645,0.04019660982003291,0.45826024379381375,0.01100836608581845,0.7984338854953995,0.06338484740599513,0.4827008979398802,5.197801865349575,0.6592460233418873,0.4894511695099473
754,V7 | V17 | V20,0.7939324542485993,0.7023180948454121,0.5146021326338489,0.8012171050927687,0.6006773917001477,0.9333466451300878,0.035093086573508576,0.2016268242601235,0.0029997231014533697,0.7334464533898727,0.06514438540611575,0.5463879152551302,7.874913136773117,0.5046100693304618,0.48931944858434306
755,V14 | V15 | V17,0.6926832135500142,0.6490820105674133,0.691379280572479,0.8287323924598236,0.6390667424341877,0.7242710258279697,0.05400236726979053,0.28565183057108556,0.031379903118000804,0.8311602854180421,0.16105051446172264,0.3907989319570381,2.489435373584223,1.0036063082851328,0.48930809474342934
756,V3 | V16 | V23,0.7484560001656093,0.6133882335325285,0.6745497154167021,0.7493624889879178,0.5760917554852657,0.9385353962373917,0.0676222870699617,0.1801623787993962,0.006251501849872015,0.8116726728742295,0.12082888180907068,0.454618231341153,3.051590697887481,1.3521557512989453,0.48897667938657285
757,V11 | V13 | V16,0.6677722501474642,0.6014893510886751,0.8572888164804706,0.609510630777081,0.5512512222873471,0.5189188848917506,0.0682540554961371,0.715303836764828,0.2671263114797457,0.9174716157045709,0.37265810300336716,0.2513120917590522,1.547886585751182,1.4270799456876881,0.48897172807998573
758,V12 | V21 | V28,0.8066004210231824,0.6578440513188067,0.7712214460766574,0.605019641715992,0.6179329122952383,0.9347186565318912,0.02166891504405732,0.05712152593871194,0.001224394836823128,0.9168311224983889,0.03334503659778948,0.4300092890401786,10.55339340931665,0.2798603020847759,0.48873318597931387
759,V11 | V18 | V28,0.7789774000461117,0.6384853997451783,0.9552815093791027,0.525901628916146,0.5744585843621424,0.8864234869319084,0.010710374709169563,0.12509423623595972,0.0020624211952676107,0.9049794828203767,0.08205944206936677,0.17218216856967092,9.053436361496171,0.22497605102637308,0.4886724269737476
760,V14 | V27 | V28,0.8386668669787825,0.662320636162919,0.795163006664947,0.6058077621234095,0.6525670185020076,0.9158975857057057,0.02398969555216752,0.08698320153733372,0.0011033262778355078,0.5300576767770374,0.008811073701469368,0.40533149994570167,6.489208490566566,0.32105789021312936,0.4885991329085728
761,V2 | V17 | V20,0.780002095756618,0.6899955250775582,0.5427641082448905,0.7370469267347862,0.5918680291721918,0.9367219193303007,0.0628543552662855,0.15010166622098223,0.0065376906653112216,0.9548534300494149,0.05393783327603885,0.5797638687508139,4.103828242576312,1.1474570119954126,0.4884996257274866
762,V5 | V10 | V27,0.7817074398594412,0.6755711516084438,0.5896348861883497,0.6779632188995939,0.5866572645143336,0.9275295405394204,0.04576623755660951,0.3593374326465602,0.006132789100906754,0.8477359657116478,0.03224455142351159,0.4998605097455321,4.934473064298623,0.7872977075675569,0.48835878718666303
763,V4 | V9 | V28,0.774827721685301,0.675978534231484,0.8136795620579451,0.5773404343658445,0.6474165973629755,0.8865294624771523,0.025827524752036087,0.11475283103814764,0.002052439456965774,0.8263950238122911,0.05164330513388761,0.32627307553177165,6.602992110236519,0.4523929004819962,0.4883580703142062
764,V3 | V6 | V18,0.6995835080317153,0.6680054517986601,0.7068393255956555,0.7189563740560511,0.5642756051351188,0.7736494413390249,0.0915229909463912,0.3901113290991828,0.052589978880267264,0.7803582134337719,0.10133722798602839,0.4391362420624018,1.8459262987706178,1.9169368815355405,0.48824273111012945
765,V3 | V11 | V19,0.7804557879171359,0.7134509974332098,0.7354823550029013,0.7499152824315383,0.6476807249144138,0.23941027939689818,0.06983906372188947,0.5391070081179525,0.12227265571429144,0.9372948044494941,0.3127057862869533,0.29606479185417767,1.2382877206775569,1.371401065469106,0.48819901339057864
766,V5 | V11 | V21,0.7695134331286273,0.6759139396849927,0.6531358607582516,0.6287077881298822,0.5834172532270039,0.9429791070398703,0.022776144902712795,0.27548597096732436,0.007503937358691882,0.9616568699768632,0.1367911739698839,0.5040327434640238,16.93137916902617,0.26691431414342515,0.4881723411683329
767,V8 | V9 | V16,0.7642648169197487,0.6399871569857661,0.7557969268303009,0.6699690698514399,0.5528104328840745,0.907535914365313,0.0505775149463152,0.15721276155508304,0.01497583365920096,0.9017605740746937,0.07553307651752439,0.5204649871614933,4.1727931387678785,0.8735052392876024,0.48812227089843935
768,V7 | V14 | V23,0.7787854775114225,0.6643546274963026,0.5410822511629978,0.7940672669622013,0.6416523494781655,0.9475192976937243,0.03086347459407555,0.15185473644445893,0.002402975614984527,0.7866116285719341,0.07230439247407668,0.5770037869393659,11.326881687437842,0.3898365059787497,0.4880895518047772
769,V2 | V4 | V19,0.7548120469062449,0.686379240869952,0.5792544333907192,0.6495649400821666,0.638258641812113,0.87364392977405,0.07823905804871945,0.32252125245477514,0.03753025848387334,0.8588519696995065,0.0968004773861712,0.5333821704175067,3.184216415782516,1.5716626959694209,0.48795137048721615
770,V4 | V18 | V28,0.7735689814914352,0.6431381860527149,0.875797745306493,0.5642412179283842,0.6101444008213232,0.8744988099475914,0.01941987074460975,0.1196084560731419,0.0020577754436196588,0.9644632912336538,0.05326120474003367,0.2676879533567383,8.290181765390402,0.35956769148175144,0.48792983601243434
771,V4 | V13 | V17,0.682861788364416,0.6325490019622375,0.6532123564052327,0.7522564052777162,0.6087933336347564,0.7899105026005062,0.08205131673142212,0.3721468214538701,0.03852111985005052,0.9293397294741121,0.18583398959126832,0.4400655506086213,1.6073643746506097,1.624737250973184,0.48791646635793456
772,V6 | V10 | V21,0.7505852073920783,0.7201184649279958,0.5519798710752563,0.6302837708150048,0.6219038422764419,0.9203815285481151,0.09626278412494438,0.26561601266914775,0.012114188809359798,0.884220919805271,0.057982846348822885,0.544509950507377,1.8787688841026355,1.9452404861928854,0.487637013115202
773,V11 | V14 | V26,0.6600458025974638,0.6662988094348181,0.8096857204307321,0.7208675462778684,0.6619797902928616,0.5228152654723174,0.029762864378086968,0.5138260566286992,0.13728198059514476,0.8698580229744913,0.20232701420553864,0.3466779919500471,4.7065643194240945,0.495939158499103,0.48718240922220357
774,V4 | V17 | V22,0.6694512680323683,0.6121762604146285,0.6521133491343852,0.756965656054338,0.6063628265282609,0.8161946823513415,0.08500908013855472,0.36245194079593757,0.03747833279537236,0.9494675858667577,0.21057938976551321,0.47793845525229967,1.4815059774387276,1.6483291260353872,0.4871233419758845
775,V14 | V18 | V19,0.7630741558848144,0.6623403131406911,0.8034713287203916,0.693583466563132,0.5933920055334702,0.46692219285093467,0.021131806235088046,0.581998696959944,0.12944651914743133,0.9609338604529873,0.11095979920651816,0.3030398029469394,6.524790552837089,0.34579646133346525,0.48705378002251354
776,V3 | V17 | V26,0.6251424367898457,0.5987576009304284,0.5599374396659649,0.8292975833588971,0.563837452668128,0.9324522686495441,0.1319230625833992,0.2633366945659564,0.03047303657335276,0.9546261050127726,0.2672281799607367,0.5808273577557154,1.0593542167175471,2.7462784120062533,0.48695960160609547
777,V4 | V7 | V20,0.764996179080809,0.7118747637166558,0.5018839349450172,0.7163114082893235,0.6495431353813088,0.9191138830198091,0.03261918749178306,0.33042471102645166,0.0037163721002688574,0.8127521906640878,0.05585651511934453,0.45416813224915936,8.204327340373812,0.5331829291351928,0.4868472862126039
778,V5 | V11 | V27,0.7695055903390213,0.6538647003242805,0.7276572626245856,0.5972975870831677,0.5709356536550998,0.8726903721001016,0.020718139407519136,0.41832750086700604,0.006693838561131911,0.963572608585291,0.04665305622047704,0.33139225652696924,11.0561187114157,0.35607577479650004,0.48682471775880687
779,V4 | V17 | V25,0.6871362629118,0.6258015394278093,0.6659543892762867,0.7541066429355301,0.6125982196190731,0.7970288331366387,0.07279329115888895,0.34977274942473563,0.03692467065135792,0.9095651007589092,0.1657964282963414,0.4737959136924145,1.8706409383109204,1.37290585487198,0.4867904831393885
780,V2 | V16 | V19,0.7632503653024069,0.6504157074326823,0.7070516805870632,0.6336379343879602,0.5675366032427235,0.8405695491569258,0.06476398894280355,0.3005572132398179,0.034734771038631505,0.9323702818717767,0.11081498718963863,0.5529401690190969,3.3679130218022495,1.1935124608309526,0.4867567811998639
781,V5 | V6 | V11,0.6948506103151961,0.6614641293378264,0.7109498564850583,0.6284607893950928,0.5427834234062158,0.8653236909714396,0.10581842467687695,0.3706456823081789,0.01385787217124655,0.9400733268110699,0.09193924177499453,0.5064951156147162,1.6933227314378871,2.220755256269073,0.48672593437036415
782,V5 | V6 | V12,0.7024406627215231,0.6739959250699835,0.6665888361676252,0.7261312567940289,0.5624906265437588,0.8364995479269549,0.09507071138862366,0.26879879925414774,0.012755317067135322,0.9272486830008982,0.049898454225694645,0.49698088781497757,1.9987873141786618,1.9740600792175553,0.48666215421056636
783,V11 | V14 | V15,0.6691553569369003,0.6539858931311205,0.7986807212081556,0.7224095656553315,0.652246669656168,0.5155722014826106,0.03566041550304132,0.5445508908714336,0.14035618548580137,0.8321373737800595,0.24119764281329206,0.29153432707123916,3.6393049881951027,0.6721119529069505,0.48666178829226964
784,V2 | V3 | V19,0.741453584191722,0.6581467485587144,0.4499649146885955,0.7447047041652937,0.5844333238663957,0.944360252219727,0.12929781708716367,0.2508765239799496,0.030014215149300208,0.9288719090704073,0.14015883153636297,0.6260624716467184,2.2971402053140246,2.8115192967773237,0.4865123735381002
785,V11 | V12 | V22,0.6589218823802578,0.624959152402956,0.8349315203524931,0.7018908791971938,0.6035641404286034,0.5777946409946733,0.05543480411700167,0.522717062358425,0.14596505309745636,0.8284013680111874,0.24759541844789987,0.3702983356218448,1.6749246178938375,0.9760317067176192,0.48646411711379933
786,V4 | V14 | V25,0.7032727474502192,0.669763041928498,0.698040377159467,0.7513200678500084,0.6926010557572702,0.5546107069910503,0.03745061561819754,0.4969058047131957,0.11922544453808062,0.8415597211027038,0.1175430046002557,0.356951308610139,3.7525813150863687,0.6608078113981782,0.4863973746211889
787,V6 | V17 | V21,0.761911214484772,0.6935081310801254,0.5630039940526814,0.6870605646693895,0.5930023041952277,0.9029708364423541,0.09488267760287449,0.1789254174825839,0.009509535985530842,0.9456243034015753,0.06316756917252488,0.5422718030310892,1.7064880441249493,1.8876106611374774,0.4863760316244155
788,V14 | V19 | V21,0.7831071244555579,0.6691671689821626,0.5813511308571659,0.6591716160285078,0.6171591303290229,0.9252341845565882,0.03146418806265442,0.30744224531468867,0.015111065895539715,0.9119182909208271,0.08137250379571548,0.5092849627377443,7.703946508277518,0.44022241502255677,0.48633012018850663
789,V2 | V14 | V23,0.7648551190194419,0.6520320577284485,0.5677181074556811,0.7289205261217983,0.6328429869502095,0.95308333378487,0.08058830552473388,0.11359309637021696,0.004995299898764743,0.8382931045216875,0.05978247452729411,0.617172005954603,3.3983102458755354,1.5637755776426088,0.48632653790814756
790,V6 | V11 | V27,0.7383755150820525,0.6763627742831202,0.7678578008352461,0.5032795459734064,0.593700631845304,0.8507346141593487,0.06918282421819688,0.47046979898016283,0.011751665051479149,0.8716155239143559,0.02956222797400153,0.3694696627088837,2.198762987859006,1.4141924037004194,0.4863118803229489
791,V4 | V8 | V18,0.7545677583297207,0.6431103422442667,0.7300334908313947,0.6742446891207272,0.5862602749118117,0.889626587359003,0.04103510881236296,0.17405518699018083,0.01565081401076323,0.9239172648266943,0.06882930536745295,0.46987567833517596,5.384750986939445,0.6997347712383285,0.4862993532052438
792,V3 | V9 | V28,0.7614692589707782,0.6477460419202465,0.7402978452693869,0.6856392479083209,0.5935912794172583,0.9256960892925696,0.05124151041449585,0.0918129336900041,0.0019443263428154636,0.7417831674961892,0.07125066710249323,0.3413338937823423,3.574805940458357,1.0455321936740682,0.4862210526557011
793,V8 | V14 | V27,0.8196656438170679,0.6622927923544708,0.6154504439783267,0.7079402529456621,0.628682892592496,0.9210338284619908,0.041903935819726255,0.12723486986922145,0.0060372855888176855,0.7356048124554797,0.013855018996791877,0.5217532556281644,4.833036549258108,0.6568119578868368,0.4861080034265755
794,V2 | V3 | V6,0.7363941587593552,0.7264492131573659,0.47823073568259566,0.7656397008292505,0.6402793338707976,0.8809361380609269,0.10555902144279415,0.194279431188991,0.022144209991837367,0.707587816959288,0.07796295153897934,0.4900124246332946,2.2176110227839265,2.290640343727355,0.48586563829068774
795,V10 | V12 | V24,0.6191313295948696,0.6787748660649364,0.7555402748652621,0.7638772125372674,0.6289042302357326,0.6588373364149834,0.06253205404477331,0.41317456678392256,0.07125710470126133,0.8596351428996111,0.1236047464294744,0.3904632027374855,1.8452410156901995,1.1724076272788355,0.48574473327593315
796,V9 | V10 | V20,0.7331241781301506,0.6910024457454921,0.6543780260721934,0.6422832237521261,0.5820380350593797,0.9150524142173818,0.04552244514261633,0.43248599723437486,0.010958806606742349,0.6756601634466238,0.06145023854590122,0.4909160742926196,4.650907074649881,0.7811168252997316,0.4857186414957371
797,V14 | V19 | V27,0.7830992816659523,0.6471179296214501,0.6673122226725173,0.6296549471176445,0.6046775307571187,0.8379116937021046,0.021681066148896047,0.47805861045511894,0.012711017545197307,0.8956767212774099,0.028759964582385448,0.33980084377731096,6.741298672911303,0.32777853496952675,0.48559287732379186
798,V8 | V14 | V28,0.8056376745384397,0.6167924633108338,0.7249242719005932,0.6905266793957958,0.5925741400840993,0.9329633520956847,0.04527572546411841,0.021107915452328554,0.0011737662083932954,0.8805456649566695,0.02259151787298404,0.5275564522568953,4.335283452601102,0.7272581037679584,0.4855637535083708
799,V3 | V4 | V23,0.7400176817694474,0.6493517669697982,0.5358801940492618,0.7620684712978074,0.6468137940546552,0.9344336270072405,0.06872909346148195,0.19149220721086155,0.006392509223980951,0.8291126922721328,0.10514183553417894,0.4272642811792738,3.4428875777518915,1.4315268803724766,0.4855577793288275
800,V4 | V10 | V25,0.675810255819106,0.6524118732756797,0.6571558837555522,0.7047459020030392,0.6414997577002871,0.6922296876411341,0.04179484657831549,0.5935367733197436,0.09571387816165722,0.9190495494521226,0.14824675196571507,0.4222551255215939,4.059479092349333,0.7271141741989826,0.4855264734028111
801,V12 | V18 | V19,0.7309998671396082,0.6358144889358666,0.8376483110703884,0.6653656134426952,0.5462762997547965,0.5513015456907551,0.0498322652091065,0.5460695551736807,0.1468455575902478,0.9304819814342769,0.1049781934983645,0.34384533628766206,2.321450752393551,0.9219826662123667,0.48550825237105666
802,V9 | V10 | V19,0.7368704044475672,0.677829492666642,0.6918911112176671,0.6523364674375828,0.5795629040181397,0.6698877413400051,0.043816441788246334,0.6577960099080706,0.09927549293345105,0.725895268321768,0.1339808129851514,0.3854965876860143,3.2949660779081054,0.7839964669680116,0.48544594484653314
803,V14 | V16 | V25,0.711711065846381,0.6337995084912283,0.7997812628758505,0.7383372225774589,0.6218790171878806,0.5911470554302773,0.022749993668037524,0.4557337976989689,0.09648009292943432,0.8562332931402142,0.13590910121685384,0.37848887139407555,6.566998608706915,0.31535812136419583,0.48540916305139187
804,V10 | V12 | V22,0.6711237319006778,0.6466656036871192,0.7291296805849807,0.7684139188763784,0.6192857512878371,0.6549270133191347,0.061280744333417216,0.440989180935897,0.06845197656369933,0.8207951401018706,0.14708659502323848,0.37312478243687447,1.9329958600516786,1.166029182028419,0.48536222211246377
805,V2 | V4 | V8,0.7913784090573605,0.7015541036029724,0.5157055562158016,0.7250390571312968,0.6622640036474904,0.925311028855598,0.04411365146245777,0.09401604369576538,0.010453777434447852,0.8616653656023384,0.053734171973404236,0.5307056641508698,7.210419425001614,0.7579525370101365,0.48515953132712225
806,V9 | V17 | V20,0.7444501852228446,0.6643921118976216,0.6632291505065686,0.6977975186647342,0.5531364969781656,0.9022025736527576,0.038145099130021655,0.27282103001264035,0.008722464893333325,0.9206866054480921,0.06696856107196154,0.44758518634554373,5.289130984900853,0.6405807118984297,0.48503660772734647
807,V2 | V10 | V20,0.7686760886639245,0.7166058589254286,0.5312394687093517,0.6859014972602897,0.6207695672534059,0.9395972476484795,0.07194312809203482,0.219803330187639,0.00792016214985353,0.7203414789646292,0.049521673480728966,0.5904027096311586,3.7332785002244386,1.3701249853420903,0.4849379667604274
808,V7 | V16 | V20,0.7734344974769709,0.6759112302793863,0.6496209336611061,0.7023836870422756,0.5788210968119193,0.911953424384874,0.029599023794141806,0.30771318993490215,0.003648446864909469,0.621956422524914,0.06311533306274057,0.49788247862687574,9.072683597946568,0.4162107926173836,0.48483047608404845
809,V3 | V15 | V17,0.6342519911292819,0.5864446846267308,0.5408645697221508,0.8305420216734825,0.5541043320314346,0.935695784636414,0.12841874353859725,0.2746963761512067,0.030639745443813104,0.9129037650993818,0.3306982658841547,0.5441487771444282,1.1795734342723947,2.7138715604405257,0.4847423993891922
810,V4 | V8 | V9,0.7558264985235865,0.6759506904230359,0.6425295211694257,0.6848066123569605,0.6235324714534641,0.8890637973957146,0.0401170261938483,0.16692430963491345,0.015560783118820315,0.9071050406604467,0.06671287481599109,0.4767137958986173,6.025006533900819,0.6820548258613408,0.48468561595680776
811,V3 | V17 | V24,0.6041004030120374,0.616053030481208,0.5830195857490116,0.8312412910101604,0.562155987530439,0.9075365105788128,0.11507235177399806,0.26433519817646545,0.030551716140651667,0.9314910486714123,0.28420405086197803,0.5441379499280445,1.2137752399761692,2.3558476777923,0.48456212794887993
812,V4 | V10 | V22,0.6581252609396747,0.638786594262499,0.6430442889324922,0.70789755207951,0.6352643646094749,0.7034844440175635,0.045947797936615804,0.6225788226280102,0.0992450085359863,0.9446721653032071,0.18556087273423869,0.41735915957740755,3.752089679980396,0.8328393022804418,0.4844676360249062
813,V7 | V18 | V21,0.767941366880912,0.663053289042886,0.6068547795195702,0.6631723893551934,0.5686108979223814,0.955915323155203,0.03305780994817308,0.27411854129648516,0.004337424661592427,0.9057207400706828,0.1158032031694055,0.5694565616152082,9.710918448921088,0.4451759595860119,0.4841780458562978
814,V4 | V18 | V19,0.718001396178605,0.6279354795112462,0.7709812110515614,0.590082720070868,0.5622549130764344,0.45880152163031096,0.027592358097973002,0.8155692928366408,0.41106480339321716,0.9691489220923489,0.12810788816553673,0.2948409418949185,5.699664048386245,0.5143722968146786,0.4841605803186871
815,V11 | V17 | V24,0.6228672842812368,0.639632736484909,0.7990044855490911,0.7262208826430817,0.5802954890169757,0.7240681998370944,0.047098458887658526,0.36120522476033934,0.038756957882806954,0.895498683075362,0.35154469549115086,0.3531007999798698,2.425018823238901,0.847041334518004,0.48412926214704227
816,V12 | V17 | V22,0.6824497389933718,0.6200552698392489,0.7366678473429368,0.8121737441628435,0.590384213206623,0.716111493893188,0.07047813972296064,0.2771905536376843,0.03168349523597226,0.8115459038097252,0.1644269996309249,0.41210758080865595,1.4702444019162324,1.3147936000321296,0.4839544412649841
817,V3 | V18 | V28,0.7602105187769123,0.6149056937414772,0.8123264933661797,0.6750949067772966,0.5563190828756059,0.9068898262689702,0.04099086420602498,0.09580850030121404,0.0019494006981787477,0.7974800023269756,0.07353055041200005,0.30154754366025466,3.892237391013725,0.8190702135211418,0.4839447125673829
818,V9 | V12 | V13,0.5977782884531171,0.5644242318961329,0.7250166907336063,0.6476675966046194,0.5040157142930547,0.9636968530319387,0.13995759217874493,0.517129795422736,0.14891358594302262,0.7222284123484997,0.14084233893753395,0.5205934170783495,0.9571688340183174,3.0009634670321823,0.4839059413636413
819,V16 | V18 | V28,0.7820072998875977,0.6071746526154451,0.9473845713339017,0.5453271344394136,0.5394223622519337,0.8727610561400749,0.02207230524061622,0.11267208290515637,0.002022003892860332,0.9579359033337684,0.060170690211440066,0.2765871275703124,6.038210059070724,0.3887912619810517,0.4839013621582203
820,V11 | V18 | V20,0.7196635884158642,0.6364556462825595,0.8434810805089598,0.5414786858784314,0.5290442276584933,0.8590138426311746,0.02292595628918494,0.5453391197852899,0.012460875894437383,0.8229842181993297,0.0917652031916627,0.3275968132583199,6.923186683366905,0.37700501452513996,0.4838707254405574
821,V6 | V17 | V27,0.7619033716951665,0.6714588917194131,0.6521353117286218,0.6591743337434918,0.5805207046233236,0.8664467584984086,0.07252301307533895,0.2560642083724101,0.008353823250503503,0.8822925952620703,0.021573550777173177,0.4565313487268923,2.132038484659713,1.4118496860321113,0.48377348684054794
822,V4 | V13 | V14,0.6989982729028352,0.6765105044629262,0.6861653426299456,0.7494595739954171,0.6887961697729533,0.5074796408776454,0.0395278535881246,0.5354851862423371,0.13597666430764727,0.8235434104687824,0.129512638452667,0.3011119773523913,3.5210599133817557,0.762699944386436,0.4835434627859259
823,V10 | V12 | V26,0.6401733633726779,0.661479436514157,0.7397828215167493,0.7616555394415925,0.6305856953734217,0.6546564133829164,0.06315200705246635,0.41129331399009994,0.07086388973755689,0.8354915164837249,0.11880607058081896,0.4007815666190599,1.7596160382519757,1.1681444095609073,0.4833674818919477
824,V1 | V16 | V28,0.7110267879608413,0.5945580318937465,0.8002666027819028,0.6586213594649218,0.5337664709464488,0.9359577652285092,0.1313517578694336,0.07248497254826104,0.0018898439865813721,0.7909598388645224,0.06135137986765778,0.4592441109947154,0.784365062954856,2.7773979102685096,0.4830382743280103
825,V8 | V12 | V21,0.7875991978614673,0.6578162075103585,0.5796568169605447,0.7072965261136421,0.5940487863857266,0.9590174890681898,0.07076452174166853,0.08652672007392924,0.006801798122278892,0.8268118513304914,0.043403118196059014,0.6184234902027611,3.17113792985888,1.2813878802775962,0.48297220549126074
826,V5 | V10 | V11,0.8374951685313577,0.8045415453608862,0.7874908581631389,0.7863982990277798,0.7146228690743816,0.03342358176711743,0.030206003822132874,0.4169846602854849,0.014565011542586949,0.8379405285924372,0.17908427923182468,0.1690544086552991,2.8588158855990615,0.6017758330716436,0.48286903498785144
827,V8 | V16 | V18,0.7630060767258825,0.6071468088069971,0.8256175883289752,0.6590888179955565,0.515538236342422,0.8787132700561867,0.043823095234918966,0.16388634210608627,0.015060051825903637,0.8551311198567901,0.07797289371601498,0.5167689731909432,4.588339096494718,0.7067927678763026,0.4827518518463666
828,V11 | V16 | V22,0.6543617298154168,0.5811166095410658,0.8565829062591297,0.6157486627717502,0.5488207151808517,0.5006342949753458,0.0698943750155672,0.6883743750814141,0.22739298768777655,0.9089382062852724,0.4577721418281043,0.2845227788707284,1.3615738412133223,1.4077799158763722,0.4826968418105512
829,V12 | V17 | V24,0.6304573366875638,0.6521645322170659,0.7626623374547767,0.8080151452134646,0.6000026921545185,0.715389400325349,0.07091177764773664,0.26275902713166077,0.032317696438248875,0.7884493104580927,0.1369990956220428,0.43463167888155224,1.4655197110098919,1.3033569674246082,0.48269039096088795
830,V7 | V9 | V27,0.7691922642851724,0.6738443978609427,0.591929151340389,0.6453260433290715,0.5934014948921297,0.9163537899895396,0.03167382211167528,0.3935574211016209,0.003944763738151312,0.8407976294121446,0.03922722942612628,0.4359468103732715,6.715367204648567,0.5045745701661164,0.482626394086764
831,V10 | V18 | V19,0.7356116642537011,0.6449891444878729,0.7712372267496652,0.6410652820843833,0.5422907074764873,0.5657685697258095,0.03452206766536571,0.7090548194781915,0.10225627810840075,0.9237847657649182,0.1391602482011945,0.33657168453560127,3.6945573459897787,0.5984692181980494,0.48262239661951417
832,V5 | V12 | V28,0.7630676734667201,0.6208961670128007,0.7805916043143999,0.682915776546248,0.554534104284246,0.8924191817917162,0.041382319517095784,0.06895186203605352,0.0012255551426051815,0.9348858716197425,0.03666621038558082,0.4157188028595796,4.9060971260098185,0.7506970686061563,0.48248127172716004
833,V12 | V17 | V26,0.6514993704653718,0.6348691026662865,0.747150320509982,0.8059797738120423,0.6016841572922075,0.7171111559785769,0.07341347097213236,0.26176839166610855,0.03223034319508265,0.8169418712096228,0.1314611027466274,0.45057780461946445,1.3124979130626198,1.329011930071601,0.4824560893173236
834,V17 | V21 | V28,0.8225382252299694,0.6404083730229424,0.7017525589620356,0.640202861278489,0.585045781935715,0.9467585486203485,0.02336131935781785,0.04324919403467586,0.0010118997261375255,0.8868654172093421,0.046612565216241394,0.508052938663894,10.520490879237304,0.24786929279013742,0.4823426823005269
835,V9 | V17 | V19,0.7481964115402611,0.6512191588187716,0.700057243437314,0.7068135217819332,0.5506613659369257,0.737965445569379,0.03836916254284759,0.37738565161420634,0.03748301063865534,0.9073607681345477,0.14905117162352438,0.420356518026964,3.8877973209847485,0.6283525254148116,0.4822490350468368
836,V2 | V3 | V5,0.7675242340163242,0.7039511391985263,0.39981330838301843,0.8236449545055231,0.6175143556805934,0.9299931057310008,0.1143263648902597,0.17825144381997537,0.010058225802139711,0.4690150492067432,0.12624738223971738,0.5889292262665207,2.7609003350574834,2.4764713762923263,0.482153596830029
837,V7 | V18 | V27,0.7679335240913061,0.6410040496821735,0.6885794362215525,0.6338955106798572,0.5561292983504772,0.8969144404930296,0.019330295848521275,0.4158438909229002,0.003955745896945636,0.8497129758021493,0.04048528627213947,0.4033173397583659,12.174109091146894,0.25322182497107687,0.4821446626170891
838,V11 | V12 | V26,0.6279715138522579,0.6397729852299937,0.8434218345003105,0.6941736680403666,0.614864084514188,0.5676800225400427,0.057127414625373726,0.4842683465716688,0.1569666429691771,0.8260791475852807,0.18817528400528455,0.3943770644805477,1.5294737206204354,0.9767616162726266,0.48207033847206293
839,V4 | V5 | V9,0.7453307861970729,0.7065802183298273,0.662540592599884,0.7046950467110321,0.6326081414322844,0.6509039614477184,0.02190529063746071,0.4428844223186204,0.016691086126824593,0.8519809873327455,0.1117974282600615,0.37416154114188194,10.14488396814743,0.3390020676801197,0.48177019249104397
840,V10 | V12 | V15,0.6492829177121138,0.6491665202104594,0.7269525985656352,0.7630780829934162,0.6208525747367281,0.6649173452314199,0.06037163373859211,0.4329053783007211,0.07169982115723846,0.7872232267243584,0.13564880285030523,0.3571635733635396,2.1068259332491026,1.1761958626960318,0.4816771916023064
841,V11 | V16 | V25,0.672046724694848,0.5947418885542466,0.8655170135496747,0.6119637711720994,0.5550561082716639,0.490280836786722,0.07138536104165749,0.6541785268301594,0.2100862174241636,0.9298182432874375,0.3131408332260024,0.312262761958879,1.2385573992756462,1.3975596456177373,0.48158368672158186
842,V11 | V12 | V24,0.6069294800744498,0.6570684147807732,0.8560524731347602,0.6967121547750817,0.6131826193764989,0.551824502133134,0.050925131309968466,0.48668748905492004,0.1588416669332067,0.8347606723504264,0.19770233833429357,0.34523367277347333,2.086572319726108,0.9275816159619733,0.48154628247263465
843,V16 | V21 | V27,0.8160682377369692,0.6595018375005536,0.7038266507537955,0.5238813265219133,0.5992982395558835,0.9275003354888681,0.016607395890984755,0.29912712180924717,0.006516679890865747,0.8675164158063929,0.031001799214151072,0.4450167761952171,16.949051272474648,0.1572240408547705,0.4815093638152903
844,V6 | V12 | V28,0.7319375982097513,0.6433942409716404,0.8166007098416703,0.60476077842753,0.57729908247445,0.8681020078537234,0.0741562309470779,0.07561343731810816,0.0018059694022675775,0.9505714983754244,0.022558000843274337,0.4309145189900104,2.1223046662112846,1.4811518054552508,0.4814709496498392
845,V4 | V21 | V27,0.8076299193408071,0.6954653709378232,0.574995550277269,0.5436000793094721,0.670020278125273,0.9270407957946196,0.012987748020891629,0.32094335396192636,0.0066666389211348055,0.9221226487277486,0.027109129114859205,0.3793503563935015,23.518383949332367,0.13879370916364733,0.4812512950431463
846,V4 | V10 | V15,0.6362844467511106,0.641287510785839,0.6404194393597896,0.7018783792585812,0.6368311880583659,0.7158278647837056,0.048306913293867854,0.6086495020461258,0.10607119986329201,0.9162950411600398,0.16950506675235225,0.40887880889842226,3.84060977837026,0.9097071933028309,0.48120111815056016
847,V11 | V15 | V16,0.6325209156268528,0.5836175260644061,0.8549321805686326,0.6085159544910411,0.5503875386297427,0.530143562277717,0.06987054567759808,0.6719447451476295,0.26555465002849027,0.9054786120616996,0.3897132176243598,0.27249019374229616,1.4558357888324132,1.435413667038712,0.48117494243297176
848,V17 | V18 | V20,0.7431914450289784,0.6315517637188525,0.7472233096730043,0.6875065712773616,0.515864300436513,0.893896817213561,0.03513422770529939,0.2859534143897968,0.008756700118356525,0.7697232152052768,0.06909403708292614,0.46408172407320897,5.6426380067008335,0.5501763349498775,0.48111906965528445
849,V2 | V16 | V20,0.75950413898499,0.6635886605115322,0.6707999462496649,0.6232015465793592,0.5700117342839635,0.9263791442822165,0.06994422104833933,0.2226394655187923,0.008500253702935513,0.7660955388207985,0.05226952719815585,0.5572475335618001,3.5031240941057744,1.3377971925862873,0.4809031441139739
850,V10 | V21 | V28,0.8112122181372753,0.667018706870813,0.6936166385911074,0.5775496856494915,0.613947320016929,0.9558991888303727,0.038499429366541896,0.06813899725781103,0.0011891282652916058,0.800577068177033,0.04276421635705216,0.541764097161439,5.442336636360121,0.5598766638761562,0.4808965065028368
851,V4 | V10 | V24,0.6061328586338667,0.670895856640316,0.6746895127943696,0.702780369138895,0.6448828435573705,0.677308374347603,0.04266958725423347,0.5751618917981881,0.10512438054681202,0.9701239741857118,0.15296729202369178,0.40875519058982307,3.9990756570993176,0.7621565951805949,0.48088639078799883
852,V4 | V9 | V19,0.7192601363724708,0.6607758276900154,0.6915870467653348,0.6025365115918625,0.5995271096180868,0.5056989742863229,0.019042479506465846,0.7510423430821438,0.3680955738337725,0.8997333956526675,0.12349681547871685,0.29628065910410417,9.488870637123144,0.3329519010493265,0.48074917014253277
853,V9 | V14 | V23,0.729303208485668,0.626428644548512,0.6825678933980595,0.6890086121743354,0.5941114547561833,0.9187753430600671,0.03545462685139928,0.2019498224458542,0.006422892405351792,0.9034280001748445,0.07435606335333542,0.4721888471863596,6.368911647971853,0.565671860745335,0.48050786777594595
854,V14 | V18 | V23,0.7280444682918018,0.5935882963697428,0.7633994563405538,0.6785351177827553,0.5568392582145307,0.9193858340930869,0.03552147191220985,0.21085917148831146,0.006444324630536961,0.8774652179324024,0.07675137272427715,0.4770711212200672,5.521923673944325,0.5449945518148971,0.4803382221521404
855,V12 | V13 | V16,0.6753623025537914,0.614021146820832,0.8254115380193444,0.710565357426363,0.5709584254248902,0.6290285794694942,0.057396091980179906,0.46189984306447934,0.11904247606259094,0.7492236463975911,0.14155976196212458,0.3847152317642387,2.1266017838601177,1.069276864507412,0.48032288213678426
856,V5 | V10 | V21,0.781715282649047,0.6976203909691561,0.48601763052072783,0.7048576650481784,0.5991388640862377,0.9530669747543618,0.03693528837752376,0.24212478513032934,0.00684105163774638,0.8026963265687598,0.09094115437239543,0.5783181677100404,9.176954780303086,0.5374936708498668,0.48024234870563187
857,V11 | V12 | V15,0.6370810681916943,0.627460068926296,0.8332013477363656,0.6957992515941636,0.6051309638774943,0.5713444180405579,0.05342281975744628,0.5121948369857192,0.16098150413798937,0.7527663823790022,0.22258631425814787,0.35119703874705843,2.043054556557693,0.9853154058202807,0.4802348318674524
858,V5 | V6 | V10,0.7070524598356158,0.6831705806219899,0.5669572393761128,0.7046452453760644,0.5585050342654496,0.8850640466275275,0.10093032858751767,0.32093631178022985,0.0121335719917229,0.8162923431275982,0.063497730119198,0.5424262765359322,2.0313203066544956,2.0924976602564445,0.4801033521493674
859,V4 | V14 | V22,0.6855877525707875,0.6561377629153172,0.6851421644840187,0.754194854875248,0.6863656626664578,0.49969816231130937,0.03884032305268049,0.5186343184591139,0.12470106014751868,0.910813975192782,0.14366229571983122,0.3341859354702973,3.4221245351047878,0.7058683369179826,0.4800227423985586
860,V14 | V16 | V26,0.6630757024389498,0.6349880623050851,0.7988245634323139,0.7341526743411041,0.6269435681826527,0.5945683671728759,0.0270388398419859,0.4415035054082757,0.10519455878325885,0.8596144778312295,0.1343511874771971,0.4105820440616684,5.17310001636751,0.3707564072527497,0.480014698765221
861,V11 | V16 | V24,0.6023693275096087,0.6132258719188829,0.8767566000405113,0.6096009052748569,0.5584391941287471,0.5151135728121947,0.0715839912189185,0.6326599922956754,0.25984427925748194,0.917899866800131,0.328989973681659,0.3071343308953408,1.2804628620022154,1.4163308836285835,0.47990978026705133
862,V14 | V16 | V24,0.642033668661142,0.6522834918558646,0.8127177220005432,0.7364984035630504,0.6252621030449638,0.574581657948003,0.029238733850174777,0.443599210793151,0.10604547246064212,0.855462225011448,0.1400656715569406,0.35696337448313725,4.506949031102363,0.46496294529547266,0.4798673014943585
863,V6 | V16 | V21,0.7414132577131443,0.6671012665140996,0.6862166542938143,0.5597512360030489,0.5711460093069994,0.8887525212691751,0.09652559786427548,0.2692369387256375,0.013295197504941859,0.8826781702843363,0.06120467167473084,0.5188961180243326,1.6304485190532885,1.9452516374463846,0.47984166401025957
864,V5 | V17 | V27,0.7930334469521354,0.6489608177605733,0.5998045993782545,0.7298786705357192,0.5577557264331195,0.8964730633447884,0.02956303168025224,0.23364996679133332,0.005168591065414132,0.8342446757561109,0.03528939753137181,0.43714503899648915,8.354017107772373,0.4683360482583091,0.4798038546153516
865,V4 | V18 | V20,0.7142551698611881,0.6411084325900962,0.7395829487021262,0.5786956276332401,0.5647300441176741,0.8490857410571294,0.03274976356218603,0.5089475349685734,0.012407912747801791,0.8906567270927954,0.05920629083483985,0.35554460639998053,5.737687759958027,0.5956043616473756,0.47947908241999426
866,V4 | V10 | V26,0.6271748924116748,0.6536004270895365,0.6558522057471199,0.7002722770633696,0.6465643086950594,0.6962020086376269,0.04645512262295712,0.5720062230881426,0.10428781678234912,0.907591728084647,0.14648091084246007,0.4246656934443472,3.609464633259498,0.8329006756488471,0.47944933631436537
867,V5 | V17 | V21,0.793041289741741,0.6710100571212857,0.4987126865344109,0.7542080002056231,0.5702373260050236,0.9474317947055901,0.03596722428380209,0.16432656909312215,0.005718961460900934,0.8417568546737503,0.09974249096157564,0.5626245797357344,9.041465059101457,0.5253776676676729,0.47943023739869256
868,V4 | V14 | V24,0.6335953502649796,0.6882470252931343,0.7141129410989326,0.7495280006498192,0.6959841416143533,0.5001806033883948,0.042531355285345865,0.48303892472746285,0.13403292384310972,0.8962177074653721,0.12092777305892792,0.3486695599980129,2.979966029010408,0.7672391082591379,0.4793125455394949
869,V2 | V4 | V20,0.7510658205888279,0.699552193948802,0.5308087217251735,0.6394558158538031,0.6407337728533529,0.928297292824184,0.06577388521582328,0.23730680918349342,0.008726091308350633,0.833423054580893,0.04625725981298996,0.5091265119282634,4.069877238196761,1.2966531423244998,0.47918676230562396
870,V3 | V8 | V9,0.7424680358090637,0.6477181981117983,0.531974768411372,0.77406739018845,0.5697071535077469,0.9290575176022953,0.0833980239608308,0.1340071711172074,0.01387334813763211,0.8397828801850847,0.09300047888493146,0.5071099189104777,2.8481908989704388,1.7182020266795066,0.4791186533955688
871,V3 | V12 | V13,0.6535655214431061,0.621752187946864,0.6402598525784503,0.807344999652207,0.5878551460485623,0.7506103800416661,0.06866170713909252,0.3723238453193239,0.0797693067887928,0.7992697786821914,0.1842801092785517,0.390529911048024,2.1143230211537856,1.3703995066618306,0.47904175384760056
872,V10 | V19 | V27,0.7556367900348394,0.6297667609686319,0.6234746234755559,0.5696122278007637,0.553576232700136,0.9046828467387552,0.04548620616488096,0.5685925382772854,0.01227877225810863,0.939600311994033,0.03531066019727851,0.4356303314950903,3.483482811858321,0.7893330119882153,0.4788267750920633
873,V7 | V12 | V23,0.7467111887662162,0.6378288032914781,0.5998215042583713,0.7710585716327417,0.5945366436994919,0.9444870340259595,0.030468314491093263,0.1459396099673464,0.0024226859404813347,0.7445719330184833,0.06876616841700618,0.5613765500243324,12.102490539730505,0.39945532566473024,0.47879755631802373
874,V3 | V8 | V18,0.7412092956151978,0.6148778499330291,0.6405675901866832,0.7652316422940707,0.5324349569660943,0.9113269522154079,0.07875132815948822,0.13965069262543642,0.01394714043443216,0.774223671760756,0.0961499958090944,0.5016706012895411,2.8501969590179996,1.5966550629168665,0.47874849172210904
875,V3 | V16 | V25,0.6532798434256489,0.5711621825505456,0.6850975109058652,0.740500801212515,0.5369166067851275,0.7998655702460225,0.06971489940267792,0.4343369604775211,0.09037392345869381,0.9267377828850857,0.25706568667525165,0.46031375525591073,1.9999313546418929,1.3171844111781983,0.4786395745055882
876,V7 | V9 | V21,0.769200107074778,0.695893637221655,0.4888876945391362,0.6739659488080179,0.6058830944640339,0.9563843805223398,0.0351303090690672,0.26170426159569227,0.004325064064916339,0.8477274024412969,0.11178697079042105,0.5584808442540773,9.32146279590906,0.5093271195886032,0.4785552051268461
877,V5 | V16 | V27,0.7725354901805073,0.6225539531945474,0.7146531387486923,0.6142045170780681,0.5358994315448911,0.8769494487928641,0.023472148435256857,0.3648654461048675,0.006523931488244904,0.9496899201368614,0.034144198692525995,0.3877983417266916,10.221190591975091,0.36884064261437594,0.478368143371409
878,V3 | V14 | V22,0.6722292898562646,0.6279052706040796,0.5854771963173432,0.8328415354793136,0.6325403447207406,0.6569521696822379,0.07031006488456816,0.381521931935834,0.07062636756947682,0.8852113407513682,0.22542209702268226,0.3985829644391455,1.9754291258528416,1.3924523881663933,0.47829996847752926
879,V4 | V9 | V20,0.715513910055054,0.6739487807688653,0.6540482013993839,0.5914298621245772,0.6020022406593266,0.85557029581419,0.03069989466790445,0.4786888032484376,0.012347409862687652,0.896356976047489,0.05740577847642465,0.38147409431702844,6.617823716264082,0.5307435017425716,0.4782833833831808
880,V14 | V20 | V27,0.7793530553485354,0.6602908827003001,0.6276561654495808,0.6191350580510186,0.6071526617983587,0.9144787138128275,0.028420300434045174,0.3340978461611332,0.005262327351869944,0.7532626933307196,0.010807093833638572,0.47006557930795984,6.909561237895024,0.3846299901372202,0.4782748291942382
881,V8 | V11 | V21,0.7800091454551404,0.6452844117782014,0.6327035077094054,0.6055148027218501,0.5743415832481837,0.96420506577036,0.07246001030520731,0.11397367177074513,0.007193619276048945,0.895917098882778,0.07944746919721812,0.5852612144202899,3.128994797441008,1.3584874077627807,0.4782075260548083
882,V4 | V12 | V13,0.6669239841576289,0.6499846802581016,0.7297800045944497,0.7242722689643541,0.6416804639942797,0.5832454894137066,0.04975598171648531,0.5039673490038081,0.15526945388291502,0.7041726738808689,0.12214095045142052,0.3339752938403328,3.011240680749412,0.981539620015105,0.4781995521766724
883,V12 | V19 | V21,0.751032835710352,0.6426413447773378,0.6354581560546161,0.6289032038691339,0.5700434245503492,0.9079134492078961,0.044420280039316994,0.29350689531359236,0.015383844544733773,0.958500691563861,0.07731662323546921,0.4823237258094023,4.328252178876943,0.7488406993643091,0.478163702191125
884,V4 | V14 | V15,0.663746938382224,0.6586386794386572,0.6827467746412339,0.7487058210293751,0.6879324861153489,0.522975246514987,0.04419301633802846,0.5082413998635253,0.13556149226442443,0.8613479346542018,0.13259981176339133,0.2994570247034904,3.196518325479368,0.8748760776033815,0.4780927979767439
885,V6 | V16 | V27,0.7414054149235383,0.6450520271533872,0.7559527412684939,0.523577332666874,0.5586644097350951,0.8457613755603902,0.07190935680615691,0.4070244760653594,0.011341455215155553,0.8881126058314283,0.020751158999846153,0.4192373659502084,2.0819179730803032,1.4271632172010067,0.4779303071861509
886,V4 | V6 | V21,0.7329749393169818,0.7030647999513692,0.551568064246844,0.5781423291906181,0.6418680478763888,0.8924285681618654,0.09518774093897152,0.2880833433895059,0.013770340003295191,0.8808343654081133,0.054173442255061946,0.4738897797592138,1.9634056316605188,1.9963713614448184,0.4778727883490508
887,V4 | V6 | V27,0.7329670965273765,0.6810155605906568,0.6427286750196247,0.5433077296134665,0.6293864483044846,0.845895548190392,0.06884493839267615,0.4414821902372366,0.011703659012695452,0.852487475199832,0.017722938852054754,0.37874221960884386,2.5571846058648524,1.4271758074895178,0.4777790898868852
888,V2 | V12 | V23,0.7327808302742356,0.625506233523624,0.6233534679520378,0.7026601002145249,0.585727281171536,0.9465399725061729,0.08920862974864531,0.109141149052588,0.005042798907284377,0.8136077706092633,0.05690247665756729,0.6059579900271821,2.7130682413475933,1.7688605451152297,0.47775817990201574
889,V12 | V19 | V27,0.751024992920746,0.6205921054166257,0.7126591471160246,0.5975055401684085,0.5575618249784452,0.8268702952576218,0.042888163838415067,0.45160608481768527,0.012913359727976569,0.9494466004695442,0.027224592441858524,0.3412970990732974,3.098513211375319,0.7916404440914527,0.47759177580343654
890,V14 | V16 | V22,0.69402607096695,0.6201742294780476,0.7894639433232524,0.7412866529974772,0.6156436240970684,0.5400933846666092,0.021826705494412166,0.4746781623113346,0.1000676549211455,0.8540679426480022,0.16844619431400706,0.3507438913269959,6.883996695334721,0.3231578773149697,0.4775053828279993
891,V12 | V27 | V28,0.8065925782335767,0.6357948119580946,0.8299380854644356,0.5720507435991595,0.605451312723334,0.9090135997933537,0.018074865381030494,0.08342846491988383,0.0011136451528548196,0.5908903356288844,0.007921931750440066,0.3177173366718192,8.429576936819359,0.27433363573384745,0.4773612025268453
892,V4 | V11 | V15,0.6240825972306907,0.6195810595016756,0.7658391921061872,0.6252419660133919,0.6211095771991322,0.3457347503480838,0.03837587450148658,0.7508266874987217,0.541553544085056,0.9192016612027029,0.3009774006953167,0.3046462457995831,3.30181661922808,0.7163776220120815,0.4773536971895287
893,V13 | V14 | V16,0.7074365912989974,0.6405469710256566,0.7902802744939006,0.7364281884039148,0.6180741312035638,0.4798576274668449,0.03109856058429844,0.48931155421298955,0.10726951918901458,0.8207240307847864,0.1506873182421226,0.2865288808122645,4.124657121175461,0.5727312726719825,0.4773007782865588
894,V5 | V8 | V14,0.7761407390502113,0.647394147409177,0.5342093462542976,0.7947588483424074,0.577765684153408,0.8977000735878489,0.04373063382654983,0.10662629436942989,0.006736554393625214,0.8936935958653124,0.04996014577620553,0.5295251569299088,6.259199070028675,0.7326948774732556,0.47727576478091116
895,V7 | V14 | V25,0.6836093207714617,0.6221285765143197,0.5551145032759437,0.7859623594972737,0.6024772007780272,0.8893996513155222,0.03642249289966349,0.3480780842464569,0.007100769723763469,0.8877691371877631,0.1308092017417189,0.5798517601450929,7.559053492072592,0.5033571815620832,0.4770222711587154
896,V5 | V6 | V16,0.697880510156682,0.6301533822080932,0.6974591996267793,0.6443717537014383,0.5077472012960071,0.8515749135198716,0.10113936832634304,0.32563381529855223,0.013317888301234653,0.9757884254138522,0.06704938228871729,0.5179098700381067,1.7910449103783062,2.094333360721388,0.4769107561413887
897,V3 | V16 | V19,0.7834856877586217,0.6821402503034768,0.7226999468987099,0.762466990387238,0.6126445028042051,0.27027889850454273,0.07220937108583779,0.4613717009234543,0.09606699371575064,0.9392535027618996,0.18786344104830327,0.33695728219758936,1.1536877954088653,1.377804338440228,0.4768441428792086
898,V12 | V16 | V25,0.679636777101175,0.6072736842864039,0.8342226511170157,0.7125745029074734,0.574763311409207,0.5680848953548933,0.05186821109613356,0.4311357788725166,0.10594854760162248,0.8907072505023488,0.12802592481426966,0.37522650331455165,2.0696551963186613,0.9216035265729328,0.47679959793771637
899,V17 | V18 | V19,0.7469376713463953,0.6183788106400023,0.7781228644256445,0.6967064994779434,0.5133891693952732,0.6893455172187488,0.03649934656781702,0.39830074487360023,0.03793230977620099,0.8315131532861071,0.15510717281418235,0.40678648794884853,3.9180875557633974,0.5920292527792821,0.47679500248593276
900,V5 | V16 | V21,0.7725433329701131,0.6446031925552596,0.6378143461343522,0.6446110937526831,0.5483810311167953,0.934292198990428,0.022789182489714087,0.245331235368177,0.00730240629326326,0.8884359553679037,0.09638197327600331,0.5366539621242312,17.98591467741494,0.23774730375445993,0.4767767672524496
901,V11 | V21 | V28,0.7990103686168555,0.6453122555866495,0.8069209001113361,0.47726792188442413,0.5982257091576952,0.941555211673819,0.01580827649266593,0.07741358624058155,0.0012817428388975413,0.9248067134346378,0.06127292046162915,0.3646290999640432,12.777485023241447,0.19888092399271023,0.4765098892057015
902,V11 | V16 | V26,0.6234113612874169,0.5959304423681034,0.8646874519593497,0.6065830933310806,0.5601206592664362,0.4983761674657684,0.07209730451670708,0.6289735211832782,0.25491815913374505,0.9068150757374377,0.30736580656898205,0.31880590343013354,1.2143345087889175,1.4056067644951133,0.4763756602437711
903,V5 | V6 | V17,0.71837846692831,0.6565602467741193,0.5776333371102449,0.754015359800494,0.5296034961842355,0.8679036571502057,0.09852083569126371,0.21187970095279426,0.009522545954741748,0.8540014006754862,0.0692181617348099,0.5219402472269459,1.9191873010259568,2.03439430522732,0.47632985923281956
904,V4 | V11 | V13,0.6593339317513021,0.6374528845259446,0.7686961676347537,0.6262042696907947,0.6219732608567367,0.22069363627460187,0.03431525476263525,0.8033601228069974,0.5480720687465639,0.9442486141590581,0.2899757625735063,0.3164381570303489,3.8261861172258373,0.6187545538944088,0.4763206253673691
905,V4 | V5 | V27,0.7640971717843449,0.6585174866318171,0.5892553620454228,0.6307462190791763,0.6066214701142806,0.8654094680996167,0.02126838298429152,0.39402160042854495,0.0066741392468202205,0.9485437547506688,0.02996585510200213,0.34142580844079307,12.360296283792616,0.3691922702053316,0.4763085663879506
906,V1 | V2 | V3,0.7200435010752861,0.7214555469413622,0.3886392355299797,0.8660897001470663,0.651490147590548,0.865051040034878,0.1247019259654787,0.15792050472931216,0.02371696440128903,0.2765163883147178,0.1656495387683347,0.32121016972009125,1.1861170761167914,2.8365009028622548,0.47627900485979774
907,V9 | V16 | V20,0.7239522284512164,0.6379852473315957,0.7648328797857724,0.573524910712032,0.5312802020899371,0.8681248197235474,0.03137198201493128,0.439785342979278,0.011951623074692073,0.8177455067861031,0.06487750624176333,0.39501891415410184,6.139154589013601,0.5267837469435535,0.4761912757893335
908,V7 | V11 | V13,0.639670505072545,0.5898184191117664,0.6489623971874221,0.6701724120857281,0.5318494058774939,0.934835583772725,0.025518136137150968,0.5086978514347451,0.007704429100517731,0.9594864792015964,0.347766502444274,0.5789714513048356,16.34814162424442,0.2651145493607981,0.47610027948005146
909,V8 | V12 | V27,0.7875913550718614,0.6357669681496462,0.6659063172291708,0.6805351403111036,0.5815671868138224,0.9141687362242552,0.04010418714457775,0.12228459693445524,0.006099368372356322,0.7335786763159521,0.012818797862044196,0.48416367379899666,4.782244090891126,0.6436590913245125,0.4760844565247054
910,V7 | V11 | V23,0.7391211363598895,0.6252970075593208,0.650720582359199,0.6824777461412871,0.5748294405619488,0.9534388190355377,0.023299980756550428,0.1916590779659304,0.00252615102460089,0.8200117792151606,0.13208468023005243,0.5289358381944709,16.279653703092766,0.25423865318395117,0.47601063883729455
911,V16 | V17 | V25,0.6955745813079623,0.5898380059905396,0.7742235423319213,0.7411961571254814,0.5418761810496836,0.742564751554678,0.045975248475353815,0.3251812826536764,0.0342106366888119,0.7901913792574778,0.19687391100850007,0.44102824004186186,2.656679302696066,0.7468827737951815,0.4757991720555681
912,V12 | V15 | V17,0.660608924804808,0.6225561863625889,0.7345261226973758,0.8072829414128556,0.5919510366555141,0.6864363823323947,0.06459537846299714,0.2730374022999033,0.032415456792852154,0.7564142768446067,0.1509985324290678,0.38445926486518844,1.7729927092234004,1.2257016875617617,0.4757766193326766
913,V7 | V14 | V22,0.6659243258920302,0.6085032975011389,0.5374428241024259,0.7886470660553582,0.596241807687215,0.9112750449203141,0.0403213674143705,0.3606675239819009,0.007132261377746148,0.9293906536387352,0.16148230941885652,0.5928324480799422,6.9217283816328345,0.5876399693457097,0.4757464160438455
914,V3 | V14 | V26,0.6412789213282649,0.6427191034311173,0.5999604258821621,0.8268974008685533,0.6438402888063249,0.6575883957106062,0.06946322541918924,0.3575188347552432,0.07319148278953602,0.8782578111266595,0.17366572046363254,0.41761027037625426,1.9351168206183833,1.3456417605265243,0.47565153497145396
915,V6 | V17 | V28,0.7478754024165384,0.6259585626757762,0.7541006379351631,0.6399614224340067,0.5444119521149268,0.8850604768858156,0.07466398744184248,0.0590491412460274,0.0015205145109998296,0.9108451264920815,0.032567353077684644,0.4721287038791227,2.095230253771443,1.4510270345902825,0.4756281833061151
916,V7 | V13 | V14,0.6793348462240779,0.628876039048748,0.5388513887289922,0.7842254208100169,0.5986723147937105,0.883420083158453,0.03652669747746524,0.3702922213297444,0.007189793981814934,0.8652383652105451,0.14477567413731784,0.5318815046850656,6.833916516451932,0.5433634846777068,0.4754127918314204
917,V10 | V13 | V18,0.6011313453733442,0.5407585392693699,0.7266402813321722,0.6105127700251589,0.462757925473093,0.9154660574364487,0.06958265219418788,0.7172719742614104,0.10649189407079657,0.9518320948851792,0.2039360656284482,0.5776307965273428,2.144348950535974,1.2115595265864718,0.4752956673932045
918,V7 | V11 | V22,0.6262599847404973,0.5694456775641573,0.6478532091025598,0.6757082577764049,0.5294188987709983,0.9484818534745114,0.02710568747204476,0.49315201934721065,0.007640511979720835,0.9817614463472724,0.42237368044272583,0.6215268667962363,15.834074671979351,0.2642302031745122,0.4752215072020691
919,V7 | V14 | V24,0.6139319235862224,0.640612559878956,0.5768865481480464,0.78428929572793,0.6058602866351105,0.8983580245568227,0.04114067162180287,0.3399363097084128,0.007180507849696699,0.927122197021423,0.13474334759559692,0.5908172860271979,5.989953405722043,0.595241800644109,0.47511526320781394
920,V3 | V14 | V24,0.6202368875504566,0.6600145329818967,0.6211683252225702,0.8288503503363728,0.642158823668636,0.6268963451013757,0.06709797661412502,0.3590470813980268,0.07361018442702233,0.8770597964195002,0.18206610673114998,0.3903858324632958,2.042350964203955,1.3201678247594741,0.4748235393464138
921,V6 | V10 | V28,0.7365493953238446,0.6525688965236467,0.7468441461504085,0.5772763479779842,0.5733134901961409,0.9078097995606467,0.08098205137295672,0.08893483163139637,0.0017582028453231686,0.8259082480168752,0.029702121731778504,0.4910404134933564,2.122372216568137,1.6077697764404086,0.47456703046739773
922,V14 | V20 | V21,0.7793608981381414,0.6823401220610124,0.5331369273359351,0.6492548554283691,0.6196342613702628,0.9446095494545088,0.03411809433854656,0.22726568393536833,0.00582711109666888,0.7496745083674661,0.03919083138138197,0.5432863594587543,6.909383619026589,0.467283395441476,0.4744706501694257
923,V4 | V5 | V21,0.7641050145739507,0.6805667259925294,0.4855425102382962,0.6602009984363402,0.6191030696861848,0.9357693674007036,0.0309596563119301,0.2619654926311243,0.00748053640418323,0.9210711157370843,0.08462553130450567,0.49022348784863035,10.90902274768503,0.4764016611996773,0.4743434359372119
924,V9 | V18 | V27,0.7184512550655516,0.6030780667343831,0.7954623460504636,0.4832538331771215,0.5085884036284951,0.8663353783850024,0.024774219075039766,0.6365382850710694,0.013850377373872775,0.9742838965526489,0.041629470920282824,0.2568499423004626,5.2903177590809305,0.4655529769053245,0.4742108579916364
925,V4 | V12 | V25,0.6711984587050126,0.6432372177236735,0.7405965151791791,0.7262277212387139,0.6454853499785964,0.524551878921358,0.04410640432259459,0.4688375498110703,0.1338794953709421,0.8281633262641203,0.11108412634304776,0.33044949689062947,3.0732777847202346,0.8343043689257991,0.47411145474426764
926,V3 | V4 | V19,0.7750473693624601,0.7181037837407465,0.5997863379877483,0.7748514720088987,0.6833665413735944,0.2761596088220432,0.049406447448096344,0.5033621010413024,0.11860081410267237,0.9266703734844167,0.15884828071812684,0.15622427414135323,2.853542863672799,1.1395262447953416,0.474089722658973
927,V5 | V10 | V28,0.7676794705808132,0.630070822564807,0.704682460152858,0.6594649842153626,0.5505485120059367,0.937761848945205,0.04739547809998979,0.08141657632260106,0.0011902654974957972,0.7430625792426585,0.04685600052607816,0.5083882648860383,4.83406212325591,0.8204415950166136,0.47408733351183424
928,V10 | V13 | V16,0.6799740996678845,0.6231958023728383,0.7570769941487207,0.6883918089352747,0.566972833146581,0.5487810587148775,0.04230540218424407,0.5834584231828147,0.08778560837250846,0.958684418187042,0.1959558458816963,0.3042709679232519,2.6300148152276197,0.7812336597957675,0.4740812331927936
929,V6 | V14 | V19,0.7084443016421269,0.6547173586349961,0.6482217442311297,0.6589390795316316,0.5765253005082348,0.7323131732864366,0.07513539932584236,0.4200555520102954,0.05535871939721217,0.9030322198216194,0.05712769391731774,0.43947297778911537,1.9811333505124642,1.4842142275673214,0.4740636062714482
930,V4 | V17 | V24,0.6174588657265604,0.6442855227924456,0.6831629693242041,0.7523244540559844,0.6159813054761564,0.716116498330694,0.06267195086037498,0.34157416853274214,0.03834999440273335,0.9129827985998894,0.17138254124891736,0.4387600993211328,2.155538256952245,1.1624988773848548,0.47402561578354313
931,V2 | V11 | V23,0.7251907778679086,0.612974437791467,0.6718503217234939,0.5998372987492835,0.566020078033993,0.9535282326014919,0.09461621598498078,0.14292356616327873,0.005295778524200501,0.8883546883919311,0.10613567922764147,0.5872645817430753,2.5465904974172866,1.9228497449632589,0.4737916962905532
932,V5 | V17 | V28,0.7790054776735074,0.6034604887169365,0.712627248198729,0.713217704952525,0.5216469739247227,0.9234139508343434,0.03506745590717498,0.053382672641223164,0.0010129245138866263,0.8056566022265509,0.05104331478923929,0.46542969786076654,6.6927611087784875,0.5675519188862633,0.4737762135495153
933,V16 | V18 | V19,0.7264397145747672,0.5919719460739765,0.8591755181897818,0.5721290834051795,0.49153287450704486,0.5129411323198425,0.018014425588357964,0.725315574888955,0.22951309085109003,0.9679416023791768,0.14894145767207914,0.2773501333722074,9.487722153238753,0.32374706850595675,0.47369997311491935
934,V4 | V11 | V25,0.6636084062986857,0.6307054219915164,0.7786472445794498,0.6285778336739748,0.6257781468410535,0.3380720469846471,0.028887552842273317,0.7294605924907914,0.35309812568495713,0.9391022900204179,0.2502117120202947,0.31189653791296534,4.918883343496432,0.5130603348724472,0.4736785024664914
935,V8 | V12 | V28,0.7735633857932334,0.5902666391060093,0.7651739197358319,0.6621326049042187,0.5454584343054256,0.9278163685279577,0.04276619558236136,0.01934536172151117,0.0011845166365166454,0.8349418824927136,0.021274380061561682,0.48148183308010273,4.343076078236792,0.7049517830865123,0.47346315295612335
936,V7 | V11 | V25,0.6439449796199289,0.5830709565773381,0.6618206984366849,0.6723484952616259,0.5356542918618106,0.9169400921139462,0.023957427289011166,0.473060028951045,0.007605543398932882,0.9588546164062529,0.294556657731655,0.5674241288515768,17.452900444826906,0.2374159205268628,0.4730149781576884
937,V7 | V14 | V26,0.6349739573640307,0.6233171303281766,0.5534876124626994,0.7821558142298555,0.6075417517727995,0.8966668031572324,0.041317802549506955,0.3385239711782307,0.007173938847111339,0.938608316382574,0.1293334640223055,0.6028709305450864,5.974211696575577,0.5877110931826445,0.4730129377259951
938,V4 | V5 | V6,0.6894421917605197,0.6661169156453631,0.5665585896855782,0.6599689355422835,0.5784692398653966,0.8451263478388515,0.09910759163484814,0.350275030158125,0.013794435090612856,0.918192222230081,0.05931128403532437,0.47786984630941104,2.0740634899306603,2.111775614271749,0.47294060403488053
939,V10 | V18 | V22,0.5877208250412967,0.520385797721761,0.7257031123975743,0.6167385117943175,0.4603274183665976,0.9436991087367007,0.0832399044942181,0.690219605957595,0.09938857343285767,0.8772704901850725,0.23278035559616514,0.6301202149348495,2.079512452373678,1.5260016286075537,0.47291677999066095
940,V10 | V27 | V28,0.8112043753476699,0.6449694675101009,0.7623219440633395,0.5426727382871843,0.6014657204450249,0.9397663150432135,0.043885280491173864,0.09779352086139277,0.001080546529441934,0.494978144283059,0.012517184904611076,0.47972954603677687,3.454840277582112,0.7000025295261442,0.4728926977466585
941,V8 | V17 | V21,0.8035370020682542,0.6403805292144944,0.46990149191205377,0.7362104263452598,0.5611616560262034,0.9627566590928444,0.07276471163176519,0.06827118889875307,0.005510101387324163,0.8706856815230553,0.06019054277521858,0.6546322771691905,3.142025743048404,1.2982141281984223,0.47271597579494035
942,V11 | V19 | V21,0.743442783304025,0.6301095490451808,0.682761579424794,0.5078217376358354,0.5503362214128064,0.9248599600808775,0.021237452127809024,0.4100211805055795,0.016924524646092346,0.9913942684498289,0.15244724877103177,0.42757532358056277,10.815288319567163,0.2724090992133917,0.472666428700942
943,V5 | V11 | V28,0.7554776210603928,0.6083643712806436,0.8156000003720962,0.5755256538148585,0.534826901146703,0.9095307699476329,0.02744877155494135,0.09197857273903474,0.0012829411602519277,0.9497748134612116,0.06712472667707409,0.3723184019600812,8.337232062580018,0.4751297728694401,0.4725064417063458
944,V16 | V18 | V20,0.72269348825735,0.6051448991528264,0.8333953787054257,0.5603250432888602,0.4940080055482846,0.8472103926420421,0.03194543380062649,0.4662430719172385,0.01200889522393334,0.7486035794472583,0.06692958251037275,0.40312548160320677,5.393026219098831,0.5180175129161683,0.4723865805462248
945,V2 | V18 | V21,0.7540110083889313,0.650730719275032,0.6300395902711605,0.5770210827265648,0.5598015353944255,0.9505571932861713,0.057621467539698365,0.20040415940850717,0.011005959274704975,0.8918117351967808,0.09392722012866873,0.5917862846516045,5.295959643905513,1.0293755482408145,0.47236229856464895
946,V6 | V7 | V18,0.6932785440674811,0.6486034786957195,0.6703660259842082,0.662941688146777,0.5279770681015932,0.8420559720593872,0.09903029854074742,0.36857127288816033,0.0067473678413396965,0.657153334208325,0.07932896921260188,0.5051955412000609,1.6058807528688,2.0238902894939677,0.4723607064714847
947,V3 | V13 | V14,0.6856398101883125,0.6482780121516886,0.5867467024061129,0.8287918702867331,0.634970851827236,0.5838688847244556,0.054003287033714896,0.391983102127104,0.07420904914398645,0.8123198023692115,0.1979676255862405,0.31480053683135323,2.8673481846747864,1.1076340664636815,0.47222891535261113
948,V3 | V7 | V8,0.7919503048348184,0.6856441810595888,0.32171541483281446,0.8642053138105918,0.6172480482297291,0.9456815200959142,0.08525247758416432,0.1011158633932935,0.003959192942258059,0.4793550980408324,0.09031632163592673,0.5501933718207218,3.10253890783874,1.741962538856637,0.47212298566499833
949,V6 | V8 | V14,0.7450106637932425,0.6698922213680168,0.5940357363478064,0.7331222709568079,0.6005306623436121,0.8778096222145231,0.07805302735272433,0.11604165007567237,0.011856167808686697,0.5413851597356083,0.03183002967404156,0.4979717945685817,2.4072643633247264,1.5474865417987171,0.47210605069547507
950,V9 | V18 | V21,0.7184590978551575,0.6251273060950953,0.7318626460107809,0.5223210169811273,0.5210700032003993,0.9439457260907121,0.030618734485744252,0.3843802604263998,0.016662550106033517,0.9162256248438215,0.11953047507403998,0.47230568428767966,7.853702974475432,0.4560155729106984,0.47208518655272913
951,V14 | V19 | V28,0.7690713123873243,0.6016176005778133,0.7663080385380541,0.6092618817555536,0.568568778248722,0.8807800726185073,0.029325062317735785,0.10139840283927769,0.0019652939685241965,0.9379487147988752,0.042124833590700725,0.3635342621672397,5.01754476239298,0.47616180159524135,0.4719310712425815
952,V5 | V14 | V19,0.7395743768990957,0.6322192846761563,0.5954188314063272,0.7296741570464644,0.5537603223180307,0.7664273639220238,0.042886774619532886,0.37592551112725964,0.015139351211349822,0.9477405902083973,0.08951243363245774,0.4683691952006556,4.437638707481282,0.7246179055761237,0.47192944991665225
953,V2 | V3 | V8,0.7780199463428377,0.6733216112917348,0.36384079893151305,0.8079955590427437,0.6084386857017731,0.939468635828434,0.07869218642589075,0.07458658144528707,0.009569284114710572,0.7999558896850597,0.07419948993687511,0.5463442649834876,3.8984823535735016,1.6059455445205435,0.47190351729780017
954,V4 | V17 | V26,0.6385008995043684,0.6269900932416661,0.6646753671849945,0.7500512569511464,0.6176627706138454,0.7002325551247647,0.07156454204612799,0.3401520748115122,0.03822960373565796,0.9030867396662411,0.16371260140523794,0.46190018739752,1.5310928945274211,1.3044541676716606,0.47175432184273725
955,V5 | V7 | V18,0.72440861932445,0.6261054047368797,0.6201768889204372,0.7331554365519607,0.5052120899113892,0.9426868884468725,0.03598183838175989,0.33198548967575164,0.004341535290023098,0.5710244366231698,0.12880438835294705,0.6438967034030463,12.305522075404541,0.4689356445772125,0.4712936360802118
956,V6 | V14 | V20,0.7046980753247103,0.6678903117138463,0.6068132856553284,0.6490177065733075,0.5790004315494746,0.8717265660096509,0.07342492619808909,0.2993842798385943,0.009759032871126542,0.8144422990228746,0.027013993323512717,0.46123037455417715,2.344683073378179,1.452123578776564,0.4712406941427007
957,V3 | V9 | V20,0.702155447340531,0.6457162884576277,0.5465629076842404,0.6970397185311544,0.5481769227136093,0.9095675876636296,0.058709721828294106,0.3562646924851053,0.01119277166871559,0.8760073211484107,0.0794305277444266,0.39493575805314984,3.4720678613812868,1.1912197398805804,0.4710243220563727
958,V10 | V19 | V21,0.7556446328244453,0.651816000329344,0.5279995424868612,0.6027355812766809,0.5660578322720401,0.9448843728457372,0.04149731756943463,0.35269877656751314,0.014532271351968128,0.9283125401128194,0.0998054719463992,0.5549743282532009,6.1490776000367955,0.6440259616006292,0.4707128533162903
959,V11 | V19 | V27,0.7434349405144192,0.6080603096844686,0.7529838317303751,0.4675701158808809,0.5378546218409022,0.817663129174129,0.009603842784454695,0.6945549280052555,0.014040041591173988,0.9595581397965828,0.050852501898748556,0.19556660995701938,11.265954214104863,0.18926173720580403,0.47070961884652224
960,V7 | V11 | V24,0.5742675824346892,0.6015549399419744,0.6791812489136866,0.6702524698288097,0.5390373777188938,0.932256042890978,0.02691667353724826,0.4602102296972173,0.00769410962533612,0.987060367881373,0.3088112335974274,0.6154183164443506,15.838576960206918,0.2651837003728658,0.47067994938321134
961,V8 | V10 | V21,0.7922109949755608,0.6669908630623649,0.45637643977248765,0.6849757614904846,0.5900631941074174,0.9683656371229414,0.07426595987688407,0.10131714585328676,0.006570679284425371,0.8007815308506947,0.055260157117145436,0.6552697882914944,3.43066919919321,1.3543751386580833,0.4706192331563213
962,V4 | V21 | V28,0.7936019500621792,0.6499650418941862,0.6933137093900258,0.5193260506516807,0.6339115256168761,0.9376041124359464,0.015617637520418323,0.07374415673599641,0.001278608795525841,0.9124574479752791,0.03990575262310692,0.3646453054043173,15.268156079053838,0.20476173120400248,0.4705672753749473
963,V3 | V12 | V25,0.6578399959904899,0.6150047254124359,0.6533595080115935,0.8090043426885593,0.5916600320328792,0.6322399246604173,0.05656696497781884,0.3499344786498857,0.0735625908385509,0.9325516408906943,0.16449052680552984,0.35694634731545893,2.2360896010930964,1.0851840929795977,0.4705224185843137
964,V12 | V20 | V27,0.7472787666033294,0.6337650584954757,0.6768627043591763,0.5862864504652718,0.5600369560196851,0.9089758344696985,0.025496580357750646,0.31846023281464486,0.005313376674113506,0.883090668905228,0.0098610744673582,0.425696437792175,7.89445625011063,0.3630133316707909,0.47033538804333175
965,V4 | V12 | V24,0.6015210615197735,0.6617212010883098,0.7552753980648351,0.7243441945883677,0.6488684358356797,0.5149223624383872,0.04621781467076158,0.4561638983040869,0.15275044586354514,0.8727058167801185,0.1142166499838748,0.33333782317620797,2.8765212522061856,0.8767180983688807,0.4702700809717347
966,V12 | V16 | V22,0.6619517822217437,0.5936484052732232,0.8246550980255211,0.7156778230831516,0.5685279183183948,0.5410663394948091,0.051794984966830084,0.44851058982868103,0.11027184342759626,0.8568915488296522,0.1577085659939131,0.3547940334316636,2.038442120357558,0.9366861775158878,0.47024405248021334
967,V14 | V15 | V16,0.672185256778386,0.6226751460013876,0.7875542414045117,0.735654717721031,0.6172104475459593,0.4751463273379797,0.03212183082794494,0.46562752182878786,0.10700867003102604,0.8715825042836897,0.15453498223509773,0.29224609957745246,4.021233287415131,0.5909888490735132,0.47024222072508265
968,V3 | V7 | V20,0.7516377163662858,0.6836422714054182,0.3445184816330794,0.8005997165171742,0.5957178174355916,0.9410376258291169,0.06416334475482595,0.2564807008891001,0.003511872969321903,0.7178441582004343,0.07721497675392443,0.48218824846818115,3.803412958293747,1.268589278292046,0.47018900097035515
969,V11 | V13 | V18,0.5889294958529241,0.5190520879852066,0.8329532802142975,0.5171921106988779,0.4470363146138592,0.5211908673302812,0.06793923577121162,0.9094287565580612,0.5523156109852784,0.9096675107053445,0.39643674492564956,0.2556164538829769,1.5453027274506028,1.4137644961348674,0.4698254780713844
970,V17 | V27 | V28,0.8225303824403635,0.6183591336622304,0.7693408897034353,0.6095214472067648,0.5725641823638108,0.9120238854799848,0.01666150934518212,0.06566073136044945,0.000913898015884483,0.5287146752548407,0.014315354241961335,0.3902844659569922,10.123591102982257,0.17925098197126757,0.4698193259293466
971,V2 | V17 | V23,0.7487186344810227,0.6080705552277598,0.5246593585701288,0.7318331138441477,0.5528401508120127,0.9591118608943086,0.08671441784379073,0.0871434730259395,0.004178198706561494,0.8928934788889688,0.07919042209822194,0.636332556631845,3.157769496705307,1.6990562125207789,0.46973072638446933
972,V3 | V21 | V27,0.7942714566262845,0.6672328786265855,0.44432039247584476,0.6585890608747204,0.6161949601795557,0.9370810121151041,0.04539381587577918,0.24975402725004095,0.006220099307333316,0.8313776032260684,0.038197653228694686,0.40283152230833336,4.1616402677116096,0.8489082863417419,0.4696814053237664
973,V6 | V7 | V9,0.6945372842613471,0.6814438268744888,0.5693667694225467,0.6737401270186979,0.5652492646432458,0.8499926520075771,0.09678744708997188,0.34988449414479955,0.006724427255285514,0.6521735611075832,0.07683927060940399,0.490001940136777,1.786267997333362,2.002569621983009,0.4696745163112549
974,V8 | V10 | V27,0.7922031521859548,0.6449416237016526,0.5661100895128176,0.6569709161896148,0.5775815945355133,0.9415524846445039,0.05350703074206305,0.1424683183370956,0.005902140650259409,0.7278902188116859,0.018199585826729543,0.5635159649051626,4.001288607356545,0.9039689849000853,0.46947782908186736
975,V3 | V18 | V20,0.7008967071466653,0.6128759402788586,0.6521347380424262,0.686733158942155,0.5109047261719569,0.8826642134236925,0.05419134825946501,0.37545682282206944,0.011244098295803612,0.7879356396031406,0.08202070496775332,0.37403672610968497,3.3851977286334565,1.0840779762223751,0.46945139531550883
976,V4 | V12 | V22,0.6535134638255813,0.6296119387104927,0.7288491969377866,0.7292485145629153,0.6392499568877842,0.500793314583747,0.04375979630687729,0.488646647510004,0.1407927676295028,0.8657672291737138,0.13513714312432656,0.3103380636155374,3.071118639980938,0.8448032921535908,0.46943076960828595
977,V4 | V14 | V26,0.6546373840427876,0.6709515957423549,0.6968473786075395,0.747242152685621,0.6976656067520424,0.417967296802371,0.039413419325468296,0.48064806536739696,0.13268837515679965,0.8643846068975228,0.11627067774723619,0.3223485371259961,3.4551409558648536,0.7350600384902584,0.4693970865130686
978,V13 | V16 | V17,0.6913001067605782,0.5965854685249679,0.7641755596006713,0.7392979197465155,0.5380712950653669,0.6648286988442059,0.04417041655871532,0.3452931907147617,0.03558995077822482,0.792473056251174,0.22331543644676136,0.3483286619396279,2.5132435455126974,0.7790416887662499,0.4693735195617274
979,V8 | V11 | V27,0.7800013026655345,0.623235172417489,0.710329937459359,0.572579290706673,0.5618599836762794,0.9229174542646622,0.03924231317579636,0.1600943663804137,0.006431974945171396,0.7799018863093091,0.0280357090938444,0.43943260479781304,4.871609438999551,0.6674436794228403,0.469109736525375
980,V7 | V9 | V28,0.7551642950065445,0.6283440688173059,0.7064714371354469,0.6255684187081286,0.5572927423837328,0.9329103499955401,0.03508761801996116,0.08771007420520505,0.0007475210530325709,0.7873286049112997,0.056533785527363795,0.45381826767780103,6.274207809999814,0.5722352561770104,0.46910853508397715
981,V9 | V12 | V23,0.6972289197404614,0.5999028203436875,0.7265081515418801,0.6605266021224949,0.5469957489775097,0.882590448726151,0.07018572396222077,0.193812849475295,0.006490870272484702,0.7888793910573201,0.07070372258299444,0.4607185107907364,2.2206126675194042,1.3525012409819868,0.46892233279483575
982,V16 | V21 | V28,0.8020402684583412,0.6140015084569167,0.7959936934732277,0.49861618811986924,0.5631894870474865,0.9388071588923736,0.018617574091470798,0.06906326249710583,0.0012544371807125551,0.8636169672330536,0.04516127179689619,0.4363057974815501,12.061055872771309,0.20007810106616494,0.46891301167971233
983,V12 | V16 | V24,0.6099593799159356,0.6257576676510402,0.8462407309949255,0.7106392617851914,0.5781463972662902,0.539265535158272,0.0499947544435358,0.4199821014758124,0.11754307048430036,0.8798206865269125,0.13184131561977386,0.3520136993074315,2.2082393629932215,0.9076354088828146,0.46889654531340386
984,V1 | V14 | V23,0.6570639563650456,0.580971675648044,0.5224741252648362,0.7677344565527626,0.551183366909046,0.9416049410538041,0.1702864681163607,0.13715216642268438,0.005920375515821355,0.849447393062329,0.07830182734835386,0.5573766709735247,1.2280743479670304,3.8560245222602894,0.468882597021953
985,V4 | V15 | V17,0.6476104538438047,0.6146771769379686,0.6495397256692711,0.7515068181728569,0.6079296499771518,0.6922843048734095,0.06479740927405395,0.3564126553949433,0.03848485377007114,0.8995307481359838,0.1911326657972901,0.41244746403481936,2.10082629485062,1.2413670628579676,0.4688746635798273
986,V7 | V11 | V26,0.5953096162124973,0.584259510391195,0.6605301512694143,0.6675770759161014,0.5407188428565829,0.9384396459206529,0.026554642646422398,0.45799257338680566,0.007686810297290233,0.9833094433600494,0.28934716226496343,0.6347975448045353,16.76156672819803,0.23898633722301724,0.46884996217645025
987,V6 | V11 | V28,0.7243475458034242,0.6308624452394833,0.849071365492446,0.47693452413120535,0.557591879336907,0.8782822036950857,0.07376309227234328,0.10026475549824204,0.0018839806900042913,0.914958333549848,0.04320840536840498,0.39197727070084387,2.086534617270576,1.5056220860977516,0.4688212279453983
988,V10 | V18 | V25,0.6054058199207284,0.5340110767349419,0.7375297739826476,0.612961059138014,0.4665628114574098,0.8923605541112639,0.05530009959920979,0.65587340977601,0.09584762593363239,0.9414687753097931,0.18090623428435768,0.5758079914809614,3.0703741613330267,0.8950015312952809,0.46881297042765047
989,V5 | V14 | V20,0.735828150581679,0.6453922377550063,0.548728110387241,0.7210606007037671,0.5562354533592705,0.9014003554073982,0.03251129562495415,0.2718960284928779,0.005833272971987741,0.8393851013350118,0.04298042995230834,0.48603001687573866,7.979225804322576,0.49564577356499184,0.46866283223115435
990,V7 | V18 | V28,0.7539055548126781,0.5955037206385368,0.7835446055842489,0.613676424144747,0.5200205458420804,0.9237598336573921,0.022152462526296577,0.09156080044195994,0.0007501388855890887,0.8795925110838144,0.058306027580625315,0.4269479516207026,10.662068109772889,0.29695683049589805,0.4685869756751708
991,V12 | V20 | V21,0.7472866093929348,0.6558142978561879,0.5928330649990707,0.618367479328021,0.5725185555915893,0.9428309255126747,0.03171476274854336,0.2178749225938267,0.005886094152716512,0.8723150053928741,0.03724917497444736,0.5052566880567572,6.991306688459923,0.44086020150894323,0.4682996458744355
992,V9 | V10 | V22,0.5889795652351627,0.5532261459005301,0.6372898116053027,0.6285594549243257,0.4975996149082501,0.945665907948154,0.09892278120796139,0.6411579169738382,0.09656684185375665,0.7247465734539027,0.22151421946664926,0.6328133973676376,1.8296919690907119,1.9236830931538043,0.4680815518476575
993,V2 | V9 | V27,0.7552619057931915,0.6615218280930889,0.6158567046810751,0.5557845571717059,0.5845921323641738,0.9239046587150694,0.03846705312429541,0.27661026082449913,0.009517546342962849,0.8304399515910301,0.032219057664767924,0.5049873026011279,7.155221331451323,0.6283700817544239,0.467785469932152
994,V12 | V18 | V23,0.6959701795465957,0.5670624721649183,0.8005553265944836,0.64943873663006,0.5097235524358572,0.9095597012741915,0.04557456732258651,0.2022909407388601,0.006512638052821699,0.7912346256382812,0.07296357675747231,0.4550950967064366,3.9740039785414125,0.7942811966650113,0.46769334452532624
995,V8 | V16 | V21,0.7830390452966263,0.6139736646484683,0.6166761533189422,0.6221533118230461,0.539305361137975,0.9598073590179107,0.07095861607890923,0.10256991753989564,0.007004514510473213,0.7895001404002556,0.058325237556942335,0.6246029103854861,3.08527297572836,1.2754794302233177,0.4674793677777506
996,V12 | V16 | V26,0.6310014136937437,0.6084622381002607,0.8333348234482516,0.7081699920235347,0.5798278624039792,0.5342103607440837,0.05556953133432452,0.41805386626448454,0.11650285354171762,0.8611170731829634,0.12659410307179939,0.38536660496060243,1.7206742489834723,0.9709355921136334,0.46745608193748384
997,V8 | V17 | V27,0.8035291592786487,0.618331289853782,0.5768055792120965,0.710976016878604,0.5486800564542992,0.9237966527443628,0.0426395916657514,0.09796726704904449,0.004987074864413135,0.7452425514235191,0.020322411549269104,0.5311204836433581,4.523684419093559,0.6579690973577382,0.46742536038993665
998,V8 | V17 | V28,0.7895011900000205,0.5728309608101453,0.6947149833995573,0.6936686137843416,0.5125713039459024,0.939524430159708,0.047760328201204585,0.010275664911277571,0.0009766544359373801,0.813073059023202,0.030930293980014647,0.5439084127968493,4.043973036341865,0.7680535538154123,0.46731521481641863
999,V2 | V18 | V27,0.7540031655993255,0.6286814799143197,0.7080794924949259,0.5421063186947952,0.5473199358225215,0.9112214108249602,0.02430655328030554,0.28999217913905195,0.009556904894998042,0.8703589377793952,0.03329420852386427,0.49143444277935794,12.85323306540548,0.30496350528290467,0.4673119946947158
1000,V7 | V12 | V13,0.6472605574788716,0.6023502148439234,0.5978578509799214,0.7607532504452482,0.5515566090150368,0.8468793247866119,0.07701028342422267,0.3521918714282004,0.0072702973698092815,0.7984671421236518,0.13615635923801087,0.47522009455046405,2.0471792601722014,1.5070296675948867,0.4672752885382332
1001,V17 | V19 | V21,0.7669706399171387,0.6252056664814737,0.5396043705069901,0.6625141403359845,0.537156294190826,0.9301927461921592,0.0368706484741922,0.22994823554227634,0.011085214981206909,0.9547675014869949,0.10975224407659163,0.5239466782079776,6.219755895843478,0.5498491611143972,0.467221833585184
1002,V16 | V17 | V22,0.6778895864285308,0.5762127269773588,0.7633116721707116,0.7441289862335458,0.5356407879588714,0.6887825721768068,0.045868184461544684,0.336590100043813,0.034689873357364225,0.7586742597830363,0.25693697781795005,0.4012582357324812,2.363924674308379,0.7599241278563984,0.46718078764279436
1003,V7 | V11 | V15,0.6044191705519336,0.5719465940874974,0.6452556485279919,0.6692904149018157,0.5309857222198894,0.9163211397921587,0.035563442704183254,0.4835483756836576,0.007702247583016557,0.9289378523489916,0.3628549852842409,0.5689326528579086,10.638018494664143,0.5216849478215667,0.46711848705045766
1004,V5 | V8 | V12,0.7440664503050051,0.6208683232043525,0.5937754812313133,0.771782366964102,0.5306499783747344,0.8886657193927776,0.04311241642466165,0.10241882332202891,0.006809526225290893,0.8281961115901122,0.04755020435453399,0.5131646757100575,6.256326538197211,0.7320879835023042,0.4670558028228784
1005,V7 | V17 | V23,0.7626489929730033,0.6203931249956138,0.49533394334975206,0.7966282538561192,0.5616495133399685,0.9555384333166715,0.03375727648001377,0.11718523569624925,0.0020490606844042174,0.695306486154776,0.0966707947265927,0.5952579854159703,9.795731521436958,0.4392436185426923,0.4670506922200735
1006,V4 | V12 | V15,0.6316726496370176,0.6321128552338328,0.7266707880938877,0.7234799401445885,0.6408167803366752,0.5317488519988545,0.045468264649692156,0.4791793580778997,0.15473057848014166,0.7793880617933711,0.1249833137423391,0.3065750540137432,3.211660616220888,0.9035023107871241,0.4669531992603809
1007,V7 | V14 | V15,0.6440835117034666,0.611004214024479,0.5341405778007536,0.783521845557044,0.597808631136106,0.8591209084452126,0.04148358712008337,0.3546712763996172,0.0071878309931344316,0.897541215499715,0.14840245121037646,0.5196797129945767,5.856632404730962,0.6729789419939799,0.466904648859011
1008,V9 | V16 | V19,0.7276984547686333,0.6248122942527458,0.794612011256543,0.585027865186514,0.5288050710486973,0.4382922615977613,0.02352966794260356,0.6721236763566079,0.21535288673851175,0.9619677543236468,0.14323226327678165,0.18001274784568513,4.68072523195012,0.49128306413146416,0.4667546065409719
1009,V5 | V16 | V28,0.7585075209018788,0.5770536241509104,0.8048787784692035,0.5931645346152925,0.49979067903649427,0.9125205046499555,0.029104708829438292,0.082466294005744,0.0012556173248990893,0.9671413101058672,0.04946253843303025,0.42046665270115785,8.213763455850193,0.4708485546191914,0.46675233598999727
1010,V10 | V15 | V18,0.5658800108527329,0.522886714245101,0.7235097653875572,0.6095200675024657,0.46189424181548855,0.922167456764583,0.07277866586820753,0.6737169412815984,0.10623472979104473,0.9266781791361929,0.21007460165192918,0.5943318765805329,2.080711414390023,1.2757236927126228,0.46668708875082665
1011,V2 | V9 | V21,0.7552697485827974,0.6835710674538009,0.5186126376884171,0.589797080743673,0.597073731936078,0.9509985724028331,0.055885924539291976,0.19201963292577415,0.010956417679050241,0.8028147577690343,0.09086924325414719,0.578456047803784,5.6414779584205546,1.0034889072930353,0.46656546080165634
1012,V5 | V7 | V9,0.7256673595183157,0.6589457529156489,0.5060191808008421,0.7425652215697609,0.5424842864530417,0.9472360919608281,0.04167059017833712,0.31587471135990514,0.00432915940514532,0.5126536673827067,0.12415844848010302,0.6358846783092801,9.322191549011889,0.610855439036522,0.46655088727251914
1013,V4 | V5 | V28,0.7500692025057166,0.6130171575881803,0.7043867112215504,0.6103980710787901,0.5705127176058838,0.9028158327188374,0.028573855333662877,0.08779219582760163,0.0012798050235118862,0.9602293925405447,0.04375484391287774,0.375384387191175,8.768788223550887,0.5075744717127244,0.46649357107388606
1014,V7 | V10 | V23,0.7513229858803091,0.6470034588434843,0.482544288332877,0.7514374368208241,0.5905510514211827,0.9549976885752665,0.041943646065038524,0.1701901654537968,0.0023596241634764223,0.6106760666173633,0.08820771305756182,0.6027686346578331,7.247299981877439,0.6270684391030231,0.46642003864441645
1015,V2 | V14 | V24,0.6000015650942415,0.6282899901111021,0.6015861035766419,0.7177813001106826,0.5970509241071545,0.9155140307922678,0.062090291910843934,0.24336455218877281,0.031022617494094393,0.9025160241239798,0.10810104320361297,0.6329619983698367,4.771371423716649,1.0960183848951144,0.46632263022161646
1016,V2 | V14 | V25,0.6696789622794811,0.6098060067464659,0.5809745191354568,0.7196894169065189,0.5936678382500713,0.8958712444962864,0.05477859493293684,0.24851073296721649,0.030058680006873957,0.8301054313335556,0.10519002963067006,0.616983098887539,4.805494696428427,0.912986444699498,0.46615538389531275
1017,V2 | V7 | V28,0.790716205540318,0.6539474819972424,0.5981582587071106,0.6705909343238307,0.5960242745777592,0.9430078305056029,0.04625979615268017,0.04540357126179751,0.000552084911547023,0.4856089244891706,0.045550342082595195,0.5717278269469099,6.338677479102019,0.761175510734831,0.4659801148344728
1018,V5 | V9 | V12,0.7583292571580764,0.7144592277544477,0.7453656162506948,0.7655740845772379,0.6166295281106466,0.3211423417582868,0.036848785708126844,0.3308959551294447,0.015261024735400147,0.8309297254598241,0.09240266260448897,0.28913002019811496,2.9088041011063224,0.6667438241568755,0.4659085540774401
1019,V2 | V7 | V27,0.804744174818946,0.6994478110408793,0.44787110255824036,0.6886932355732547,0.6321330270861559,0.9327346515112517,0.029818809268039592,0.20420281027888507,0.0031770869857258607,0.4610329910087042,0.03128764107975307,0.5563309161486831,12.360445593629722,0.38820572763324707,0.4658935628010289
1020,V2 | V5 | V18,0.710478260832469,0.6137828349690259,0.6427177754766545,0.6590155641960099,0.4964027273834333,0.9239138292927083,0.08740230823085991,0.23830424076220988,0.011022475817071803,0.6951846834819305,0.10369998727623718,0.6276220295011322,3.247940527659917,1.731691037471246,0.4654956640433224
1021,V2 | V3 | V20,0.7377073578743052,0.6713197016375644,0.3846986526766265,0.7363458303096886,0.5869084549076357,0.9395204632410237,0.084655186344468,0.18846397518600896,0.008058649762298841,0.8186860842398983,0.06375317073503844,0.5206691133604716,3.150764350228152,1.7579784554797913,0.465494184917011
1022,V1 | V17 | V20,0.672210933102222,0.6189351429971535,0.4948711331116743,0.7752641518026214,0.5102084091310282,0.9239599980319264,0.1480265188883671,0.18154678957295847,0.007932264187929266,0.7669521727079833,0.07046740635267157,0.5152677028799438,1.311902822988248,3.305432308118136,0.46536727338851813
1023,V10 | V20 | V27,0.7518905637174224,0.6429397140474821,0.5796731696090497,0.5577485155241274,0.5560513637413756,0.9390093774221006,0.043087216995571484,0.38529560601367774,0.005150956204143014,0.8283739504351358,0.014759431744042458,0.5334831372342919,4.521369574609929,0.6677764237314671,0.46511299272219775
1024,V9 | V10 | V25,0.6066645601145941,0.566851424913711,0.6515757719781278,0.6248697134631693,0.5038350079990623,0.9146408791854357,0.07371737734707227,0.6107014948719715,0.09321643454303626,0.7285160590265574,0.17329180847962447,0.601371733986235,2.2929711269076014,1.3152877985706937,0.46509148707700604
1025,V5 | V9 | V18,0.6749263502986955,0.5881794217890892,0.7420579393581782,0.6129000674103362,0.45767119518940697,0.8561819845010786,0.03170972049606219,0.48140689562336314,0.016696104137712425,0.931998671234451,0.1331311210557981,0.5592401464589439,8.279147185365503,0.4041062563566089,0.46500147595635105
1026,V8 | V10 | V28,0.7781751829073266,0.5994412946580157,0.6864529055864846,0.6376723699416912,0.5414728420271165,0.9495167403270572,0.054325078046247643,0.026366032697610484,0.0011500385331284111,0.7196354134719396,0.028170541182449698,0.5595733273094564,3.843076868468559,0.9237594598993368,0.46496496034398616
1027,V7 | V16 | V23,0.7421510362013753,0.5939862604295878,0.6353173064042513,0.696797390495119,0.5397932184517402,0.9508220821982081,0.025268714451164315,0.1722851278072384,0.0024767444404835467,0.7111423851698486,0.09344171152780059,0.5687947483026099,15.72168647068974,0.2663081962664185,0.46485532535579
1028,V2 | V16 | V23,0.7282206777093946,0.5816636906617341,0.6571475561764165,0.6166608158179883,0.5309838559237844,0.9510791976523666,0.09634148465741774,0.1287824387724053,0.005174205559234175,0.8314615175403837,0.0766603439069358,0.6134873315860255,2.4677764564933105,1.9374176405120804,0.4647162731963475
1029,V7 | V10 | V13,0.6518723545929647,0.6115248703959296,0.4800108639935876,0.74071949142348,0.5475710167367276,0.9400804301908539,0.05638278192461472,0.4302116377789081,0.007015121192499935,0.8177047670132477,0.187197901747724,0.6070858743115669,5.245455421327796,0.9789042937819802,0.46467924595418586
1030,V3 | V12 | V22,0.6401550011110585,0.601379446399255,0.6391295218761074,0.8115696137188811,0.585424638942067,0.6024187760540178,0.05789353062263801,0.3626222525048651,0.07566098211137916,0.9464853076331934,0.20868974984287708,0.3571157594172418,2.1438904631088596,1.1122438038277622,0.46461018642650587
1031,V14 | V20 | V28,0.7653250860699072,0.6147905536566632,0.7345789448262455,0.5983037643998377,0.5710439092899617,0.9250774386585942,0.031889086028079744,0.07645073733084128,0.0010312737618550648,0.6707601037563817,0.01873196232986272,0.475063629331904,5.770389425150207,0.45325628742330304,0.4645070273451652
1032,V3 | V14 | V15,0.6503884756677011,0.6304061871274196,0.5825024628495327,0.8281477602738119,0.6341071681696315,0.5744410114021382,0.056128654537986135,0.37501321382152725,0.07408176743938528,0.8370547905002048,0.20382226952880875,0.315591017234143,2.690453011046789,1.1525938594853926,0.46447212728834625
1033,V4 | V6 | V28,0.7189391272487482,0.6355152315470199,0.7465742289016849,0.5190193015487555,0.5932776957960878,0.8718349054797813,0.07272901308723521,0.09576937581493712,0.0018797065910006368,0.9213137177492792,0.02755395076552696,0.397812755261615,2.4720318365240304,1.5074689980108023,0.46429935877769407
1034,V23 | V27 | V28,0.638589554970862,0.36483757011744117,0.6078746168078633,0.152849232194759,0.33722751745351814,0.9999999998551012,0.9999999999604094,0.046533332988102014,0.0002283628244116009,0.5225859791108599,0.005672210579148519,0.9747584682506188,0.01589652554186798,25.60194232450414,0.4642794648012124
1035,V2 | V14 | V26,0.6210435988720496,0.6109945605603226,0.5794364405238136,0.7153467887513949,0.5987323892448436,0.9158263332697844,0.0629719808618114,0.24246819113062792,0.03094166930373938,0.8994283720644788,0.10409364869712263,0.6445072394323709,4.651141027757939,1.1049075201672736,0.4642723521673089
1036,V17 | V19 | V27,0.7669627971275331,0.6031564271207613,0.6329325650892494,0.6331979471145842,0.5246746946189219,0.8587760746012464,0.022227188397809596,0.3386090041048856,0.0096198036835747,0.9135034553076811,0.0385796434074924,0.36127611518756403,7.156847189516725,0.32782467178714936,0.4641638305062289
1037,V5 | V10 | V19,0.7121118852679825,0.6148681160233381,0.5437623257004496,0.680958824341953,0.5026590242610479,0.9007225469061192,0.05001575517356995,0.4372712363392427,0.014558706487121716,0.8322817317580894,0.11039749370470675,0.5852806069592393,5.387555676380419,0.8300860600743653,0.46415703070139697
1038,V2 | V7 | V21,0.8047520176085519,0.7214970504015916,0.30046087759266066,0.7150367840830351,0.6446146266580602,0.9591065000397836,0.059917399115487345,0.14463028487200713,0.003467532679848216,0.5474738331640695,0.08826160297402463,0.6286841515299071,5.644666513110782,1.0636238590161007,0.4640717333248319
1039,V8 | V14 | V19,0.750070089225609,0.6015897567693651,0.5721945596857743,0.7107637018875415,0.5446846523392104,0.8974378133710698,0.04652396147785499,0.14760901438468374,0.014181509492010115,0.9250146783476738,0.05444588988093559,0.5391174039506371,4.677560852278968,0.7611451795549175,0.46406371057223145
1040,V16 | V17 | V26,0.6469392179005308,0.5910265598043963,0.7732123010778967,0.7370353282813322,0.5469407320444558,0.6839495514708249,0.048427000386741983,0.31650426899849404,0.03533866242575837,0.7642693170610059,0.19416313479671968,0.4329411762755521,2.160674750316589,0.7791275055343916,0.4640366506554448
1041,V10 | V15 | V16,0.644722765147273,0.6053239773485694,0.754146936005638,0.6875410902471282,0.5661091494889766,0.5385795749245018,0.04223563407937015,0.5522638322116395,0.08760920217314015,0.9249640946852212,0.20171634763821675,0.32274999722037484,2.7591403474923943,0.7703086566338514,0.46398355717938555
1042,V7 | V12 | V25,0.6515350320262557,0.5956027523094952,0.6121988497082859,0.7625726743920371,0.5553614949993537,0.7880622509402732,0.06151333498434165,0.33150982568736775,0.007179764350550226,0.9269722558501995,0.12333516463132985,0.47415467240510906,2.4224033456773837,1.120118364106568,0.46392970208908013
1043,V6 | V16 | V28,0.72737744564491,0.5995516981097504,0.8391084309842385,0.4982965943673654,0.5225556572266984,0.8732971030542954,0.0762868399789031,0.0900591419056464,0.0018467842607255472,0.9627046005600056,0.03149040666371999,0.4436787882598353,1.984867273327613,1.5119285022039886,0.4638490863104727
1044,V4 | V7 | V23,0.733712717805213,0.6299497938668577,0.48206557647013054,0.7108778883601476,0.6105152570211297,0.9474496195970218,0.04227286529887609,0.18304495808249524,0.0025204670658885093,0.7911154740520432,0.082122877627623,0.5088778491369595,6.983592124952944,0.7259607222552609,0.4638207676912537
1045,V3 | V6 | V21,0.7196164766024591,0.6748323076401315,0.4129581346938199,0.6862864684757313,0.5880427299306716,0.9136076903637848,0.10601970841596724,0.2260983072018214,0.012391113788466806,0.7993102102510938,0.07482176825467156,0.4851723266253932,1.7939192272003353,2.260953088261835,0.46373495258943837
1046,V4 | V8 | V21,0.7746007269004639,0.6499371980857379,0.45586978147508606,0.6384408150106232,0.6100273997073645,0.9579112511170772,0.06456097291591008,0.10894340261197272,0.0071716738273347475,0.9005993782125006,0.05163055849516824,0.5479143240309121,3.7641450135099306,1.2120253445326479,0.4636684919108811
1047,V10 | V18 | V23,0.7005819766606888,0.5762371277169246,0.7281265121722538,0.624340168460848,0.5057379601575481,0.94267604199328,0.042204299530057304,0.23788848094178597,0.006295787913367398,0.804681238916413,0.0938689568708527,0.5248351186216723,5.178341561824411,0.6715288365314873,0.46366518562856873
1048,V6 | V12 | V20,0.6726237865795041,0.6413644875090216,0.6581713022198068,0.618115369904086,0.5318847257708009,0.8616219922246041,0.07687729846168925,0.2859448221918522,0.009889295038030975,0.918537165144899,0.025542057814881943,0.4459039026776544,2.1443677321510464,1.5428511289447884,0.46361527051304274
1049,V2 | V10 | V23,0.7373926273883284,0.6346808890756303,0.5126675271066828,0.6801288124381818,0.5817416888932267,0.9583363283262251,0.08509192420965453,0.12723812073582297,0.004891595734173185,0.6834093177474836,0.07253249948845394,0.6400046465983927,3.3445350159579146,1.6613362030128522,0.46356576949316236
1050,V8 | V11 | V28,0.7659733333869064,0.5777348433738522,0.8013263316470542,0.5496901042007695,0.5257512311678826,0.9351683482495455,0.04198456999645485,0.032155133945756906,0.0012405658709393839,0.8625226723144731,0.04114952425918248,0.43793175767026776,4.450658342899473,0.7308126171114423,0.4635510176152296
1051,V2 | V11 | V25,0.6300146211279477,0.5707483868094843,0.6824592944164043,0.587885735358184,0.5268449293338547,0.9283308129179779,0.09125742445778463,0.32323875780473527,0.03693521723265092,0.9178523437790623,0.21343135808073324,0.635054629291291,2.7326606086583642,1.7972273024171914,0.46352492881260576
1052,V2 | V13 | V14,0.6654044877320971,0.6165534692808939,0.5656126545271838,0.7177084336277859,0.5898629522657546,0.8820148069382877,0.049600871151011555,0.2623710758915931,0.03113753011460929,0.8295661839062761,0.11544744979161595,0.5626047874604593,5.621322675095872,0.846938898821044,0.46338440977759726
1053,V3 | V6 | V27,0.7196086338128532,0.6527830682794192,0.5322278215554844,0.6583562559250384,0.5755611303587673,0.8734394432049412,0.08059399899084632,0.3321408737110415,0.010644580714176349,0.6823517699423147,0.02626208266552851,0.40217192433192006,2.2739761908313474,1.7008524635855322,0.4633432512830451
1054,V3 | V21 | V28,0.7802434873476563,0.6217325495829485,0.5955972708627841,0.6393534410134513,0.5800862076711587,0.9459193826089589,0.04245496173104024,0.05748735178031049,0.0012051590418362208,0.7644985298139643,0.055089984344448895,0.3910643857713572,4.447380656459753,0.7904383099192113,0.4632773254031325
1055,V5 | V8 | V11,0.7364763978986784,0.6083365274721952,0.6453097016078413,0.6833401908746918,0.5109427752371914,0.892508586145063,0.03926267846905244,0.13424038853297757,0.007202026968863028,0.9042147100476192,0.08735098908839263,0.48546006773847367,6.669377154747561,0.6618957292430954,0.4631614194764767
1056,V4 | V19 | V27,0.7380265219597427,0.6127130959920051,0.6231219453108546,0.510410042424783,0.5735404383000829,0.8126964465072234,0.025321028698325143,0.6410616963474793,0.013975169374373058,0.9467371994079857,0.03286957376677488,0.31358943149275004,5.9350886634794024,0.4385530139094774,0.4629520081824661
1057,V2 | V14 | V22,0.6519939674000497,0.596180727733285,0.564283568534593,0.7227494543470003,0.5874324451592591,0.9030446135562513,0.053584718564202743,0.2563979793716862,0.030434570752778167,0.8771584321840435,0.12744171520069664,0.6077615982026059,5.456253949548994,0.9069085810956086,0.4628393361386183
1058,V6 | V8 | V12,0.7129363750480366,0.6433663971631921,0.6467563615514487,0.7070851300022822,0.5534149565649384,0.8730539786752748,0.08260494752948641,0.11150216938491336,0.012035990014493774,0.5136259141435968,0.03017992947215754,0.48436629735124853,2.1840663522157517,1.6650476727846413,0.46283406907716396
1059,V4 | V11 | V26,0.6149730428912544,0.6318939758053731,0.7776456617372127,0.6233721881690834,0.6308426978358258,0.21811606629695376,0.03227368916029395,0.6993056252167664,0.4994285821812328,0.9355428235742224,0.24623550705366717,0.1799340895711098,3.4514557884940484,0.6819639637843918,0.46280982371797125
1060,V7 | V10 | V25,0.6561468291403486,0.6047774078615016,0.49844211062260896,0.7426124030166285,0.5513759027210444,0.9338713118858741,0.05043266295345139,0.4025544418582092,0.0069293273852887175,0.7781994638333216,0.1669415146359949,0.6359894054820816,5.86664412098305,0.8017056511863585,0.46278380706057837
1061,V9 | V11 | V23,0.689638867334135,0.5873710246115305,0.7656897927725697,0.5476827975208206,0.5272885458399668,0.9317445843867335,0.026893620540537504,0.2582738726234509,0.006855857693182302,0.8907969773120679,0.1365698889563258,0.4043014191176347,8.487988458562397,0.4296609498426688,0.4626593547345119
1062,V7 | V9 | V19,0.6995967096937135,0.613141362275837,0.5462957262073824,0.6485210014018551,0.5094032546388441,0.9096778268492857,0.03040619303626104,0.4836534591278644,0.007616746591386475,0.9182017716800085,0.13773739341372349,0.5760987575617379,10.70758196991904,0.3739402682939202,0.4626283508010784
1063,V4 | V19 | V21,0.7380343647493485,0.6347623353527174,0.5275657590907551,0.5475052384260708,0.5860220378719871,0.9030690293116315,0.05426822114284511,0.38642469968595317,0.01683479896937719,0.9530164276560753,0.09271324706431974,0.4671790826137239,3.6847595566581743,1.0076204259444694,0.46239957101870216
1064,V2 | V8 | V16,0.7998167274535225,0.6655905701657027,0.65969690226156,0.711353225681006,0.5915419650781009,0.5650951682386388,0.0694083296883738,0.08839140298506584,0.010152627180498964,0.8676048525178763,0.060706636794736736,0.47396315737505423,1.6978618030157937,1.257825100575531,0.46211568341804987
1065,V7 | V18 | V19,0.6983379694998476,0.5803010140970679,0.6519222072298173,0.637163370935693,0.4721310580971915,0.8623130670766493,0.021989723873041,0.5144165065202894,0.007644452103808465,0.9418129368708419,0.14312874237025217,0.541731923573362,19.21674248435952,0.21400487781992378,0.46208655851937663
1066,V11 | V27 | V28,0.7990025258272495,0.6232630162259374,0.8615146033594725,0.43439636955755706,0.585744109585791,0.9089082661521485,0.009361195947287439,0.11006467249265287,0.0011674235044658841,0.576083889006204,0.02077991783938709,0.22985713478054118,13.064095457013208,0.15875644746405876,0.4620432918148188
1067,V11 | V20 | V27,0.7396887141970024,0.6212332627633186,0.7202915137084784,0.45301131713661974,0.540329752882142,0.9091946957709162,0.02064703204058208,0.45106428570243584,0.005585675164750574,0.8609731876930677,0.02362460978131606,0.3514279357599792,8.28105435695706,0.3092938355381264,0.46186992983544406
1068,V9 | V17 | V23,0.7131667239472488,0.5824671420478232,0.6493474944867808,0.6921599757849058,0.5141086186179865,0.939109720134967,0.033821537403813585,0.1550785681156965,0.005280004148308797,0.8549230973649968,0.09959872778485851,0.48916850929998035,7.231145378167306,0.5182305360688138,0.4618120576650345
1069,V11 | V15 | V18,0.5536781613323127,0.5011802629609377,0.8304686829769636,0.5159976909412632,0.44617263095625487,0.5391438370681821,0.06977672283926932,0.8447494249219063,0.5456967844490793,0.9062409148153079,0.4154877521326749,0.2776439937314564,1.4583986750437465,1.428117614870052,0.4616724421446462
1070,V4 | V11 | V22,0.6459234114192547,0.6170801429783355,0.7678407097616663,0.6322406801375419,0.6195427537502413,0.1584790920229182,0.033865428187842286,0.7706674993431658,0.4043715124277731,0.9896418576005435,0.3432465426951815,0.28861701593785555,3.324434849321617,0.6102284540362581,0.461617318331339
1071,V1 | V18 | V21,0.6462198457345353,0.5796703371946272,0.5907622396568932,0.6287776494806726,0.47814191535326184,0.9461181867167568,0.16893108185434497,0.24481858387307676,0.014439501294586736,0.8953395560847611,0.12681769983200317,0.5506779198792976,1.2437294600014557,3.8287749081289006,0.46153165577307015
1072,V2 | V14 | V15,0.6301531532114859,0.598681644256625,0.5611685520934785,0.7169057313674927,0.5889992686081501,0.9150066009326965,0.061790061950535984,0.2526519112351656,0.0311131915937608,0.8836022311697234,0.11807641959722968,0.6034044837803259,4.7809448097415395,1.1176493157252447,0.46148675230793296
1073,V4 | V12 | V26,0.6225630952975816,0.6444257715375302,0.7395087408830217,0.7219411905309242,0.6505499009733686,0.45242096519921093,0.04216217532909492,0.4539762649436186,0.1510137277054874,0.818016850048539,0.1099054154120619,0.3033339038105549,3.0922522705938764,0.8093691622517583,0.46148206387602964
1074,V6 | V10 | V19,0.6809818100110141,0.637366189982178,0.6024376222706425,0.6024755442763672,0.525424002451252,0.776911089015392,0.08416995125680246,0.4932296993252394,0.04946644899674847,0.8924716420730352,0.0692586283980262,0.466427656621071,1.8580987418928956,1.6899816644005101,0.4614145423609001
1075,V16 | V19 | V27,0.746464840355905,0.5767495625547355,0.7406835416717228,0.4893234992941524,0.5028183997306934,0.8211656393251916,0.023308791182393516,0.579852357369496,0.013488025098061478,0.9369981126078467,0.037349183280790725,0.2976118009366819,6.110088751658083,0.40303003076169247,0.4611803254469644
1076,V6 | V11 | V19,0.668779960490594,0.6156597386980145,0.7371841501942238,0.5075079184573889,0.5097023915920182,0.7084001425929066,0.08103307711183595,0.5917413136503981,0.08153693646742571,0.9203738106854128,0.10092974417595871,0.4079516728359588,1.6404821582243219,1.6338050506675093,0.46115075516408904
1077,V7 | V12 | V22,0.6338500371468242,0.5819774732963144,0.5966185884281068,0.7653842915053138,0.5491261019085415,0.8001490499599887,0.06532484195668739,0.34323900313721045,0.0072117880722217175,0.9369434211206872,0.15139088839208845,0.46642179680893375,2.258595310041537,1.2174359235091305,0.46114800190383975
1078,V7 | V10 | V24,0.5864694319551093,0.6232613912261378,0.5229847717792472,0.7407891125155933,0.5547589885781278,0.9395300854516391,0.058165045731442905,0.3924895805282822,0.007006173411671385,0.8139689620379028,0.1725866997304052,0.6505782010314438,4.977021234272371,0.9769791389691735,0.4611298384577375
1079,V6 | V12 | V19,0.6763700128969207,0.6281915344301716,0.6953893392521396,0.6286563007140248,0.5294095947295611,0.696374966639935,0.07408880432172572,0.3982869464670135,0.05846122668110563,0.9310689895612698,0.054378767534198146,0.40236791515963033,1.9322181237485065,1.4870912814701185,0.46110807960961736
1080,V3 | V12 | V26,0.6092046325830585,0.6161932792262926,0.6520450450170794,0.805368183726262,0.5967245830276514,0.5903405712424403,0.058111001935450615,0.34030743994433177,0.07859960537535844,0.9382107671785688,0.16243125930096797,0.369644318574775,1.9904686955738677,1.0893461989328832,0.4610249640601607
1081,V5 | V12 | V20,0.7037538618364728,0.6188664135501818,0.6065601400661113,0.6943771990900818,0.509119747580597,0.8856923901897443,0.036903889527454305,0.26008260156611723,0.005892345767886877,0.9057417287738476,0.04087962715995055,0.4585748226034802,6.550049223644853,0.6221897770969558,0.46091689891215537
1082,V11 | V20 | V21,0.7396965569866084,0.6432825021240308,0.6444669598092534,0.4943932414208303,0.5528113524540461,0.9470200184967176,0.03055002562773445,0.2932179244673743,0.006201717851969722,0.8729795617396433,0.06816674536950534,0.46012397454751536,6.961918922581475,0.4536668133162975,0.4609124149625083
1083,V6 | V9 | V18,0.6437962750417264,0.6106774957479291,0.7810740549136085,0.5220160821752844,0.4804361733796111,0.7302783463738451,0.0855480665139411,0.5468334184865359,0.07677488932806044,0.9250265298088114,0.08161704185801301,0.44442274480365923,1.5840661348958907,1.7125842181670106,0.4608941317122244
1084,V12 | V19 | V28,0.7369970236421177,0.5750917763729888,0.8032395450065976,0.5757427660084566,0.5214530724700485,0.8542469070613249,0.045410557840829154,0.09736993080903668,0.001981503818714004,0.948140947666581,0.04006049805984574,0.3491060322719525,2.9967597260451653,0.846625976564193,0.460817964139353
1085,V7 | V10 | V22,0.6384618342609174,0.5911521288483207,0.47841040453336947,0.7455370427854817,0.5451405096302322,0.949385050381169,0.05936442677394124,0.4181932267809786,0.006959679675047968,0.7761893420453009,0.21224009475006522,0.6486446972810215,4.98793428864832,1.0120295502685186,0.46081089214912097
1086,V16 | V17 | V24,0.6258971841227227,0.6083219893551759,0.7878859043568993,0.7393677370752777,0.545259266906767,0.6455423530869389,0.0417243855613907,0.3177879780729044,0.0354424710240401,0.7381800226070231,0.2041766318821666,0.37548339151152355,2.797676200239284,0.7062881600568199,0.460735623429154
1087,V7 | V13 | V16,0.6427004049140308,0.5585076719820332,0.6334993247450913,0.6848401726910684,0.49681318376728517,0.9157324223921948,0.0359171418264048,0.4374521591831362,0.007494663772691632,0.8911836712675222,0.20263970328826586,0.5711410515017056,9.052629199892204,0.5156016666717201,0.46068045320070006
1088,V2 | V5 | V9,0.711737001026335,0.646623183147795,0.5346937727982479,0.6698973774701422,0.5336749239250858,0.9321205378147278,0.08652194821374891,0.2279435203515157,0.010972811433242672,0.605810274443107,0.10022968330058177,0.6208584975335364,3.586853824742399,1.731764010140099,0.46051979518952507
1089,V1 | V16 | V20,0.6517129763305937,0.5925282784311277,0.6349756410983635,0.6706409477966203,0.4883521142427998,0.9071498242708921,0.14208840508155862,0.2735976044292177,0.010658038972051562,0.6500009104029887,0.06825486344180817,0.48763485102242776,1.3107132420095426,3.17039092075108,0.46045695441263185
1090,V1 | V16 | V19,0.6554592026480108,0.5793553253522776,0.6740333178168509,0.6801503792084973,0.4858769832015599,0.714877611594625,0.1066198996059837,0.37861281156085824,0.08394954942674603,0.9333556576635164,0.15269881814943373,0.29180688124157933,1.0316970108703358,2.336459003386021,0.46043249983391726
1091,V7 | V12 | V24,0.5818576348410162,0.6140867356741316,0.6314896682073152,0.760820163977163,0.5587445808564369,0.7847572332001955,0.06562804097442841,0.32391319746500963,0.007260853186245426,0.9562098198371897,0.1269546148953045,0.4666638729447361,2.1005112506352037,1.2098418376290656,0.460396821362872
1092,V8 | V16 | V27,0.7830312025070204,0.5919244252877561,0.6968208768668258,0.5903195878901676,0.5268237615660708,0.9168484044489668,0.038373996228266864,0.14419823858340913,0.006271724053234297,0.7328231539873163,0.019526840408137763,0.4808697250293552,4.874362646197763,0.6023314567073388,0.4602998540733196
1093,V17 | V20 | V27,0.7632165708101165,0.6163293801996116,0.59006233130166,0.6227523682005154,0.5271498256601616,0.9246511617806648,0.028022312062674994,0.24788428301805493,0.004387940297365096,0.8658380359374721,0.016682403329689077,0.5029852598203428,7.535730073103975,0.350097036973938,0.46025003285543536
1094,V16 | V19 | V21,0.7464726831455109,0.5987988019154479,0.6684077901911696,0.527941356198177,0.5152999993025976,0.903085078084401,0.028208777623672777,0.35807833048883486,0.01616501460867473,0.9094960151005632,0.10594565222206562,0.47971051292974937,8.615142725306075,0.39162498195332085,0.46023246088492725
1095,V2 | V11 | V24,0.5603372239427086,0.5892323701741204,0.6990739998152065,0.5854072024570421,0.530228015190938,0.9256682362298883,0.09126472139286472,0.31590731841949854,0.03836132138301877,0.9791156282109466,0.2217453192105363,0.6439832045766574,2.7662351927920947,1.7908866295842154,0.4601459331316827
1096,V3 | V9 | V22,0.5580108344455434,0.5079399886126658,0.5248699699899431,0.6847434206680756,0.4637385025624798,0.9592846480122189,0.13850557674647404,0.5052247367947552,0.11123676755042437,0.9742072674083601,0.3518888465608664,0.6252319454308831,1.3724360136405953,2.94603596478927,0.4601091222220228
1097,V3 | V5 | V27,0.750738709069822,0.6302849943205795,0.4631539907466934,0.7291675447776046,0.5527961521685634,0.8925818577044804,0.055761726199091345,0.30049606029492537,0.006226871343391887,0.6893048773183698,0.04190540325473616,0.39061835465644257,3.7806555922579217,1.1293214161368834,0.46001066833699394
1098,V17 | V18 | V23,0.7119079837533826,0.5496267938690541,0.7356809507193727,0.681752308959565,0.476836422076334,0.9312445270163419,0.03758867316886206,0.16165373062701252,0.005296185921525706,0.7509427786829894,0.10304040056388783,0.5066860566756621,5.735343130657998,0.5767913990763863,0.45995807337977873
1099,V15 | V16 | V17,0.6560487722399668,0.5787136435006989,0.7612903700864231,0.7385288350942518,0.5372076114077624,0.64619894856581,0.044837182500533826,0.3311596945791597,0.035558703268746966,0.7757180242265298,0.2304232841615747,0.3654659852854736,2.6046921705053436,0.7873664275718408,0.45990057044723553
1100,V2 | V12 | V25,0.6376046735342746,0.5832801825416413,0.6351232280240111,0.6929315126829623,0.5465521324713977,0.8836569169218931,0.0719706320517123,0.23800040489680815,0.031013441399209446,0.8866629116370185,0.09961219416881821,0.5876175612338461,3.4337166629806672,1.35938821660144,0.4597428068773408
1101,V11 | V18 | V22,0.5755189755208767,0.49867934643759754,0.8322091125200191,0.5246721130341823,0.4446058075073638,0.5160796831582242,0.06996552728110149,0.8690815526584231,0.40668375214098856,0.8988962981188606,0.49236561130748274,0.28735563441687345,1.3669628461752774,1.4078576894253982,0.4596920906327507
1102,V7 | V13 | V17,0.6631983616856587,0.5849145365480594,0.4928699567996502,0.7868366754486985,0.5186694786555136,0.9410311167338188,0.04620808890530706,0.2716460421410974,0.005852628807982605,0.8548788860219781,0.21257744169148918,0.5812970776539287,6.262843207691206,0.7487688915846752,0.4596387592166198
1103,V3 | V11 | V22,0.6325649487047316,0.5888476506670979,0.6860765224468894,0.730397702581638,0.565717435804524,0.2945218726816198,0.07290220272071825,0.5270428854331328,0.11822318460171731,0.954089123880743,0.9095038996123318,0.325589437473814,1.2785473774581013,1.4335700262594981,0.4596307948633848
1104,V9 | V10 | V23,0.7018407168545546,0.6090774758956937,0.6402233702470393,0.6359865344497891,0.5430101566992005,0.9438815088064538,0.05122730233881048,0.22755054084350726,0.006275076326370128,0.6349244453068296,0.09081336165862791,0.5371686033849988,4.381593128453033,0.8820787132433703,0.459577752905755
1105,V2 | V11 | V13,0.6257401465805641,0.5774958493439124,0.6701709713152649,0.5853124975736643,0.523040043349538,0.8983711268205875,0.07415667735198093,0.343177331258806,0.03853254239883835,0.9404757311243442,0.24368684724113393,0.590981625899932,3.1197945037833352,1.3986425980284094,0.45947159001784627
1106,V4 | V27 | V28,0.793594107272573,0.6279158025334741,0.7620609326202367,0.4800172141135588,0.6214299260449718,0.9090864545058315,0.010389519692007267,0.10518992542781674,0.0011644859565587231,0.5892915239520017,0.011152409952912987,0.2697287020309133,16.588740210970325,0.16126566890880806,0.4593485208995034
1107,V4 | V7 | V13,0.6342620865178684,0.5944712054193031,0.4795295153439596,0.6992532577723343,0.5675352223366747,0.8892917469307142,0.06986585453861589,0.476029488875704,0.007680062977640756,0.9214763112841954,0.17021022404162672,0.5298226233314701,3.0790497076684966,1.3399911096728558,0.45933579936365143
1108,V11 | V18 | V24,0.5235265732150687,0.5307886088154147,0.8534522068830221,0.5173004900775605,0.4542242864552592,0.5318657651107471,0.07177492939354978,0.7874216273621395,0.5223172219233493,0.9032032922131182,0.34804281554808486,0.31482426224435056,1.2743652322333179,1.412688881486516,0.45908622705082075
1109,V1 | V18 | V27,0.6462120029449293,0.5576210978339151,0.6751372768766858,0.5973719311424314,0.46566031578135775,0.9256927818233464,0.13020325119542034,0.3639796474488656,0.012209121237447773,0.8639411090778153,0.04380399665940972,0.4500959202572514,0.799769962786838,2.7599227770966417,0.4589061626254821
1110,V2 | V4 | V23,0.7197823593132324,0.6176272240990036,0.5122190817617076,0.6331235526331142,0.6017058944931738,0.947596455608865,0.09099292849351653,0.13666721471817825,0.005281719710685972,0.7879663540434992,0.0676914011452481,0.5608943090140553,2.832447408266046,1.8711272405095498,0.45873610092983386
1111,V11 | V18 | V23,0.6883801271402686,0.5545306764327611,0.8341340732729545,0.5337802855715437,0.4900163492983142,0.9292568413716685,0.017866373559604985,0.2704707629296037,0.006879471821606999,0.8300706551460267,0.14189490976869298,0.3805244029745841,11.574705482285989,0.2323473391322377,0.45873560758167076
1112,V4 | V8 | V27,0.7745928841108585,0.6278879587250258,0.5657107069775027,0.6076488286562738,0.5975458001354602,0.9090987926834564,0.03227689200113292,0.1530492024458824,0.006413404209430986,0.8101410660441882,0.016594913910391935,0.4036946416815152,6.326219306921471,0.5464405925268195,0.458617859744141
1113,V8 | V14 | V20,0.7463238629081924,0.614762709848215,0.5229606779699288,0.7018185707706575,0.5471597833804502,0.9327894820182709,0.04725619759418061,0.11265083376161662,0.00561849947133677,0.8766857311919065,0.02557823512540735,0.5535219852099571,4.7739515202786516,0.7697130570030596,0.458555355111863
1114,V7 | V12 | V26,0.6028996686188243,0.5967913061233522,0.6107615596873485,0.7585849717684441,0.560426045994126,0.7872100547919844,0.06676913245019069,0.32259452784221093,0.007254172472771796,0.94484007303461,0.12197586658490042,0.48522139870765896,2.046194371255233,1.2167506405034523,0.4584854034356365
1115,V3 | V12 | V15,0.6183141869224947,0.6038803629225951,0.636482245167125,0.8066729284007375,0.5869914623909579,0.6038277988551325,0.05422557822898004,0.35657885145915647,0.07962287165939716,0.8614156305402673,0.1895096328575054,0.3403682700898879,2.529018480418994,1.0633578558092491,0.45847678345622606
1116,V7 | V17 | V25,0.6674728362330429,0.5781670740136311,0.510804392698428,0.7885646716595971,0.5224743646398303,0.9291371856025293,0.04130949933637303,0.2571420058171091,0.00578682598389746,0.8396187186500719,0.18805267846459148,0.610546131564454,7.161462946681177,0.600667065738224,0.4584195395816679
1117,V1 | V17 | V19,0.675957159419639,0.6057621899183036,0.5470266763687809,0.7830077922196093,0.5077332780897884,0.7357621014815118,0.11043057469617297,0.2410673991471303,0.028816108358340763,0.8927588351174232,0.15909842050241704,0.3287383633448016,0.9695784740084735,2.3882543397558815,0.45836280907132887
1118,V2 | V18 | V28,0.7399751963206972,0.5831811508706828,0.799479456473506,0.5177586243616866,0.5112111833141245,0.931946863186759,0.046278583672330675,0.0670281775649922,0.0016650489404279826,0.8610217160745517,0.048293849324067016,0.5157224666516042,5.309792886675884,0.7954753761833467,0.45821327604430523
1119,V7 | V16 | V25,0.6469748794614147,0.5517602094476052,0.646789552531095,0.6869540933834659,0.500618069751602,0.9045448718659248,0.03291290679151907,0.40909890852200714,0.007399859514650164,0.8527140101726437,0.1798304523790907,0.5891705884297117,10.449819151448045,0.4275228052967161,0.45815855298048663
1120,V2 | V11 | V22,0.6123296262485166,0.5571231077963034,0.6691116655837869,0.5918547262847725,0.5206095362430425,0.9136084309985618,0.07828629088205077,0.33455015334988697,0.037489179210916775,0.9461906581195975,0.28277508029535486,0.6219278922921225,3.1292060069505405,1.4812252083206103,0.4581347213576142
1121,V7 | V10 | V26,0.6075114657329174,0.6059659616753584,0.49660220435556335,0.7384632741254897,0.5564404537158167,0.940388537002397,0.05878073827704878,0.39074754225449587,0.00699984356408431,0.7947559358658385,0.16483603406996417,0.6647882610600063,4.943561772885252,0.9786709853518485,0.45812694546384075
1122,V4 | V8 | V28,0.7605649148322302,0.5823876296813888,0.6861452353367699,0.5863280614697771,0.5614370476270634,0.929059270738633,0.037944516742226625,0.02987771043136806,0.0012375033360721714,0.9182452849633072,0.026099188948229764,0.41864475764861525,5.417378752420934,0.6672113376663941,0.4581125349337868
1123,V12 | V15 | V16,0.6401109680331801,0.596149321796563,0.8228858878524244,0.7097512117943925,0.5700947417672857,0.45739277848437276,0.043014690789197174,0.4402155972959957,0.11872264515175049,0.8374929836235768,0.14506916832884464,0.2942818276526473,2.639264815010271,0.8113273128215682,0.4581040554245793
1124,V4 | V15 | V16,0.6271124970721765,0.5882703123719425,0.7538812579789141,0.6412530688334985,0.5860733550889236,0.4548226818083142,0.03499207572819019,0.6212405072060655,0.2491359589294375,0.9146506665872473,0.18270360278509343,0.3145613940005403,4.216680786646196,0.6546575802570039,0.4580378861871543
1125,V2 | V9 | V28,0.741233936514563,0.6160214990494519,0.7252447616151363,0.5321029540044268,0.548483379855777,0.9400587581444568,0.05564759056819119,0.06396245975682058,0.001660629819585421,0.7377541701036766,0.04682115203845994,0.5246771979940622,4.667133155696401,1.0248603843584758,0.45800613017393244
1126,V2 | V6 | V18,0.6793481855755006,0.6362809089278656,0.6906341408632398,0.5767474587274832,0.5191677055736375,0.8149333874188356,0.08344452633146705,0.2613066324586244,0.026226309138811632,0.8595405199802342,0.06545318758107325,0.4733554012932488,2.274150129318612,1.7076683285665835,0.45783891115831493
1127,V2 | V11 | V26,0.5813792577205164,0.571936940623341,0.681225271230345,0.5822408345799451,0.531909480328627,0.9239128776519355,0.09279239607170914,0.31463424949680585,0.03824086372196003,0.9607909322689709,0.21035332525491454,0.6516551581780022,2.667454773764604,1.817856411262991,0.45779436435367427
1128,V17 | V20 | V21,0.7632244135997222,0.6383786195603238,0.4865526245338651,0.6526634399060429,0.5396314252320659,0.9503352448535888,0.035683328553545036,0.17363619147820267,0.004825974241448305,0.8872723275101154,0.05182634522414908,0.5694807657510983,6.649634626440594,0.4796166865649676,0.4576123298561785
1129,V3 | V5 | V21,0.7507465518594278,0.6523342336812917,0.32136715813619926,0.7535303430910129,0.5652777517404675,0.9404299183107289,0.07580500132712595,0.2069076559614403,0.00695169396009322,0.7504437884052835,0.12044021951864388,0.5097258765999083,3.5686392754085734,1.5488392626204757,0.4574849088928925
1130,V4 | V18 | V23,0.6829717085855924,0.5591834627402978,0.7278454179212774,0.5715480397235716,0.5257021657574951,0.9177004085709024,0.052347333703502974,0.2572737784666653,0.006858952347584265,0.8883795411935607,0.08730158505641633,0.4142027132709665,3.745525118316101,1.0107795340061685,0.4574780827107052
1131,V4 | V7 | V22,0.6208515661858207,0.574098463871694,0.47792738264170176,0.7044809333480021,0.5651047152301792,0.9147143768183472,0.06672268650627632,0.4620056736351789,0.00761645566690143,0.9311950580793161,0.19169379592820995,0.5733422964241505,3.62274570795836,1.2393159073495412,0.4571854161748306
1132,V16 | V27 | V28,0.8020324256687354,0.5919522690962044,0.8518195380071755,0.4575932364206956,0.5507078874755824,0.910562087601923,0.015317949536724086,0.09900902548921169,0.0011418243345634783,0.5742323689651487,0.013642425038570388,0.3107937392920157,9.114949108761731,0.21302081234878587,0.457139367574069
1133,V10 | V20 | V21,0.751898406507028,0.6649889534081942,0.4735137507734168,0.5916333574301637,0.5685329633132801,0.9565960174685835,0.042086282122445064,0.2570354082187545,0.005698637299554521,0.7972564239472516,0.04757769963424371,0.5849248619344768,5.854602986221302,0.6241788026385596,0.45700243153101633
1134,V8 | V16 | V28,0.7690032332283924,0.5464240962441193,0.7902642285921784,0.5682380203363242,0.49071500905767396,0.9331093491178798,0.04351133725747595,0.026947849231589143,0.0012138811734407403,0.8466931250855655,0.029893397731355596,0.4908533385531575,4.190410115438998,0.7104605454432812,0.4569346375486
1135,V7 | V17 | V22,0.6497878413536112,0.5645417950004501,0.4913135552794252,0.7912356162986777,0.5162389715490181,0.9517484565901767,0.046644200145702974,0.2653926436648405,0.005810123111366266,0.8518884661188147,0.24350164674140637,0.6332330022206574,6.702343773165701,0.7166203654813806,0.4568904222971662
1136,V9 | V13 | V14,0.6298525771983234,0.5909500561009574,0.6809271663502064,0.6768633006678054,0.5511314200717282,0.622584921351443,0.04590190773537676,0.5499941638639777,0.13105759650872492,0.8615085489994664,0.14990153811648926,0.3518559380298957,2.896416062897389,0.85087472130658,0.4568340466205405
1137,V11 | V18 | V25,0.593203970400308,0.5123046254507784,0.8416228925081153,0.5201358586878925,0.45084120059817606,0.5099357917771616,0.07184285168044627,0.8186758148004343,0.3548628060969748,0.9381776315145407,0.3306138953903584,0.3180024124307467,1.2331788445049385,1.4032598605931306,0.45670788454033423
1138,V6 | V11 | V20,0.6650337341731772,0.6288326917768644,0.703310275070719,0.49407096319774957,0.512177522633258,0.87304020289934,0.07687220512044696,0.39783921437195907,0.01060221702463946,0.8756129657298432,0.04806723586384923,0.4120586799465777,2.1470599435391393,1.576829074757559,0.4566670960505626
1139,V2 | V6 | V9,0.6806069257693665,0.6691212571066348,0.5944612859107292,0.589530293831759,0.5564399021152899,0.83289924471158,0.08414286375210371,0.24964765843697392,0.025999668651496933,0.8235571070811324,0.0634504505078815,0.47311998990133863,2.4365456028959507,1.7414413476070292,0.45664685715922537
1140,V5 | V8 | V10,0.7486782474190985,0.6300429787563586,0.4747338893681139,0.7521898851112867,0.5266643860964252,0.9293073369703199,0.048154781613992614,0.11949561890588073,0.0065780199638439864,0.7265965530545878,0.06050413292689254,0.5680537401754332,6.044913868386758,0.8110094956138143,0.4565356985614362
1141,V7 | V16 | V22,0.6292898845819831,0.5381349304344243,0.6323522914121104,0.6902183897478669,0.4943826766607897,0.9250467938661313,0.03556225053724088,0.42512690337407,0.007433389276559087,0.8469757652018598,0.23117888806270354,0.6192387161047102,10.808647113483692,0.47258784416982824,0.4564917004643706
1142,V5 | V11 | V20,0.6961638094301459,0.6063346178180248,0.6567600434412466,0.5896650990352825,0.4894125444430539,0.9010365347368053,0.0267827897960697,0.3570445582769433,0.006208460706085914,0.9133196360258371,0.07475863795474237,0.4247407429604279,8.893151038751954,0.410505969786656,0.4564052204735848
1143,V4 | V7 | V25,0.6385365610652523,0.5877237428848747,0.4979796184861599,0.7013078218431023,0.5713401083209915,0.8903087204310742,0.0543179395850382,0.4438296298766513,0.00758165574403942,0.86551369846781,0.1526013637987842,0.5453174725889669,4.321466515823184,0.9563822087782788,0.45627558622791486
1144,V6 | V8 | V11,0.7053463226417097,0.6308346014310351,0.6929710741969259,0.6052561931824069,0.5337077534273954,0.8778444834530045,0.08238373951389177,0.14598907448242504,0.013032256551770077,0.5391424059340583,0.05582665761696956,0.45332667204588967,2.1897842655214306,1.6905985957777327,0.4560584913408774
1145,V7 | V8 | V18,0.7349043316509634,0.5954758768300885,0.5981951951459662,0.7143773343113669,0.4961364199325688,0.9362832148434246,0.06067597822428007,0.13365229334178078,0.004197582036943687,0.5644119331658047,0.07548838990420678,0.5806564980691739,3.9298098859454935,1.0800533543519157,0.4559619402470602
1146,V5 | V8 | V17,0.7600042545117921,0.6034326449084882,0.4877388128347989,0.797316339462817,0.4977628480152112,0.9083074554419172,0.0476757687762806,0.08156667212750479,0.005515792069353808,0.7728063776785313,0.06593035008638212,0.5457987751796534,5.523621708156489,0.8088171905869849,0.45596135823653866
1147,V6 | V10 | V20,0.6772355836935969,0.6505391430610281,0.5564879994682702,0.5913675390565223,0.5278991334924918,0.8981453748276133,0.08015947836918955,0.34292392362582796,0.009478440713277126,0.8350693876620832,0.03328114799519938,0.48681541570559167,2.250551749523928,1.6021205185638274,0.45569805757132675
1148,V4 | V7 | V24,0.5688591638800129,0.6062077262495111,0.5225462463345486,0.6993288360829369,0.5747231941780747,0.8890836033427724,0.06846963564103756,0.43217480934054986,0.00766979365541802,0.9370732628805825,0.15752972522003755,0.5658721200524361,3.0263934679086977,1.2625385635980888,0.4556629571799675
1149,V3 | V5 | V6,0.6760837290459966,0.6378844233341255,0.4330877587846233,0.7533374439713075,0.5246439219196793,0.8880594800755999,0.11737557290552979,0.27042336897468866,0.01241124914043137,0.6681742351424431,0.0821722572702284,0.5133583901421185,1.8161698425648565,2.546262280349377,0.4556454991097028
1150,V9 | V14 | V25,0.634127051745707,0.5842025935665294,0.6929360195967705,0.6790108045381447,0.554936306056045,0.6160162440733726,0.03827222830774442,0.5097757344725157,0.11540952140173497,0.9306537252944428,0.13523244338302123,0.3722938540345389,3.3990058080557906,0.6510303603152668,0.45563246937048085
1151,V14 | V23 | V27,0.7480695940729396,0.5783659128505019,0.6126437682242613,0.6125411014010599,0.5681247834381795,0.9253823056212475,0.02625973735907499,0.1847539083702614,0.00346518285520902,0.8746457593559845,0.019145592195279892,0.4767127062957083,7.7090128940607645,0.330481087632298,0.45562536099674766
1152,V7 | V17 | V24,0.5977954390478032,0.5966510573782672,0.5347148034534583,0.7869002209700013,0.5258574504969137,0.934550699426579,0.048104758527846424,0.2517628520966641,0.005845773025227446,0.8277314899620436,0.1948441546162897,0.6257214818311069,5.611718787662186,0.7426730256627058,0.4556204802147824
1153,V10 | V19 | V28,0.7416088207562108,0.584266431924995,0.7312653576189081,0.5465850470581445,0.5174674801917392,0.9215795000521911,0.046731682064856804,0.11370131598864844,0.00192959713502625,0.8286766476745625,0.05107273220912378,0.4460611913983234,3.406637260625059,0.8090856584896787,0.4554999366530642
1154,V11 | V18 | V26,0.5445686069928765,0.5134931792646352,0.8407492026356223,0.5136753330627662,0.4559057515929483,0.5152295425319189,0.07240542686956142,0.7821027432084635,0.5029527649011623,0.9202045833946048,0.32428101410500587,0.3242070255790575,1.2096322964965276,1.4076740449554963,0.4553711428265998
1155,V9 | V17 | V22,0.6003055723278565,0.5266158120526596,0.6464715497353153,0.6855198838347022,0.468698076827036,0.9235872258964462,0.06218741664642354,0.37038933761336373,0.03706059103002416,0.9358139300481716,0.25512800167510086,0.5491583209866444,2.88551440092209,1.0983820079681008,0.45526168354998164
1156,V4 | V11 | V24,0.5939310091134465,0.6491894053561527,0.7921811511712195,0.6262916091783108,0.6291612326981367,0.0747352754384857,0.03836682896191519,0.7037046163096361,0.5185187433235597,0.9826129680245465,0.2610148290586779,0.23095926098128236,2.393580825997308,0.7276030870579072,0.45523932871263695
1157,V2 | V9 | V19,0.6856663512017329,0.6008187925079832,0.5726407254351462,0.5595969760596351,0.5005938921108881,0.9255031295917386,0.08964459717695455,0.3292255502986192,0.037111431273886414,0.9358692792237552,0.11030500424909075,0.6376005624114516,2.993097104298652,1.768031793325084,0.4552071673559778
1158,V7 | V10 | V15,0.6166210200723532,0.5936530453716606,0.47465566016186944,0.7399525702406771,0.5467073330791232,0.9386193049495001,0.05630097762624963,0.41073309153864046,0.007013229754487218,0.7654288203016931,0.19255765898142518,0.6184975566654597,5.218303319881028,0.9645555103941994,0.45513826013688324
1159,V3 | V6 | V28,0.705580664534225,0.6072827392357822,0.6605715101885394,0.6391115956430921,0.5394523778503706,0.8952181533967352,0.08297868872694666,0.07605338790514315,0.0017798961383763408,0.6939641398321276,0.03877264595840594,0.4151119307070469,2.228111931415599,1.7488118451070234,0.4551297937008011
1160,V6 | V17 | V19,0.6923078171037077,0.6107558561343074,0.6123320221628317,0.6622831381655846,0.49652246437003794,0.7738820244703313,0.08254345993502876,0.30324896649590155,0.026592923105996483,0.9175751328901076,0.07556820905173518,0.4674537442853937,1.746629897964341,1.6302593461475172,0.4551040509128521
1161,V5 | V12 | V19,0.7075000881538894,0.6056934604713319,0.6479903307547253,0.7034539239716642,0.5066446165393571,0.663611536656808,0.05325904037431449,0.3574262641020834,0.015413023558214613,0.9380391212648588,0.08496275304399778,0.38450695985582717,2.757630650166507,1.0100169340796932,0.45479910339719337
1162,V3 | V9 | V25,0.5756958293249749,0.5215652676258467,0.5430202800304879,0.6814434269261465,0.469973895653292,0.933332647777488,0.10344647911097722,0.4843651362834446,0.10684048934677866,0.9339555077485817,0.2552552175252401,0.5709773746829508,1.7338381388677242,2.0968851381698466,0.4547899461105483
1163,V7 | V17 | V26,0.6188374728256115,0.5793556278274878,0.5090132175965784,0.7847777640824494,0.5275389156346026,0.9432305356603928,0.04842373905327951,0.25082624496513745,0.0058409221091718375,0.8611546509573956,0.18552814048645042,0.6461047042841684,5.929916961906804,0.7379610207166278,0.4546497723993764
1164,V5 | V8 | V16,0.7395062977401643,0.5770257803424623,0.6297216439674422,0.6976357445127672,0.4759065531269827,0.8929613353891576,0.03915543210350829,0.12094964331451459,0.007012590634502836,0.8763539944113367,0.06387469578086422,0.5234056853563454,6.801370747897893,0.6232222091351782,0.4546470300305891
1165,V2 | V6 | V7,0.7300891947951209,0.7070472400544254,0.41675753070498367,0.7148286039064848,0.6039807968372719,0.8808045584079276,0.09199024194986868,0.18568898716420654,0.00520507808478559,0.31084787164881966,0.06172998497949401,0.5158384022607531,2.388127486996385,1.9092486740266772,0.4545287644916349
1166,V12 | V20 | V28,0.7332507973247011,0.5882647294518388,0.7740298423595621,0.5640238721752349,0.5239282035112882,0.9199815881435823,0.026009590730735468,0.07322369358523416,0.0010411603774019423,0.7570104330064619,0.017543007687907064,0.4146752623336136,6.846410533722799,0.3730519261355981,0.4545044144045587
1167,V3 | V16 | V26,0.6046444800182174,0.5723507363644025,0.6838705321203421,0.7363342157433432,0.5419811577798999,0.6146195902913041,0.05578082991135103,0.4211082682100691,0.09800276183959714,0.9168865888097602,0.252909585856048,0.4087667851867126,2.1055610071564343,0.9988689333239034,0.4544133727669225
1168,V3 | V5 | V28,0.7367107397911935,0.5847846652769425,0.6092435636023606,0.7124827101352599,0.5166873996601665,0.9175798850534532,0.05936739463412926,0.06936432069794583,0.0012063067336323132,0.6437766424486112,0.06031726518579812,0.4146636837350114,3.6612822433343695,1.1985610137020881,0.4543766908043429
1169,V12 | V13 | V18,0.596519548259251,0.5315838837173636,0.7992852838277991,0.6362905393963622,0.46674351775140227,0.6930318427959589,0.06840835234681357,0.5514078720089097,0.15561539141333522,0.7852519903163317,0.14641214015053303,0.41491585990853536,1.59205545322703,1.2743852760824712,0.45433003200289784
1170,V6 | V8 | V17,0.7288741792548236,0.6259307188673281,0.5534721651285216,0.7360107956075335,0.5205278262054153,0.8863093517081018,0.08290527597744374,0.08909556985434261,0.009074287262643269,0.5477390777418647,0.042437268002760306,0.5118948416837594,2.1808334449739326,1.6454161389716218,0.45427722135615134
1171,V5 | V17 | V19,0.7234378923606765,0.5882577821754676,0.5549821361834456,0.7325824141196001,0.4737574861798338,0.8433526792818822,0.048100977712311366,0.27528454783654255,0.011101928911645282,0.835042367083848,0.12181109166790156,0.5148349230912108,4.4437155770743315,0.8210046912781443,0.45417245618814633
1172,V5 | V11 | V19,0.6999100357475627,0.5931616647391748,0.6940875896177723,0.6008102018628174,0.48693741340181407,0.6810411349855405,0.03444830967366039,0.5178724152114319,0.01695901278079377,0.9778460490560472,0.17198301722062695,0.4110665285177092,4.480404544080519,0.5525008916258811,0.4541678284533721
1173,V9 | V16 | V23,0.6926687671756209,0.5560602774817973,0.7537279359021201,0.5663032372759802,0.4922523237297581,0.9271521654017865,0.028048926731236195,0.23051260820808006,0.006679837466066991,0.8793079285830395,0.09624441876607517,0.4491702701277996,8.47261885033464,0.41622730364604305,0.45405261455618434
1174,V4 | V20 | V27,0.7342802956423259,0.6258860490708552,0.5792853598288716,0.49705110889376075,0.5760155693413228,0.9107590925070596,0.021708808091519767,0.4238649230124344,0.005570524606084294,0.8823695231190539,0.013302264074828492,0.36063316629405834,9.48290814419157,0.34148907677444623,0.4539505034367145
1175,V7 | V16 | V24,0.5772974822761751,0.5702441928122415,0.6647138867790071,0.6849179388734306,0.5040011556086852,0.8973848241319862,0.03851542086742807,0.39878957461754916,0.0074847720616681625,0.8688445200939815,0.18616255257348374,0.602521156451156,7.489759720380337,0.5369913104807474,0.45393638648753215
1176,V9 | V11 | V19,0.7246685549271474,0.6561230413824786,0.805571599187268,0.5670973478916624,0.563841293158906,0.013393956101161513,0.023763277586784676,0.8214735225284933,0.4048608464112472,0.9682873073459408,0.21905413325236772,0.07828230254025154,3.4983006933988907,0.5531321614518399,0.45375199387262466
1177,V4 | V9 | V23,0.6842304487794585,0.5920238109190671,0.6398832679198551,0.5844614822431845,0.5629743622991474,0.9108654671225227,0.04330087177846195,0.24584779412620456,0.006835443476934436,0.847096718587446,0.08450861978892947,0.4340162026805798,4.787776051788314,0.7814249528319602,0.4536543592130275
1178,V3 | V12 | V24,0.5881625988052503,0.6334887087770721,0.6710352425049629,0.8074060165171442,0.5950431178899624,0.4878823746006491,0.04881069405694052,0.34173046633477444,0.07908063297094023,0.9598686186351402,0.17000966029045134,0.2806276907691337,2.5432440468854773,0.9760987604710051,0.45352025917611277
1179,V6 | V8 | V10,0.7175481721621294,0.6525410527151986,0.5422151286329704,0.6847548105493638,0.5494293642866293,0.90005388027393,0.08373928241340152,0.1299649885224453,0.011471104253710588,0.4791863976266067,0.03889573538154687,0.5148708344391071,2.3371030354251747,1.6799783250389897,0.45350185672533166
1180,V6 | V17 | V20,0.6885615907862911,0.6239288092131575,0.5674062051681698,0.6524278866389687,0.4989975954112778,0.8752184780210558,0.07654899822665087,0.2244512389597912,0.007679573864875817,0.923733820667844,0.03640084877857813,0.4760557593904078,2.136653133196767,1.5029356277064752,0.4533528689641641
1181,V7 | V12 | V15,0.6120092229582603,0.5844783898196544,0.5937150411856456,0.760016178535462,0.5506929253574323,0.7749325443478757,0.06315221681726728,0.3376551115340132,0.0072683009576949365,0.8681808561399043,0.13947298072055467,0.4329203895894554,2.387842072151744,1.2032074321304072,0.45330358226278983
1182,V2 | V12 | V13,0.633330198986891,0.5900276450760695,0.6214876393684836,0.6908425162634898,0.542747246487081,0.8444178293519586,0.07349665833528127,0.2510973342224835,0.03215800960044626,0.7801493224604091,0.10914240887585755,0.47969901140746013,2.722308043234314,1.4659488165174792,0.45315677763457063
1183,V17 | V19 | V28,0.7529348278489051,0.5576560980771245,0.7387689985424111,0.6129503458390652,0.48856594211052506,0.8913798757782845,0.023788829882796934,0.07735977892328874,0.0016720707650777495,0.8786651039276395,0.055624970837179835,0.37546511681648326,6.740977452295039,0.3497719102731475,0.4530560244112181
1184,V2 | V13 | V16,0.6287700464220499,0.5461851022141793,0.6554137345284784,0.6026185790654393,0.48800382123932934,0.9192154439793981,0.09376695760852224,0.30273226601162134,0.03525273860060601,0.9241491463840348,0.15577452333173697,0.6142248814261209,2.708783320780918,1.8849866543112195,0.45297354549003427
1185,V3 | V11 | V13,0.6459754690367789,0.6092203922147069,0.6870976332229627,0.7254328234255913,0.5681479429110193,0.24330805846417825,0.0702652580881201,0.5443362248722496,0.1283321378542687,0.9230749067811004,0.6464770824552138,0.3020351731774122,1.262922212124285,1.3819538710818133,0.45283230032648253
1186,V9 | V17 | V25,0.6179905672072878,0.5402410910658405,0.6604802932304383,0.6822249764495458,0.4749334699178482,0.8768644173912183,0.049279519796097945,0.35730715321984025,0.03651841587541951,0.9253035463640622,0.19569477385358205,0.5072843048760791,3.398980636107388,0.8171698667254627,0.4528192772100305
1187,V7 | V8 | V9,0.7361630718448291,0.6283162250088578,0.4776747733686504,0.7241401628105549,0.5334086164742213,0.9388242058370833,0.06128031711758058,0.1282506626487989,0.004185735923137519,0.5934040702484052,0.07313867612378092,0.5662420100812242,4.129651596108748,1.1189035695191958,0.4524799181223155
1188,V7 | V16 | V26,0.5983395160539832,0.552948763261462,0.6454562136502568,0.6823193164868417,0.5056826207463742,0.9044963829230459,0.040224721519978725,0.39700570077341596,0.0074777750481783865,0.8550715069938545,0.17747359891939932,0.6102461371931246,7.337865898441431,0.5738826079258625,0.452437278748127
1189,V9 | V12 | V25,0.602052763000501,0.5576767693617047,0.7359441140087389,0.6499426204140148,0.5078206002773714,0.6792858841968479,0.061443803113155455,0.48057791068460903,0.12910592486124864,0.897347930392806,0.1274041529225294,0.4226274596989515,2.0817629957342563,1.1374461044736777,0.4524306189271307
1190,V10 | V18 | V24,0.5357284227354887,0.552495060099578,0.7523049850143697,0.6106028655807436,0.4699458973144931,0.7799631406073357,0.04794059464332727,0.6342635468844761,0.10528506351732256,0.9140581827378317,0.18729749915773108,0.4729143634186948,3.239287479371818,0.8063469462565739,0.45242138470932824
1191,V2 | V8 | V18,0.7209739731589826,0.5831533070622346,0.6218081496723006,0.6372031229379121,0.487327057404613,0.9331607902540439,0.049183780304667246,0.09981398909393949,0.010456040995014623,0.9342357815221028,0.06236052757529539,0.5814729028192113,6.148236993493027,0.8277928401785992,0.45222451122375495
1192,V2 | V7 | V19,0.7351486202274876,0.6387447754557736,0.3843191652199653,0.6916260484403949,0.5481347868328703,0.9428741525233206,0.08403640870051277,0.23912602023378535,0.0058122816056861955,0.6459650355416379,0.10695944177497994,0.6526503366485138,3.80563852760639,1.6418996531756904,0.45221675038678005
1193,V4 | V7 | V26,0.5899011976578213,0.5889122966987316,0.49613786355360484,0.6968035008866176,0.5764046593157638,0.8908762564925985,0.07050042443287834,0.43016098258063745,0.0076625297712023975,0.8873148963928247,0.15075905304932494,0.5757793532954144,2.95755205517636,1.3038682715388064,0.45214836987266394
1194,V8 | V12 | V19,0.717995800480403,0.5750639325645405,0.6273236592827073,0.6835155736709416,0.49756894656053674,0.8651429708084822,0.052028213874673046,0.14186627842634747,0.014425743339347768,0.8723481162240049,0.05182634522414908,0.4974525522384902,3.813122678725001,0.9217589051825535,0.45200226938648536
1195,V16 | V18 | V23,0.6914100269817545,0.5232199293030281,0.8238396768920605,0.552910716652118,0.4549801271881056,0.9245981738334637,0.025183049587413842,0.24102288937171076,0.00670255176208389,0.8571490728050027,0.09953591584190652,0.45790784457955214,10.077222627815642,0.34437877301763686,0.45199025745812715
1196,V2 | V17 | V25,0.6535424777410619,0.565844504245777,0.5391920826884707,0.7226555747324194,0.5136650021118745,0.9192513666273346,0.06745770351903822,0.1889150367771803,0.01845841029736444,0.9278605295803038,0.14592446069415071,0.637137430038764,3.9769129512888606,1.2110228423634937,0.45166119945307204
1197,V2 | V11 | V15,0.5904888120599529,0.5596240243196434,0.666631371393573,0.5842689506843993,0.5221763596919335,0.8951043241842451,0.07448925509209912,0.3291664150300716,0.038496256031790264,0.9316603012460167,0.2518922962493473,0.596706083511491,3.119015335898746,1.401970698430716,0.45139473479225256
1198,V4 | V6 | V19,0.6633715419359174,0.6203125250055511,0.6020684872503953,0.5472151412945986,0.5453882080511989,0.719527535822489,0.07646218574309846,0.5503630218231687,0.07985761661168637,0.9007006195504493,0.06466003736543931,0.3912800084848544,2.113929673513566,1.5830099326422924,0.45108715689323986
1199,V3 | V19 | V21,0.7246759020348256,0.6065298430414799,0.3802418483409168,0.6617014591063951,0.5321967199262698,0.9419458038772842,0.06789981424597244,0.29533711289915504,0.014911081492860455,0.9540766206236801,0.13343799533110512,0.46706213160566024,3.196980633353005,1.355854394815548,0.4510828899382948
1200,V2 | V13 | V17,0.649268003193678,0.5725919667802053,0.5223474680557146,0.7206862149432486,0.5098601161275578,0.9174703331501094,0.06543460108898337,0.19874158925012245,0.018897233895512473,0.9651122215021485,0.16236892316948168,0.594473953003294,4.388401730029414,1.2136834054153596,0.4510613949501404
1201,V9 | V14 | V22,0.6164420568662757,0.5705773145533484,0.6798922943041149,0.682326680031399,0.5487009129652328,0.5837882833392414,0.041977499916830294,0.5324150520999489,0.12053942250827437,0.9705158779607814,0.1675185413452957,0.35068229593079875,2.882644922463941,0.7437763488016896,0.45096288224777215
1202,V5 | V10 | V20,0.708365658950566,0.6280410691021882,0.4912146193856469,0.6714647474177835,0.5051341553022877,0.9303482636992922,0.04154130318694865,0.30985132669807947,0.005704605955416574,0.755113909272497,0.05209566730458339,0.5326067538692411,6.534341225448109,0.6747494494247805,0.45092880593422646
1203,V3 | V27 | V28,0.7802356445580501,0.5996833102222363,0.679167870636973,0.6086187751329604,0.5676046080992546,0.9186579553199313,0.028971259041530827,0.08390180066290202,0.0010955944162345421,0.352721055690189,0.018125157924531753,0.2945985176190975,5.383792816655228,0.544952441459119,0.4509020868383378
1204,V14 | V23 | V28,0.7340416247943117,0.532865583806865,0.7227117794213477,0.5914302331282292,0.5320160309297827,0.9383303003475021,0.030659084513798375,0.03976690352757662,0.0006284252181163809,0.918345209303523,0.02939762029172122,0.4808238974983536,6.004837736121286,0.4187898427268352,0.450824792071653
1205,V2 | V10 | V13,0.6379419961009841,0.5992023006280758,0.5102946128562699,0.6677654032238292,0.5387616542087718,0.9198842868218836,0.07702252758017021,0.2984886459364523,0.029066760532245398,0.8030843608893452,0.14534085590082896,0.6152311728054561,3.9194827292853414,1.4922525110937936,0.4507877960634164
1206,V7 | V15 | V17,0.6279470271650474,0.5670427115237903,0.48766275773483025,0.7861367312073825,0.5178057949979091,0.9357084460092092,0.046827236023234665,0.26147302640242165,0.005851179726486614,0.8195682307876005,0.21913921075755527,0.5906378008460073,6.160039709795337,0.7543895402716141,0.4507561901580924
1207,V2 | V12 | V24,0.5679272763490355,0.6017641659062776,0.6534974799143701,0.6909193637125782,0.5499352183284809,0.8230567101158343,0.06509149937100356,0.23313104362386083,0.032035989870997,0.9489580085807727,0.10232119408086437,0.5088534216673419,3.0586287204909266,1.229112703743697,0.4507559042725505
1208,V6 | V14 | V23,0.6734146140491143,0.5859653418640478,0.5910953152766404,0.6428049415036045,0.5399725531892955,0.8915562391928252,0.08339478519496192,0.16825387002903458,0.005756448064451731,0.8918943505862095,0.04046658978163459,0.5068294804169238,2.050726307193403,1.6504654344835168,0.45064277870229924
1209,V8 | V12 | V20,0.7142495741629862,0.5882368856433905,0.5839037097364557,0.6740698915788071,0.5000440776017766,0.9293010918608005,0.04605402360671832,0.10823234841144817,0.0056744848973048325,0.9000772654506118,0.024157480446292866,0.5211341025337218,4.601884413116981,0.7638928011975377,0.4506110742334086
1210,V16 | V20 | V27,0.7427186140384883,0.5899225156335854,0.7070751259676775,0.4753870424148424,0.5052935307719334,0.9061938468003174,0.024553920499371103,0.3914237458589802,0.005454732014234612,0.7317846083865495,0.015962360183085327,0.4264172733169002,7.442261530338116,0.33048165007823577,0.4504603113662689
1211,V2 | V10 | V25,0.6422164706483681,0.5924548380936476,0.5275767499546695,0.6699518602008981,0.5425665401930886,0.9229743043659944,0.07671689063131902,0.2820425303569604,0.028115477733817017,0.741587533159481,0.13129769698174,0.651478273533998,3.706704670855358,1.4384544977415428,0.45039782634629555
1212,V7 | V15 | V16,0.6074490703934196,0.5406358469577642,0.6296657336459862,0.6839834450327695,0.4959495001096807,0.8941166721081562,0.03973085558378357,0.41747968463937424,0.007492572719349471,0.8503885916296888,0.20871599232189883,0.5593926324066146,7.090775824366079,0.6075624327476341,0.45036578047450765
1213,V3 | V7 | V13,0.6209036238033458,0.5662387131080653,0.3127607621893326,0.7862014429364234,0.5137099043909574,0.9611470718292598,0.1132312624485352,0.3545598774438455,0.007130041409703281,0.9240190721359677,0.2815720528976698,0.6096353118373454,2.470966901901155,2.4035957165702873,0.45028255522340954
1214,V9 | V14 | V24,0.5644496545604677,0.6026865769311656,0.7091842464418419,0.6769423048282823,0.5583193919131283,0.589315740880351,0.04299101107864456,0.49534418898539034,0.12924878021087935,0.9594678843655019,0.1393591427774969,0.36791083854512696,2.74419531062085,0.7447511745486383,0.45015049383989386
1215,V3 | V11 | V24,0.5805725463989235,0.6209569130449151,0.7149904958834448,0.7255045839642469,0.5753359147524194,0.3138599351940054,0.06212750556528499,0.49055057119012524,0.12659601626892156,0.9535049577002876,0.5360473458948,0.2619312330587969,1.5926623847333585,1.2556323601083024,0.45011179280895486
1216,V2 | V12 | V22,0.6199196786548433,0.5696549035284604,0.6203103179079007,0.6961575231785418,0.5403167393805856,0.8332658908596479,0.06395583118660539,0.24545641869505305,0.03141197389137428,0.9020655613070218,0.12023209843729608,0.5089794212914958,3.300392063751242,1.2117694359215923,0.45001124687166516
1217,V8 | V9 | V18,0.6854220626252086,0.5575498938822979,0.7252728063916852,0.588951876785603,0.4485955252105867,0.9139107123815607,0.051790721993388286,0.17709615046114843,0.015565221674841385,0.9351910871352342,0.07764559022056704,0.5159360609195051,4.019632226024419,0.9053257710714658,0.4499015890315412
1218,V3 | V11 | V15,0.6107241345161676,0.591348567190438,0.6836859905084216,0.7246423147306309,0.5672842592534149,0.2949024532897485,0.0755410076252552,0.5163827964519659,0.12796153868214985,0.8849584177703189,0.6936476663727945,0.30973857383965375,1.202395469586385,1.5064368674509934,0.44970040850549126
1219,V4 | V5 | V8,0.7310679793440019,0.612989313779732,0.4742470016959001,0.7116932097280227,0.5466285916963722,0.8841264706291838,0.03603448524415393,0.12836550257090565,0.00718004269945259,0.9317008339160335,0.05652448335486711,0.46442833704149517,7.9922191741566255,0.6137938055441808,0.4496347296883296
1220,V14 | V21 | V23,0.7480774368625454,0.600415152211214,0.5146427433411073,0.6430450250739381,0.5806063830100837,0.9533267450930462,0.029472153004628892,0.1312876922807701,0.003787853915352595,0.7114111165675455,0.05743886384805336,0.565419110511724,9.776339398216685,0.351685820699878,0.44963413418638304
1221,V2 | V8 | V9,0.7222327133528486,0.6159936552410037,0.5081072629733705,0.6485598694191823,0.5245992539462655,0.9385275844747739,0.05164060395011601,0.09567943499254025,0.010410501174442017,0.9322242788063431,0.06045922903087425,0.5721515148016474,6.007854003550363,0.9015242182085095,0.4493985395781976
1222,V7 | V18 | V20,0.694591743182431,0.5934739671759178,0.6108596460426545,0.6268003332558035,0.4746061891384314,0.9218861994530455,0.029884324882166472,0.3550801516708867,0.003716876241952581,0.7226508401745517,0.06483986212200299,0.5036614934665494,8.735766643760215,0.4148012447092622,0.4493824606995806
1223,V2 | V12 | V26,0.5889693101268436,0.5844687363554981,0.6337556995944617,0.6883515174120686,0.5516166834661699,0.8333867535580728,0.06658160447017245,0.23228253145967356,0.03195005055980779,0.9230144903575411,0.09859099917963558,0.5309694872766229,3.0676176115477714,1.248306577017128,0.4493125177534674
1224,V3 | V18 | V23,0.6696132458710697,0.5309509704290601,0.6379100295170222,0.6809700270484484,0.4718768478117778,0.9422106394662842,0.06939625913356795,0.2034230397568002,0.006393561067425898,0.7590388079322726,0.12469738823646404,0.45574324593456994,2.973586098694474,1.394716858147028,0.4493070350241984
1225,V14 | V19 | V20,0.7097575007570767,0.5995878471151945,0.5855825300408677,0.6224995163931599,0.523154421545073,0.8591416155547782,0.02965064789337025,0.40370619510725525,0.01140660210886139,0.7032896262626304,0.04687343379504859,0.4225517997652645,6.181188855730818,0.4529794744859026,0.44930068311539956
1226,V2 | V18 | V19,0.684407611007867,0.5679784443292138,0.6729982321000232,0.5460230008851801,0.4633216955692357,0.8496709359006217,0.06312174993334707,0.3463239607822802,0.03755233118992269,0.9904840842129486,0.11424895219508237,0.5676342634274965,3.661565059757456,1.1483129796245255,0.4492484465958043
1227,V1 | V17 | V23,0.6409274718266262,0.5370101731473553,0.4747425741484439,0.7704321552156835,0.47118053077084904,0.94910768939825,0.1744928237384096,0.10575703753021892,0.004897588584424774,0.8041745623673218,0.10528167882018968,0.570124879914372,1.1824289798059158,3.9489644104318655,0.4491099822101945
1228,V6 | V16 | V19,0.6718098603320798,0.5843489915682815,0.7244494510075398,0.5276397971712083,0.4746661694818095,0.6959629245461166,0.07613654305008025,0.5021894407625949,0.06879051501334864,0.9474115705478888,0.07317252278956639,0.41685681915563566,1.822445104340875,1.5153592767953528,0.44909915147855173
1229,V2 | V17 | V26,0.6049071143336304,0.5670330580596339,0.5375079718418946,0.7183384864594321,0.5187295531066468,0.9366704398058023,0.07705529610554292,0.18459632504244355,0.01881833879268174,0.9678802234237396,0.14419874346316958,0.6668349039873369,3.8224418607566446,1.4374548195879453,0.4490382216068295
1230,V3 | V7 | V24,0.5555007011654898,0.5779752339382735,0.37332021900173123,0.7862650684324282,0.5208978762323575,0.9596934431116992,0.11518135934484212,0.32601338299432786,0.007120871727671438,0.9316817207860544,0.25395168898375453,0.6392254017396116,2.3545219642115987,2.417354365579272,0.44889666263436667
1231,V9 | V12 | V22,0.5843677681210697,0.5440514903485238,0.7240762152500627,0.653454269757144,0.5015852071865592,0.671196634086586,0.062055858390532015,0.5011787047450348,0.13553160746123444,0.90555973187866,0.1568680951466868,0.4050548429637316,2.0325689554761794,1.166499144805182,0.4486594860583582
1232,V3 | V19 | V27,0.7246680592452198,0.5844806036807675,0.5071697645006137,0.6323366527576939,0.5197151203543657,0.8595554986539446,0.033805311796314824,0.4550438965768972,0.012562117012697356,0.8591858422750926,0.045710989887887375,0.2860128575549159,4.655186758940584,0.6656032520767964,0.4485891412427043
1233,V4 | V20 | V21,0.7342881384319319,0.6479352884315676,0.4730255733211939,0.535104096464589,0.588497168913227,0.9422338546518134,0.030762204602848762,0.27852336979583464,0.006184112029637099,0.8688189967604731,0.044432743648667394,0.4398618867688768,7.689920045636451,0.4902555788906496,0.44838589747921814
1234,V2 | V17 | V22,0.6358574828616304,0.5522192252325961,0.5208875328801508,0.7256977461448331,0.5074296090210623,0.9296998565058198,0.06914158396226697,0.1945203803470056,0.018612489700381648,0.945561761448562,0.1823100741366198,0.6396468593949194,4.2342013296897285,1.2644567131217415,0.4483332283360433
1235,V6 | V8 | V16,0.7083762224831955,0.5995238543013022,0.6789361970370926,0.6219030857031302,0.4986715313171868,0.872001862010262,0.08227835221910113,0.13154175897410117,0.012545197183778865,0.5416614606632778,0.0411029996928247,0.4857807014837018,2.1543818967921573,1.6517429469267204,0.448332083043109
1236,V9 | V13 | V17,0.6137160926599041,0.5469885536002688,0.64758405987477,0.6800911256004509,0.47112858393353146,0.8143350736165772,0.060054840278616066,0.3803995562291146,0.03808131292513472,0.89394930941821,0.22187548319710337,0.4476536628698223,2.279681638354136,1.094003384140232,0.44829277431272313
1237,V17 | V20 | V28,0.7491886015314885,0.5708290511559745,0.7050156163728261,0.6020728352058978,0.49104107315176493,0.9351980978281007,0.029755102827020097,0.05701964103754141,0.0008495556099957829,0.7062251014616276,0.026211796815243396,0.5056068901585166,6.7218185046563885,0.38253153853974037,0.448260023208561
1238,V3 | V7 | V22,0.6074931034712978,0.5458659715604562,0.31045941904178914,0.7906058963134136,0.511279397284462,0.96756627046072,0.11978436993249408,0.34552047221509985,0.007073228460184085,0.9193587925892461,0.3320815743199287,0.6441751675786226,2.372538752608461,2.5399236992344316,0.4482083180439474
1239,V9 | V17 | V26,0.5693552037998567,0.5414296448796972,0.6591859866178578,0.6775463922782179,0.47999802091262045,0.88525131956585,0.05988296049905979,0.347387808507065,0.037796021801249434,0.9184962187754168,0.19300927175941698,0.5427552539091105,2.3848690715312317,1.003674844899565,0.448156894301825
1240,V2 | V10 | V24,0.5725390734631287,0.6109388214582838,0.5506546789572644,0.6678458434136573,0.5459496260501718,0.9200746879102014,0.0786122528842993,0.2759627907016764,0.028965616489953574,0.8104145643208263,0.1352528773554343,0.6529511931901637,3.7763061176680397,1.4919298856949428,0.44807241564124384
1241,V2 | V5 | V7,0.7612192700520899,0.6845491660955855,0.3259965513118303,0.7786010110943574,0.581215818647068,0.9462703351904692,0.08647537344564253,0.17046841808983643,0.003470636952742511,0.0,0.09727789495512765,0.6474312219830335,3.965757637545524,1.7205523397954219,0.4480411250460276
1242,V9 | V12 | V24,0.5323753658152616,0.576160752726341,0.7507693752581487,0.6477513022602283,0.5112036861344547,0.6716321472767213,0.06347330474165258,0.467411546165693,0.1465921939216947,0.9160465936171952,0.13119326822741592,0.4201014890217555,1.9116009056550058,1.1765299555656297,0.4480154262635424
1243,V7 | V21 | V27,0.7879664926620497,0.6478309055236449,0.3778056174532867,0.5949961096878514,0.5798964231460301,0.9494807112031828,0.020745957095469964,0.23807085130595426,0.002466920662711493,0.8851510800282916,0.029963169266879804,0.5550243138743072,19.098647269259843,0.16639557985703515,0.4480149429360948
1244,V5 | V17 | V20,0.7196916660432598,0.6014307352543178,0.5037694190507949,0.7240187395641722,0.4762326172210736,0.9137059917390222,0.033633529569516374,0.20543090909465478,0.004830711958416275,0.821435486786944,0.05673882979291778,0.501935601876903,7.8152387143809365,0.5083698835567089,0.4479913282842988
1245,V1 | V16 | V23,0.6204295150549982,0.5106033085813294,0.6202033119973305,0.6646901168282702,0.4493242358826206,0.9443941775440176,0.17719081366873177,0.15547079456258106,0.006148199682541812,0.8145492299423585,0.10167766912360444,0.555057665694889,1.1166185455947206,4.023595081454092,0.447972311117108
1246,V9 | V18 | V28,0.7044232857869231,0.5575777376907463,0.8723313708218585,0.4558136894423819,0.47247965112009827,0.9053414941083932,0.03316363111980833,0.12166710757807206,0.0020527034757707287,0.886901716866494,0.059925584204059815,0.27633349252738254,3.9533237422922425,0.6326720557101644,0.44786950267663755
1247,V7 | V9 | V20,0.6958504833762968,0.6263143153546871,0.49405263997678706,0.6383907476531745,0.5118783856800839,0.9300020845344706,0.036811306596618305,0.33736469474969866,0.0037067153852194733,0.7741554503780934,0.06285744802921116,0.5056657685049267,6.980915130181785,0.5797165531248021,0.4477960012845705
1248,V2 | V16 | V25,0.6330445209694335,0.5394376396797512,0.6680959513944134,0.6051053441321833,0.49180870722364606,0.8931537473970804,0.07903993566072168,0.2859683871595761,0.03389742402145108,0.8636879607392178,0.14028079108560854,0.6202192591469623,2.907020999313274,1.489779456745925,0.44773658668886307
1249,V3 | V11 | V25,0.6502499435841631,0.6024729296802788,0.6989490054913519,0.7273837958404477,0.5719528288953362,0.2425561989689902,0.06607824999061344,0.5047607764227776,0.11328101695958431,0.9272197924677118,0.49925909812713765,0.3084977467575996,1.3076438456424682,1.2695095480302447,0.4476525961322192
1250,V5 | V14 | V23,0.7045446893060833,0.5634672679052081,0.5308604087816827,0.7156782096387365,0.5172075749990915,0.9349891771621313,0.033008312630813844,0.15461081046044747,0.003791312342535811,0.8715234974591434,0.06289904952448985,0.5431320917270651,10.031171163498442,0.4728567790911376,0.4476045133619902
1251,V9 | V14 | V15,0.5946012426777121,0.5730782310766884,0.6774694247698795,0.6759929217337831,0.5502677364141237,0.5815702181720591,0.046049959870505086,0.5215825239105267,0.13067139544764772,0.95956532478401,0.1537194583961376,0.3283557451930848,2.7764358174298063,0.8702713983608569,0.4474497474757974
1252,V3 | V7 | V25,0.6251780983507293,0.5594912505736372,0.33901802128297065,0.7879316103187232,0.5175147903752741,0.9512788619287255,0.0985642708912017,0.33368037131833933,0.007042128889011,0.8773476691448344,0.24361947494238118,0.6095522614395583,2.6426591747156487,2.016006939478988,0.44743088670693104
1253,V16 | V20 | V21,0.7427264568280942,0.6119717549942977,0.6288499202954316,0.5150440774553622,0.5177751303438375,0.9357199582245012,0.03126115962003081,0.2605019939735109,0.006049728453163269,0.6844527562725957,0.050222119339576175,0.5171203260105686,7.145538380874635,0.41895653275516304,0.4474188789200498
1254,V2 | V17 | V24,0.5838650805558223,0.5843284876104133,0.561710129614064,0.720758653076039,0.5170480879689577,0.9109290521896762,0.06647661419338646,0.18523831287098175,0.018850986761481465,0.9490308338490394,0.15053604293921494,0.630825082110172,4.21818459735418,1.1997853403629233,0.44737662536503164
1255,V3 | V9 | V13,0.5714213547775909,0.5283127301602748,0.5263173794499572,0.6793062642697176,0.46616900966897523,0.8601459093520489,0.08414818692378273,0.5213821335662944,0.12016435610024731,0.9340125064219567,0.2964373562292403,0.5032545077596413,1.8774007086533713,1.6549064558423976,0.44736411422595224
1256,V9 | V14 | V26,0.5854916883382757,0.5853911473803861,0.6917297340542347,0.6743022092892716,0.5600008570508174,0.5733024598880112,0.04661308502286293,0.49285727829376946,0.12799650366583376,0.9531496445932843,0.13368555986362685,0.3768196077493163,2.523918928814506,0.8182381679267979,0.4472934918082785
1257,V8 | V11 | V19,0.7104057480740761,0.5625321368323833,0.6754259686631182,0.5762674652043343,0.47786174342299376,0.8918628322437778,0.04336186439371834,0.18616195674356326,0.01579757594752098,0.9248468919954833,0.09576921925481077,0.4850619241293563,4.558170842737299,0.7249104642614348,0.44721225922460506
1258,V3 | V9 | V23,0.6708719860649357,0.5637913186078294,0.5286095149761211,0.6913936625168913,0.5091490443534302,0.9476105251587945,0.0679694521936857,0.1948885652536746,0.006372376508632917,0.8001274179167343,0.12025519849092414,0.4548575890505907,3.3374532032453397,1.3776805423131813,0.4471601467040754
1259,V2 | V10 | V22,0.6245314757689368,0.5788295590804666,0.508795979844793,0.6733275513993475,0.5363311471022764,0.933744880990556,0.08004219627869034,0.29138840832370855,0.028447353685366175,0.7450088957709754,0.1621465867966588,0.6570334220158305,3.9040214587231903,1.5324197760306686,0.44697654439552986
1260,V3 | V8 | V21,0.7612422641859412,0.6217047057745004,0.2784095242502733,0.7355081668798347,0.5562020817616471,0.9675782721556511,0.09763356895988971,0.08701362998265369,0.006674839769532603,0.7699301558919255,0.07123275636266566,0.5808395838257305,2.5686649917709308,2.0135658901035653,0.44678847680668565
1261,V3 | V7 | V23,0.7203542550906902,0.60171730155562,0.31639652668997875,0.7960052263826642,0.5566899390754124,0.9623984141608763,0.07042037134427333,0.14672404786978563,0.002388236597553317,0.6695877958167563,0.11649708629031781,0.5388967083542207,3.8398359316037225,1.3846237471274363,0.44670046180696343
1262,V4 | V6 | V20,0.6596253156185008,0.6334854780844013,0.5560801979459974,0.5348067855146063,0.5478633390924388,0.8596867148751206,0.07474588392139289,0.3752649721486007,0.010561729628442047,0.8901570504094628,0.030948159023060064,0.4108181752823406,2.5074404273632354,1.5525475899950574,0.44593053378902975
1263,V3 | V13 | V16,0.649005368878265,0.577909645084974,0.6728801779102229,0.7385999434586468,0.5331117208008107,0.41732329135210733,0.0510538290291678,0.4654598543397247,0.09980704750569509,0.9604306954980089,0.29876372292333075,0.30229692445481665,2.1257653233559584,0.9781015386084606,0.44591063433950345
1264,V8 | V10 | V19,0.7226075975944963,0.5842385881165469,0.5177080871581661,0.6600932720463821,0.49358335428222766,0.9257698694444575,0.056893682348883035,0.16538773307058527,0.0136619278654387,0.8431075500735459,0.06596868766313514,0.5758684816947803,4.0080699948241305,0.9845373168958672,0.4458502593380191
1265,V7 | V21 | V28,0.7739385233834218,0.602330576480008,0.5486597290938651,0.5731225465087811,0.5437876706376332,0.9552847960676758,0.022464160632182675,0.054526903214137855,0.00034641270155257346,0.8832003484238731,0.04375120493164579,0.5466482623404123,15.643814924742953,0.21144948548315481,0.44580536502343565
1266,V10 | V20 | V28,0.7378625944387943,0.5974393850038451,0.6969375292286739,0.534161008145662,0.5199426112329789,0.9451447027703772,0.04329849807232559,0.08623428978182839,0.0010094437807870813,0.5926757030198619,0.023745340393800836,0.5391435114203512,4.572480585387915,0.6695573469625203,0.44567581438998205
1267,V2 | V3 | V23,0.7064238965987094,0.5893947317877659,0.35898841102250456,0.7311247367596703,0.5478805765474565,0.9604958171035641,0.11263093287440347,0.10973296418815168,0.004959923855587586,0.7466097379308706,0.09445366129460492,0.5870782682575335,2.4758691731795106,2.4101356172952717,0.44548098874205216
1268,V4 | V6 | V8,0.699937904087033,0.6354873877385717,0.5417945107258212,0.638198532101614,0.5693935698865763,0.870407806290044,0.07994334079937784,0.13959525057681219,0.012975123209808993,0.5625293349225705,0.03625788724606086,0.4385373866946172,2.525921013578226,1.6685118175302185,0.4454385296286269
1269,V12 | V23 | V27,0.7159953053277334,0.5518400886456774,0.6633911390654851,0.5792462388677665,0.5210090776595059,0.9205087322989952,0.024813373206718798,0.1774185467962796,0.0034948176718755716,0.8726369252727075,0.01794320882561836,0.4330882816326613,8.692487513500598,0.3461875859888987,0.44511670604653897
1270,V11 | V19 | V28,0.7294069712357909,0.5625599806408318,0.8366304134727947,0.4392397049905223,0.5017458693325053,0.8721810379937819,0.01260042007384879,0.12776219663395139,0.0020663874875954465,0.9395100668220218,0.0732556773537081,0.2166612856860324,9.084251209238689,0.23250767632564542,0.4450455030454238
1271,V3 | V7 | V26,0.5765427349432981,0.560679804387494,0.3364166915945448,0.7841399348844477,0.5225793413700465,0.9620896972097767,0.11698096444535011,0.3246826184506765,0.007114385033623571,0.9149544695733047,0.23981258928301555,0.6518212141718531,2.3404790862526212,2.4527379427249945,0.44501569848202527
1272,V3 | V8 | V28,0.7472064521177075,0.5541551373701513,0.5867217608497437,0.6929045880136073,0.5076117296813462,0.9366361411616553,0.05582268264402405,0.01958103281240472,0.0011657118684817204,0.6417506398825997,0.036895354224644336,0.43778430656993295,3.6318793028722416,1.0771043176797896,0.44494873644533345
1273,V5 | V10 | V18,0.7616823140783034,0.6907935351276849,0.7469192838108111,0.736384070290045,0.575371739290685,0.1359769791356473,0.028950423291499515,0.4247368467395293,0.014499839347510247,0.8171210598695576,0.1253863732241872,0.15121720630330254,3.433771331930767,0.6188688008410009,0.44486286612673204
1274,V6 | V16 | V20,0.668063634014663,0.5975219446471315,0.6895910332529329,0.5147347156384257,0.4771413005230493,0.8563340127127064,0.07542800320127316,0.3480886014189316,0.010255523040984423,0.7960221734745373,0.035227186419937474,0.4459249044794423,2.123228827125022,1.501028615839226,0.4447101626055798
1275,V14 | V18 | V25,0.6328683115518412,0.55136224538776,0.7721172201133009,0.6683256721871509,0.5176641095143926,0.48528389761998486,0.023468659538690397,0.5432645015490815,0.11943111825803136,0.9478868657256532,0.14048199978468348,0.32591079805156814,5.370647917182707,0.3627799369692492,0.44460735418452785
1276,V3 | V15 | V16,0.6137540343576537,0.560037820060705,0.6693613774756182,0.7378297943317703,0.5322480371432062,0.5134777013891156,0.04798113720321832,0.44352069154429224,0.09958048142478164,0.912067753701999,0.3103439485091557,0.35608381276232887,2.7560762512749872,0.8939400577313142,0.4446031357926235
1277,V9 | V12 | V26,0.5534173995930698,0.5588653231755616,0.7348453040624968,0.6449536731625275,0.5128851512721436,0.6601010233400696,0.0629205441404802,0.46513995334928704,0.14498997577209063,0.8868724876812469,0.12598205188193096,0.43811244372605,1.901758572629051,1.1422319451219973,0.4445749388345485
1278,V2 | V12 | V15,0.5980788644662798,0.5721558200518005,0.6175525167087914,0.6899959192844031,0.5418835628294765,0.8182034206535638,0.06473621681911593,0.24191621640073974,0.032132163656470224,0.8715962334509388,0.11157809788480134,0.4708592323412493,3.128734692899581,1.2615709563418507,0.44450655851255694
1279,V14 | V18 | V24,0.5631909143666015,0.5698462287523962,0.785841166939878,0.6662128488046098,0.5210471953714758,0.5329021478541229,0.03268699589217315,0.527312083504827,0.13429182336835252,0.9240598347827708,0.14484332677249384,0.3116994630357479,3.5064479577660395,0.564246951866295,0.44442507303137907
1280,V2 | V10 | V26,0.5935811072409367,0.5936433919075044,0.5258496294184487,0.6651576357244193,0.5476310911878609,0.9168063349643117,0.07780582410284914,0.2749052836898602,0.02889434148736243,0.7766277667281097,0.129814183652148,0.6586104951184238,3.753569018867024,1.463207325291513,0.4443827954823429
1281,V8 | V17 | V19,0.7339336046871897,0.5576282542686763,0.5295713017706986,0.7137825915015086,0.46468181620101356,0.9026540109114876,0.05198280867810146,0.11389969227474243,0.010528865623184926,0.8767118079666741,0.07193810700393244,0.5457443371163974,3.968761782087352,0.8787328916950714,0.4442942345754527
1282,V4 | V5 | V20,0.6907553908754696,0.6109874041255613,0.4907448227206581,0.62360634308215,0.5250983609022347,0.8938773299564995,0.029722919580255122,0.33773529261907276,0.006190826992312214,0.9319629155853588,0.048669766386336834,0.4193295615251648,8.617233813116389,0.4934515864784186,0.444194127484654
1283,V13 | V14 | V18,0.6285938370044575,0.5581097079221882,0.7620227614959494,0.666132148069007,0.5138592235300758,0.45827644710544463,0.03340552893892484,0.5879180591166698,0.136243005795647,0.8962141101438957,0.156009102912237,0.2802665224173121,3.5564533286046087,0.6177724296337316,0.4441612876336882
1284,V5 | V16 | V20,0.6991937092716317,0.5750238706882916,0.6415603866991704,0.6068251614876946,0.45437632233284525,0.8890156275228728,0.027911006652676405,0.3143217855141037,0.006056232429105274,0.8033490734050293,0.05498361237206931,0.45657796408165013,9.025759848916206,0.41087083388181384,0.44404975460906715
1285,V17 | V18 | V25,0.616731827013422,0.5074007428870714,0.7449330451704467,0.6716083502977787,0.4376612733761957,0.7833468340409386,0.04303382217669172,0.3765825186522777,0.0369460771723832,0.8645191503557074,0.20491377437666858,0.4644305175296431,3.1192538251889315,0.6737203685002235,0.4439781137055708
1286,V4 | V7 | V15,0.5990107519972572,0.5765993803950341,0.4741686898977752,0.6984206549527106,0.56667153867907,0.8273452544935689,0.0655593670383552,0.4533250326842072,0.007677892066676359,0.8676272823328778,0.1748346932231919,0.4925533269530237,2.740078314823527,1.2372270145883795,0.4438939738956894
1287,V12 | V18 | V25,0.6007940228066349,0.5248364211829355,0.8086045038580384,0.6386172769535082,0.47054840373571893,0.5625695153498751,0.055794453034954096,0.5110280249273282,0.13413781196623134,0.942899087647419,0.13222308966573845,0.379176090365794,1.7428063794154014,0.9862452534352908,0.4436409115937673
1288,V14 | V18 | V22,0.6151833166724096,0.5377369663745791,0.7611548305789688,0.6717122143094306,0.5114287164235803,0.5059130003333828,0.028399038689971953,0.5683646702935526,0.12492570192121615,0.9273202188399259,0.17474511178479976,0.334169697510767,4.4545213810179,0.46303932594239533,0.44348169606347654
1289,V2 | V15 | V17,0.6140166686730667,0.5547201417559363,0.5174642140585847,0.7198882354862864,0.5089964324699533,0.9176876515968099,0.06706131367414556,0.1918625810124152,0.018887448453468555,0.9515347632420479,0.16667264515406124,0.6038667604567433,4.212823337994247,1.2425424454373792,0.44343916296501823
1290,V8 | V11 | V20,0.7066595217566595,0.5757050899112335,0.63649109763895,0.5645608826700105,0.4803368744642336,0.934911628198269,0.045376298171055124,0.14174579098809748,0.00597371443788537,0.9203470206828919,0.04580004122259617,0.4848299036307573,4.776007325256551,0.7870375554964371,0.4434021301712839
1291,V2 | V16 | V22,0.6153595260900026,0.5258123606665704,0.6543199638428708,0.6089417907399454,0.4855733141328339,0.8911588591882154,0.07887043358783843,0.2954933099727243,0.034368421712338025,0.8633812001679493,0.17446686173239193,0.61882753843605,3.009731469286418,1.493090258038267,0.4433543406478118
1292,V2 | V18 | V20,0.6806613846904501,0.581151397408064,0.6338490185672268,0.533584955633161,0.4657968266104755,0.9323618086976564,0.07091192771998692,0.25290795866748306,0.008727783324455823,0.8727158229260863,0.05368779164300254,0.5606268662533296,3.457026554307715,1.3585950561266886,0.4433028984120089
1293,V3 | V8 | V27,0.7612344213963356,0.5996554664137882,0.43195513535333785,0.7102377499330665,0.543720482189743,0.9251666006770861,0.054874463349150006,0.12294209362003847,0.005991122785065838,0.5908602936231152,0.024852583243437323,0.434803613660811,3.7350357401696757,1.0588476056533815,0.44322538787030147
1294,V3 | V9 | V26,0.5270604659175434,0.5227538214397034,0.5413501079595702,0.6767575630702911,0.47503844664806427,0.8855696106228923,0.09142008752859632,0.46873887293180433,0.1175780585017095,0.9432190482810829,0.25114701762899694,0.5719554597914737,1.6922132962594594,1.7612403394022345,0.4429078011868003
1295,V4 | V16 | V24,0.5969609089549325,0.6178786582264196,0.7808948997145745,0.6422699893288814,0.5941250105879281,0.25084402258650207,0.03712124621172464,0.5866348464963369,0.24409759285254784,0.9383953863410022,0.1642366394469694,0.1536431533280348,2.741742172101925,0.79826204930946,0.4428841494899818
1296,V13 | V17 | V18,0.6124573524660383,0.5141482054214995,0.734218891192493,0.6694290686900697,0.43385638739187893,0.7661122978529972,0.04433838093197868,0.40156679488069325,0.038544304593867366,0.8506373341230739,0.23317177656308946,0.40147791994083076,2.760109520791865,0.7491750601787299,0.44287028553409236
1297,V1 | V18 | V28,0.6321840336663008,0.5121207687902781,0.7726325292679691,0.575603272744201,0.4295515632729609,0.9380281006273345,0.13159526535853056,0.08229897462364161,0.0019237040805719558,0.7755436123346461,0.0630240317470214,0.4606683769946966,0.782245180088377,2.781968791566887,0.4427087270902156
1298,V2 | V4 | V24,0.554928805388032,0.5938851564816572,0.5502416872767105,0.6196262978233328,0.5659138316501189,0.9074341384572723,0.08654983439498531,0.29964175412838134,0.03796212420815687,0.8576364940248415,0.1246306012889876,0.6002093290894149,3.244834008571403,1.7356099605803341,0.4426727915076821
1299,V3 | V5 | V19,0.6811431544783635,0.5695819587354738,0.401816384965052,0.731875088008183,0.46879791191527764,0.8818015078432673,0.09152728745556864,0.35984561474009025,0.014938720449847755,0.7948384138379717,0.14940462800477733,0.5326129020510284,2.3577132944613264,1.8771354715298862,0.44254911299223554
1300,V2 | V4 | V22,0.6069212076938402,0.56177589410384,0.5083437543962934,0.6256539354980102,0.5562953527022233,0.9212061067729511,0.08826417346894538,0.3169363250777046,0.03710684038932074,0.8241322406663267,0.14840245121037646,0.6029396859098256,3.3465310686183383,1.7852914683028105,0.44246417151289824
1301,V6 | V7 | V27,0.7133036698486189,0.6333810951764787,0.4779594168275845,0.5947320558784498,0.5392625933252418,0.8888386565560921,0.07493051980112382,0.315021144369565,0.0035954582005108334,0.6193897543364831,0.019946446349064995,0.47078822686373145,2.346813145345584,1.4839451915766384,0.4424189262091224
1302,V2 | V10 | V15,0.6026906615803725,0.5813304756038068,0.5052814262611501,0.6668791885843173,0.5378979705511673,0.920331671876583,0.07762654326071797,0.286945351948362,0.02904534179224249,0.772541611152068,0.1489884634239969,0.6255454940269827,3.8540868521760556,1.4957239423091593,0.4423783100197775
1303,V4 | V19 | V28,0.7239985526811148,0.5672127669483682,0.7309861694900511,0.48444403796998103,0.5374316857916862,0.8465373101313624,0.035507364149243346,0.12216426072804784,0.0020617332992125957,0.9521725593473804,0.047711459961624514,0.3423308309448155,4.362291029988992,0.6461904308530136,0.4418621789438013
1304,V9 | V10 | V13,0.60239008556721,0.5735988874481391,0.6384246521432292,0.6224786160131393,0.5000301220147455,0.6686032311195051,0.043394779672500605,0.6650404975310662,0.10326844690322556,0.7214069578887247,0.19478529889266394,0.36714714853934605,3.5080365699932825,0.8018149599345927,0.4418473300762515
1305,V14 | V18 | V26,0.5842329481444098,0.5525507992016169,0.771101347345741,0.6635159114178476,0.5227286605091648,0.5138882011790191,0.03042218381300122,0.5245668370233622,0.13294218864858928,0.9562981698467319,0.1388485244594342,0.36459989853850866,4.006277403551943,0.4715421092604106,0.44176667124050784
1306,V2 | V16 | V24,0.5633671237841944,0.5579216230443875,0.6852263135585384,0.6027100938730922,0.49519179308072936,0.8673774662734787,0.07602269631198103,0.27977433725311546,0.03510786685360019,0.9128760036173196,0.14463300288807474,0.6074681900340743,2.830419681492857,1.4148680805912863,0.44170317804699616
1307,V17 | V18 | V22,0.5990468321339903,0.49377546387389054,0.7332970033210902,0.674973024004259,0.4314258802853835,0.7982855137386077,0.048658747047648665,0.39072517058443007,0.03750034797954262,0.8146007344877509,0.26938060835468214,0.4567492282360176,2.475216574504228,0.7902957355655825,0.44169192738481994
1308,V3 | V11 | V26,0.6016145801767315,0.6036614834941355,0.6977583567494678,0.7231071080569527,0.5770173798901085,0.23300999592872382,0.07285397969635708,0.48810130212223757,0.12539350352751122,0.939465928524972,0.48625121515972364,0.35381456182989346,1.0937075353841614,1.3652801222748505,0.4414239209150157
1309,V4 | V5 | V19,0.6945016171928862,0.5978144510467114,0.543343116356931,0.6340344547860215,0.5226232298609949,0.6703105106846613,0.04192425144859666,0.48428966768737186,0.016868965729402413,0.9622720528009856,0.10232119408086437,0.3908348153890718,4.102322475213154,0.7637342949165673,0.44118064381045907
1310,V18 | V21 | V27,0.7372254834424294,0.5770645743970851,0.6695252735278869,0.41249006174183817,0.4950833318823954,0.9296559832263265,0.015158786868549247,0.34457770635224844,0.006667758115205262,0.9440344223436254,0.03190727340287529,0.4240258262842988,17.064468808521426,0.13894072723943746,0.44117593980511116
1311,V9 | V21 | V27,0.7384842236362952,0.6099049225758545,0.5683200741024813,0.4301014603959062,0.5323555284240479,0.9375287353321391,0.02890122596643091,0.32760109259397746,0.006645218731436512,0.9263244100365763,0.03086576753820836,0.4364506786435367,6.681561585700473,0.427649179640919,0.44105106464277455
1312,V4 | V16 | V26,0.6180029427327403,0.6005832286756402,0.765993642898425,0.6394417448631275,0.5958064757256171,0.2828050826500483,0.026610154419737145,0.5833765421054915,0.2397405806915763,0.8813031533118746,0.15703734920907284,0.18248372383016,4.170672011717044,0.5557216983180754,0.44103407276639967
1313,V9 | V12 | V15,0.5625269539325056,0.5465524068718639,0.7218751032106806,0.6467453702710985,0.5031520306354501,0.6418485772318846,0.05751797757740002,0.49132975685639035,0.14841723702291715,0.8576960518601258,0.14432582967759683,0.37712152589069153,2.3543590259960894,1.1019215600141243,0.4409816203329303
1314,V2 | V9 | V20,0.681920124884316,0.6139917455868332,0.5234570519090248,0.5474927723814761,0.5030690231521281,0.9354116380546231,0.07175805609808404,0.24173162666759604,0.008693726575051568,0.8932167933312677,0.052057108915949314,0.5499554473599794,3.5309517112854896,1.3960750217485838,0.44093910730682057
1315,V2 | V16 | V26,0.5844091575620023,0.5406261934936081,0.6668228595699298,0.5996506971830899,0.4968732582184183,0.8795334226087206,0.08059117210996143,0.2786971211943428,0.035005887971638734,0.8845292190965406,0.13865067780588256,0.618519336347252,2.6765490825004203,1.5178725183565356,0.4407766954206499
1316,V12 | V19 | V20,0.6776832120118705,0.5730620229103699,0.6392232949370142,0.5898762181561877,0.4760387157663993,0.8403476211203325,0.03853518758816227,0.38317863697972643,0.011575120500498717,0.7824771758529975,0.04460276284375384,0.40522555031382085,4.308544486437598,0.6642410947592496,0.44074193381592847
1317,V6 | V7 | V21,0.7133115126382245,0.6554303345371909,0.3413839992327134,0.6262973307389115,0.5517441928971462,0.9268864886992172,0.10072028152736637,0.2157903136294825,0.0039332893491961915,0.7126946408787166,0.059306396316781876,0.5532395282706902,1.8306550043336918,2.0525521907455633,0.440664103142124
1318,V6 | V12 | V23,0.641340325303908,0.5594395176592234,0.6441343056547477,0.6115079984225391,0.4928568474106219,0.8837487208432941,0.08915459545472845,0.16164946837087502,0.005814406915248013,0.8641524070504488,0.03847204217664909,0.49672478284796145,1.8427106097103336,1.7941576334986329,0.4406429786277571
1319,V9 | V10 | V24,0.5369871629293546,0.5853354082783473,0.669318664598062,0.6225666021478152,0.5072180938561456,0.7175331729080527,0.04654145438265107,0.5914613190348225,0.10213169536980558,0.7537466564685376,0.1792703759262716,0.44149044824195643,2.9824874381624773,0.7842833219749681,0.4406296326120599
1320,V9 | V15 | V17,0.5784647581392929,0.5291167285759998,0.6438661779696816,0.6792262966572725,0.47026490027592693,0.8161331848100631,0.053487583054503594,0.36415677075990266,0.03804582365589876,0.924392579679206,0.22890880323642723,0.45582816751160515,2.706321490814535,0.9412639143294734,0.4406012700262383
1321,V14 | V21 | V25,0.6529012801225849,0.5581891012292313,0.5294892980719061,0.6320841851339078,0.5414312343099454,0.9279839265615717,0.03117393433531873,0.2923959177816352,0.014923690868081785,0.8737486369959755,0.10064258948606901,0.5459625725459336,7.870968782636636,0.3977673602798643,0.44049357659454624
1322,V3 | V18 | V19,0.704642933464082,0.5997029872000086,0.6898233655075441,0.69594705923804,0.5084295951307171,0.24270054311205544,0.07155330895563144,0.5507093757404751,0.11880437728780212,0.95118474431459,0.1953278235012601,0.3268039858855006,1.1317948893241276,1.365241029640729,0.4404880596778341
1323,V12 | V21 | V23,0.7160031481173392,0.5738893280063897,0.5766230228033867,0.6117634271062681,0.5334906772314101,0.9498996091969557,0.027340754242933002,0.12618437800553126,0.003820905050982691,0.7022148039351687,0.0546747284085465,0.5287466144275957,9.844297969701847,0.33063024356936793,0.4404320852001082
1324,V9 | V18 | V20,0.645109474156676,0.5555479842281272,0.7349202655676808,0.4736692086110264,0.42706529441644925,0.8797618998829484,0.03159521451509634,0.5223182974933128,0.012350395247177664,0.891165374947705,0.06665466294937634,0.39189137614789227,5.629611717886489,0.5252525648290265,0.44017735861002505
1325,V8 | V17 | V20,0.7301873783697732,0.5708012073475264,0.4752821188216518,0.7048912445507234,0.4671569472422534,0.9343763637118081,0.048955404218537335,0.0863911632926747,0.004665054692291099,0.9231314693873884,0.034617281809727195,0.5672141795409903,4.397253044258943,0.7904189778796983,0.4400775589375183
1326,V11 | V20 | V28,0.725660744918374,0.5757329337196816,0.8095208089504656,0.42382790910851553,0.5042210003737452,0.9241613147405869,0.023214968777843428,0.09728512118799937,0.0010926654724423474,0.7161505316227038,0.035268144974211976,0.3573890931201288,7.2798061273506995,0.360555443964676,0.43981873526643056
1327,V10 | V23 | V27,0.7206071024418268,0.5610147441976837,0.5629856061533984,0.5502959845808926,0.5170234853811967,0.9480240011250624,0.04515545931989858,0.2077147050736971,0.003400199734283144,0.8829344657446874,0.02421804616377397,0.5469919588857398,4.24110848005974,0.7011645575466068,0.4396755274357288
1328,V2 | V4 | V25,0.6246062025732717,0.5754011731170208,0.52714256874719,0.6219428264522704,0.5625307457930355,0.8805949070908806,0.06968956110263669,0.30644914495186193,0.03656339932369576,0.753019396655305,0.12110256003407731,0.5697490422223389,3.6121941745572768,1.3235803503498151,0.4396688253053402
1329,V14 | V25 | V27,0.652893437332979,0.5361398618685191,0.6246863085186414,0.6008898803862766,0.5289496347380414,0.8465132438188817,0.024457247400234756,0.44952456036514565,0.012571519397918864,0.822789587391558,0.03559258395679282,0.38290618494727113,6.148517641223592,0.3499105411107187,0.43966232694761936
1330,V16 | V19 | V28,0.7324368710772767,0.5312492335110987,0.826392177594983,0.46222013094574604,0.46670964722229663,0.8618518234872024,0.023422368980287947,0.115089556077826,0.0020258970880599734,0.948199224726371,0.05390457516375685,0.3093903676782435,6.126645822899548,0.3946854170196411,0.4395604788377864
1331,V6 | V18 | V21,0.662570503418604,0.584664003410631,0.6505280370600487,0.45683352620307,0.46693110163351137,0.8927873648912132,0.09944472380852211,0.3083538639044457,0.013773933432796632,0.9109446847547743,0.06287304512299531,0.5208376108384171,1.541631820414955,2.0098852288903273,0.43952235537311146
1332,V3 | V7 | V15,0.5856522892827342,0.5483668880837965,0.305046567728775,0.7855006171189042,0.512846220733353,0.9568060529716568,0.10562748238935538,0.33988342710662417,0.007128103046729191,0.8571005071302243,0.29203469931859904,0.6158849640420289,2.506963561716402,2.1922833464734977,0.43925576657348614
1333,V5 | V16 | V19,0.7029399355890487,0.5618509176094417,0.6800871495672748,0.6176018727499254,0.4519011912916054,0.6349404616733985,0.0334969417749121,0.4446951353403445,0.016196829981444644,0.9745040385530214,0.11743112754422486,0.3887926169153758,4.6617802543944995,0.5545932081593292,0.439130864517793
1334,V13 | V14 | V27,0.6486189627855954,0.5428873244029473,0.6107340389738501,0.5983822193871683,0.5251447487537246,0.8416638352202592,0.01950375475263059,0.4823798013805483,0.012795446653205885,0.8480146651855373,0.038756258646111416,0.289133674776433,7.171505750387026,0.32568087521622613,0.4390618700394155
1335,V5 | V9 | V27,0.6949514760798333,0.5729570382698483,0.582784448131698,0.5370254620669666,0.46895672041305575,0.8970299046282874,0.030196151839853195,0.4030087870254182,0.006652683271734474,0.9457104376626901,0.033997946085631475,0.39936162182165713,7.060006462850312,0.5062765703180049,0.43903044348934506
1336,V2 | V15 | V16,0.5935187119014387,0.5283132771899104,0.6517586519372047,0.6016102217154554,0.48714013758172486,0.875678208265545,0.0771391072060463,0.2909646326148469,0.03522204450460968,0.9050872637204787,0.15981759634979037,0.5805324150679466,2.930186746789913,1.4789731566506203,0.43900139567588414
1337,V2 | V3 | V13,0.6069732653113651,0.5539161433402113,0.35567435936369196,0.7199620173350763,0.5049005418630015,0.9447183481679332,0.1299900041915856,0.25258213507648036,0.030407869959416054,0.9136873569960594,0.205719245641917,0.6074745747433185,2.342512943784778,2.8531606914268823,0.43888901712491807
1338,V2 | V4 | V13,0.6203317280258878,0.582148635651449,0.5098438544109695,0.6195377978833245,0.5587258598087187,0.8609373093389507,0.06818149944038665,0.3249221123385747,0.03812999326511107,0.8309735340216283,0.13359180997499853,0.5296278406759906,3.672279600255257,1.3252331100344672,0.4388815616074516
1339,V3 | V9 | V19,0.7059016736579482,0.6325433353787778,0.5934624321345563,0.7060691402452495,0.5457017916723695,0.27137479276977977,0.06531256166365196,0.5164993443017653,0.11482340587080742,0.9641406504654852,0.18676726091013504,0.28289507450805396,1.4649032152933448,1.301811943262353,0.4388808054654841
1340,V5 | V18 | V27,0.6936927358859669,0.5401166900910791,0.6811767372400218,0.5228222440013515,0.43168452387140316,0.8702124523906897,0.022530330645802614,0.4261177576831273,0.0066752603130134204,0.9637978815808165,0.03511814689935363,0.35982780989425395,10.098439781840385,0.3700598040262158,0.4386848437655378
1341,V2 | V3 | V25,0.6112477398587488,0.5471686808057832,0.379659390759375,0.7219341976821737,0.5087054278473183,0.9463425598218543,0.1283853427782709,0.23938585475721585,0.029374856102576646,0.8450244294549878,0.18238442515927134,0.6339958713766191,2.3108225317024895,2.7798763318963875,0.4386180062365312
1342,V3 | V20 | V27,0.7209218329278031,0.5976535567596176,0.450005841299681,0.621873058170528,0.5221902513956056,0.9209709133223971,0.04232227864343559,0.32051063084683373,0.005224322909177872,0.7100612562742648,0.02076819860844837,0.37618023878328294,4.282459554000297,0.7959612987893292,0.43846861267106474
1343,V6 | V9 | V27,0.6638214008228642,0.5954551122286882,0.6369702358536499,0.42973541282465316,0.49172169860325976,0.8619107800551814,0.07412617916156063,0.4521725063485516,0.011651506145300711,0.9179313951721154,0.02064589861388979,0.4080800400804594,2.1508376853154045,1.506064467947542,0.4384453341265098
1344,V3 | V16 | V22,0.6355948485462173,0.5575369035373648,0.6718270802759105,0.7434376595307772,0.5306812136943153,0.37796698631298115,0.05311149845344626,0.45191207406995654,0.09352460815618444,0.9249620393863133,0.3550126855198522,0.3082930398957668,2.153732192818164,1.0312350018779044,0.4384278773125487
1345,V8 | V14 | V23,0.7150404016325964,0.5328377399984168,0.5040455502157141,0.6962259849445793,0.5081319050202711,0.9411073926596709,0.05267024074525352,0.06375147414101628,0.0036699877205023895,0.8940837409382368,0.0385209208426867,0.5817805419678111,4.180887943387572,0.8697433426206267,0.4383948328236769
1346,V8 | V10 | V20,0.7188613712770796,0.5974115411953969,0.4619161487354832,0.6501947711913817,0.4960584853234674,0.946564292526053,0.053927144643255785,0.12618954528142537,0.005496482822110819,0.8259662693055714,0.03161727575206387,0.5794791442449487,4.421768034467184,0.9150058340566919,0.43830468546331286
1347,V3 | V16 | V24,0.5836024462404094,0.589646165915182,0.7016191731032261,0.7386698573398247,0.5402996926422108,0.40234002002843616,0.049204082607836104,0.4230579206739082,0.09874323874404202,0.9409477065638793,0.26836993055521857,0.26536016582644145,2.384064274397619,0.9888529688237341,0.43812132413377813
1348,V9 | V10 | V26,0.5580291967071629,0.5680399787275678,0.6502562108247976,0.6196255050540884,0.5088995589938345,0.7189350883872034,0.0486585582129766,0.5881593490165635,0.10134091941572551,0.7167292711631047,0.17106423184606867,0.44912712245754555,2.761617492066823,0.8198214404031141,0.4380101343463819
1349,V5 | V18 | V21,0.6937005786755729,0.5621659294517913,0.5980039382155664,0.5590483777783245,0.44416612344330736,0.9387420469789427,0.024016685797645407,0.2797546153004217,0.007481867879188331,0.9362951941632047,0.09923602512194346,0.5339331683606844,16.289047209827714,0.2688799772064539,0.43795709256007537
1350,V13 | V14 | V21,0.6486268055752007,0.5649365637636595,0.5122799904902333,0.6297270820164782,0.5376263483256287,0.9295363803739104,0.029907329946160854,0.3096868756542876,0.015224742282840691,0.8149005962477416,0.11030500424909075,0.4665234850994834,7.565555094910572,0.4385359943425349,0.43795411143261553
1351,V12 | V23 | V28,0.7019673360491054,0.5063397596020404,0.763146639278067,0.5566640464950597,0.48490032515110904,0.9364027597273628,0.02481582209212197,0.03755908033768115,0.0006360659032428183,0.8727587288958178,0.027838752733134582,0.42162364409364234,8.06809172304279,0.35061512290776303,0.4378890466707829
1352,V2 | V3 | V24,0.5415703426735092,0.5656526641704195,0.4111661329285879,0.7200345594105027,0.5120885137044016,0.9432827503444221,0.1309248251946732,0.2344804358222564,0.030297908740614148,0.9324160140529718,0.18885744689921435,0.6359600798624634,2.250880300822529,2.841816606652391,0.4378525952996869
1353,V2 | V7 | V8,0.771714982378603,0.6539196381887943,0.2834880986526442,0.7614666396423165,0.5721401486682477,0.9478172760238799,0.059724724624754186,0.07107990040925,0.003361625515734846,0.3166090850050872,0.05882458844691821,0.6135342635736412,5.587799195156701,1.0722035473687408,0.43762088089486884
1354,V5 | V12 | V23,0.6724704005608768,0.5369414437003835,0.5908333960190594,0.6887011296698866,0.4700918692204179,0.9231400210558566,0.03915890541842064,0.1485824421834588,0.0038244011093785746,0.8060433152401939,0.059861387143119685,0.5189481328945267,7.7473961114533045,0.6416376499911421,0.43754889961563537
1355,V6 | V7 | V28,0.6992757005699908,0.5878807661328419,0.62007799895841,0.5728468015088576,0.5031538408168451,0.9059869139533873,0.07675239521986953,0.07249773401533785,0.0006617290357269059,0.6959304660339812,0.0304398917785635,0.48366178720118486,2.322440996365898,1.518721648041061,0.43735787270358156
1356,V6 | V18 | V27,0.6625626606289984,0.5626147640499188,0.7254392742540744,0.41211101911929277,0.4544495020616072,0.8468883314832104,0.07215084024816919,0.4798115430194855,0.011706387817120197,0.8826278429505201,0.021450777621711888,0.4128437945801497,2.0326104405766667,1.4348875110135872,0.43730355637459284
1357,V17 | V23 | V27,0.7319331095345204,0.5344044103498132,0.5737529193560281,0.6162057794935646,0.48812194729998265,0.9381663041738914,0.024151006230777747,0.14224963885542868,0.0029424328750536012,0.8953707613037231,0.02671502220685444,0.5159634632186861,9.859107506684428,0.2562758328231759,0.43719777336566545
1358,V14 | V21 | V24,0.5832238829373453,0.5766730845938677,0.5524741136324474,0.6298138144348309,0.5448143201670288,0.9283037067031007,0.03324005024799064,0.28601245178148016,0.01519311659721066,0.8894066930689203,0.10338835080203092,0.5301346540788302,6.855035439973728,0.4555392962948187,0.43703771887848053
1359,V6 | V9 | V21,0.66382924361247,0.6175043515894003,0.5445422700012984,0.47298791864119194,0.504203298175164,0.9031564539107916,0.09685707488539792,0.2938088445448337,0.013701702104878793,0.8971702457369881,0.06095511535376501,0.4980487668415845,1.731566640977305,1.989240372279623,0.43701547649660916
1360,V5 | V6 | V18,0.6190377558621418,0.547716119104625,0.6626627999599423,0.558764837940669,0.40353229362251924,0.8484527372966373,0.1018776774341108,0.3771419935640693,0.013798039301420923,0.9416448947910129,0.06889250723111166,0.5181255273414586,1.7106430210191574,2.103688544765419,0.4366126985744729
1361,V3 | V19 | V28,0.710640089966592,0.5389802746371307,0.6417238389157275,0.6120537872081865,0.4836063678459689,0.9007114599862833,0.03623367174760169,0.09790586181119591,0.0019531642951468465,0.8074073295548526,0.06576359308297015,0.3103103213463511,4.575763242849137,0.7052206630060985,0.43654951825213695
1362,V8 | V16 | V19,0.713435647915562,0.5312213897026504,0.6608385029430967,0.5938809021156986,0.44282552131278513,0.8701436147557708,0.04063724713155601,0.1674169393166842,0.015122916470798825,0.8883088376188947,0.06967349244389869,0.5130115866445539,5.069671583748682,0.6375840077356658,0.43637673768838614
1363,V7 | V27 | V28,0.7739306805938161,0.5802813371192959,0.640343045061328,0.5379275640756069,0.531306071065729,0.9238891878787798,0.02562010378445701,0.08007844024675177,0.00028341427764181065,0.49507642806664326,0.012982601726669983,0.4490850918970524,7.471533048820048,0.3373911547842629,0.4363348858742104
1364,V4 | V20 | V28,0.7202523263636977,0.5803857200272183,0.6966367729745421,0.47037037346177174,0.539906816832926,0.9215870883970815,0.024007902050096643,0.09290209870537959,0.0010898529838186957,0.7630302999626456,0.021888270942978565,0.36039613276087995,8.19182663949575,0.391224495100246,0.4363161174843952
1365,V14 | V24 | V27,0.5832160401477393,0.5546238452331554,0.6434724346907756,0.5984745050210445,0.5323327205951244,0.8482252549186431,0.02376659159467307,0.43764140315720823,0.012771973035260993,0.8801648513246507,0.03650836710307757,0.35679503416642616,5.666067678521507,0.34700278443413524,0.436256931557685
1366,V3 | V6 | V19,0.6500130792213946,0.5920800326943135,0.47992134118901264,0.6614700848233585,0.4915628901054817,0.7623862195676673,0.08690307896280405,0.4011261319084583,0.053223145442523864,0.8223701527622169,0.08996844542451389,0.42779572953727557,1.9279483136265703,1.8117318138988652,0.4362449957436071
1367,V14 | V22 | V27,0.6352084424535474,0.5225145828553382,0.609528922939192,0.6047583612894765,0.522714241647229,0.8480307209071923,0.023121892000161078,0.4680661204563068,0.012650449616946485,0.8613111306702196,0.04224286159853608,0.3454577387837818,6.4336508947400946,0.3561928302347879,0.435955806244783
1368,V12 | V18 | V22,0.5831090279272033,0.5112111421697547,0.7984847422287679,0.6422082836605659,0.46431301064490677,0.5207774582527184,0.056476316552241,0.5337570001814115,0.14107800366968729,0.8906820895812074,0.16340657449053692,0.35899522351646873,1.6018270167170048,1.0053249322606386,0.4358571917636823
1369,V12 | V18 | V24,0.5311166256213955,0.5433204045475718,0.8212992988341191,0.6363761519968099,0.4739314895928022,0.5445662225948695,0.049864124732228,0.49654094745804506,0.15308539965612009,0.9089565608578668,0.13621827431647018,0.33334933984280785,2.166943422263647,0.9186616384882894,0.43577774935900604
1370,V17 | V18 | V26,0.5680964636059906,0.5085892967009282,0.7438554573260737,0.6668298997749492,0.44272582437096797,0.7669333727630906,0.04537747422357511,0.3658787393067072,0.03825245847373835,0.843627207589299,0.2020275483777541,0.4802096366067529,2.646318976200602,0.6905707876883179,0.43575505873872844
1371,V10 | V19 | V20,0.6822950091259639,0.5822366784623763,0.5327469066924149,0.5615461927656163,0.4720531234880901,0.898703348094433,0.03960014504312971,0.472361587894101,0.011045286711136977,0.7042083487367121,0.056771520558507135,0.48285870535729,5.156583364878756,0.6416902434717394,0.4354073614213733
1372,V2 | V3 | V22,0.5935627449793172,0.5335434017926024,0.3535778489843283,0.7249807045638176,0.502470034756506,0.9496225110230424,0.13189692218030014,0.2468980052234906,0.029734941814462474,0.8924670372989151,0.2349861564456548,0.6373766594669533,2.365714304191226,2.8774893445279788,0.43534619520406803
1373,V2 | V7 | V20,0.731402393910071,0.6519177285346237,0.3082087947131654,0.682332242142349,0.5506099178741101,0.9490135802242217,0.07257152945817989,0.180170974003072,0.0029930633998755353,0.47986621872628793,0.05065195393391356,0.608493938029897,3.992865983712402,1.3802094909757452,0.4353294563429751
1374,V14 | V21 | V26,0.6042659167151536,0.5593776550430881,0.5277693343313833,0.6269147420053997,0.5464957853047178,0.9312563003406741,0.03408989392290336,0.28490258760389214,0.01517077617939786,0.8974867549019688,0.09960770511200731,0.5527746072254119,6.744230270091367,0.4543273673561316,0.4351685508455756
1375,V4 | V8 | V19,0.7049973295193995,0.56718492313992,0.5172645159860618,0.6110904219052273,0.5135475598821746,0.8683789303544994,0.04631196358134447,0.17783211361422843,0.01571803693045354,0.9545409293099232,0.061607747433167145,0.4756786725625357,4.6695387922121006,0.8185349760702871,0.43509783068978036
1376,V11 | V19 | V20,0.6700931596055438,0.5605302271782128,0.6861612253469318,0.45768018676906785,0.4563315126288563,0.8482922698717433,0.023001211299773616,0.5639535505534197,0.012506305686675158,0.7665352604189584,0.08170809525479934,0.33360464288860864,6.880681381071251,0.3723752317836768,0.43496122802431936
1377,V11 | V23 | V27,0.7084052529214064,0.5393082929135202,0.7080461759794006,0.4438255421269839,0.5013018745219628,0.9259871261665205,0.013865278235494572,0.23503600513579248,0.00365130279130608,0.9163727865283025,0.035891677556295354,0.3514961030588737,14.396842442003717,0.16649227867039254,0.434580315318506
1378,V3 | V9 | V15,0.5361700202569797,0.5104409051360059,0.5214761765336681,0.6784400890870975,0.46530532601137076,0.8260811988531588,0.07075809266042267,0.495250983440181,0.11983859201578077,0.9328478669115868,0.3078629273320841,0.5031221522739777,2.2929120881081655,1.3325734980832409,0.43448078097525367
1379,V5 | V7 | V27,0.7444337451055878,0.6108830212176388,0.39949171578516873,0.6743372131361338,0.5164976151350377,0.9179821599436576,0.020190339830439705,0.28558275650472764,0.0024690418782134516,0.5540677578162632,0.03302796679280774,0.48401575165586336,20.7357939035253,0.22595141011562456,0.43436188242924545
1380,V14 | V15 | V18,0.593342502483846,0.5402378828979193,0.7591240378771815,0.6652430602225464,0.5129955398724714,0.42025288185849036,0.03633091129291442,0.5563432129899012,0.135826235317848,0.9556389913956336,0.16006130554360515,0.2579761125569394,3.099453049737892,0.6956277595462257,0.4343453603857324
1381,V5 | V6 | V9,0.6202964960560079,0.5805564672833943,0.559759027826553,0.5720050170465208,0.4408044901641717,0.8595301807386443,0.10081990688911048,0.3578251955413133,0.013725591722688883,0.9274930241621494,0.06677391889547038,0.5085109812057206,1.8723136940079275,2.105129968736281,0.43415333905474235
1382,V15 | V17 | V18,0.5772060179454268,0.49627638039723054,0.731139539615671,0.6685457712007875,0.4329927037342745,0.7557585890479306,0.04508236022666156,0.38398369860940246,0.03850799733059745,0.8424487098512646,0.2408005830497506,0.4173358848586824,2.749423581867618,0.7529124977869643,0.43415018278433914
1383,V10 | V13 | V27,0.6211564711544822,0.5255361557501291,0.5608583991699404,0.5342500871975651,0.4740434506967416,0.9136078486013585,0.043589992214359254,0.5742915582468519,0.012358397867885751,0.984705335331513,0.047061708483521106,0.3829838440685092,3.5958413505762947,0.7955568251309838,0.43413345298040873
1384,V3 | V18 | V25,0.5744370891311087,0.48872491944707736,0.649318786235581,0.6708101839394209,0.4327016991116395,0.7033020233371143,0.05947815403053227,0.5152008350646947,0.11028931723568401,0.9360628204377721,0.2695198234753466,0.42541107859813704,2.1885142345896487,1.0917512583624753,0.4340878923241067
1385,V6 | V11 | V23,0.6337502728975815,0.5469077219270662,0.6905995406450637,0.4856085069615302,0.4731496442730788,0.9010881476972099,0.09253500217077743,0.2131063563513552,0.006124425916724577,0.8870815501031478,0.07036724269945456,0.46670647191366316,1.7192559886847096,1.900684476328089,0.43372546197357753
1386,V2 | V3 | V26,0.5626123764513175,0.54835723461964,0.377277935232808,0.7176109119617717,0.5137699788420905,0.9438277324262755,0.13123567241985712,0.23362568923696744,0.030220438579719188,0.9011149914195702,0.17997609646134777,0.6432874780994714,2.2278227188330577,2.84079582149401,0.43369132616046696
1387,V11 | V21 | V23,0.7084130957110124,0.5613575322742325,0.6300001345878778,0.4859362292004412,0.513783474093867,0.956117199511349,0.025559561491067084,0.16523903062194958,0.0039957451916529645,0.7687327027496929,0.10153487056682693,0.48119647673773913,9.857951080300737,0.32956746995158864,0.4335312011907363
1388,V12 | V18 | V26,0.5521586593992038,0.5260249749967923,0.8076659417586093,0.6335146130784494,0.4756129547304912,0.5133462975461554,0.058784376487525415,0.49404459468567025,0.15134121222872224,0.9183390297580976,0.13072479086198535,0.39065082348091895,1.4356571442509003,1.0105904203181946,0.43306937477093366
1389,V9 | V10 | V15,0.5671387510465987,0.5557270624238702,0.6346319291858377,0.6215091801341301,0.49916643835714103,0.6690353757339569,0.040791961747191616,0.6265430723429927,0.10302627845507727,0.734884936672544,0.20049138350144322,0.3763361789456606,3.623006695444511,0.726936127897384,0.4330681811775463
1390,V12 | V21 | V25,0.6208269913773786,0.5316632770244069,0.5896296070509293,0.6000940417378985,0.49431552853127186,0.9132740912005417,0.039525745474674225,0.2793794778363652,0.0151905867310475,0.9457951385794858,0.09537338554393417,0.515213348112174,5.274196156552078,0.6103450048741642,0.43305059727058093
1391,V5 | V9 | V21,0.6949593188694386,0.5950062776305607,0.4774264191082218,0.5722812219226643,0.48143831998495984,0.9434728323861981,0.028243790407896704,0.2670007953553103,0.007455059188282494,0.8691297590056972,0.09595722684148394,0.5271206162399191,11.742263704367524,0.3706963638380643,0.43273183067595916
1392,V10 | V18 | V26,0.5567704565132968,0.5351996305487986,0.7364347378091995,0.6075910528841246,0.47162736245218206,0.5782874565389937,0.04145479601977867,0.6305616840461931,0.10444600515265345,0.9155973722685777,0.17852776557088096,0.3948279512980437,2.5685368404446125,0.6626603477385652,0.4326793264623167
1393,V3 | V20 | V21,0.720929675717409,0.6197027961203297,0.30339651463496564,0.6518347382042878,0.5346718509675097,0.9504353455005508,0.05539208200770441,0.21911443211434364,0.005783238814661971,0.7851222800161818,0.06124510565119363,0.45353612655223907,3.829037136022076,1.0583868399894378,0.43259300272211526
1394,V2 | V21 | V27,0.7740361341700691,0.635508335755791,0.4152999203087716,0.4950821640294787,0.5710870606180741,0.9463237845749791,0.024962345094600377,0.17579954507334328,0.005150201239553665,0.7924118605968293,0.02423436833607571,0.5678614509081665,15.905624265706658,0.2595106823542731,0.43256709860735937
1395,V12 | V13 | V27,0.6165446740403888,0.5163615001981228,0.6616806617990136,0.5641078369638909,0.47802904297505094,0.8457123310884095,0.05454772424837954,0.4555608748795112,0.013000086059379233,0.8212743035688177,0.0368324601224742,0.3510822911729434,2.421342975517646,1.0525389459269356,0.43246819743213477
1396,V6 | V17 | V23,0.6572781295106951,0.5420038393633592,0.5502606254342317,0.6462571886060545,0.45996971705109857,0.8970098688638672,0.0881033349399196,0.1297656053874904,0.004771579894000867,0.9093355315721652,0.05347407534484653,0.5285874983990086,1.8480690370563486,1.7341969688540633,0.4324657284390409
1397,V14 | V26 | V27,0.6042580739255478,0.537328415682376,0.6232874500176218,0.5953892626212939,0.5340141857328136,0.8482675088552988,0.024547895074851517,0.4355886001798091,0.012755384169701602,0.7887913620444377,0.03524386870627021,0.3756282981962402,5.512445087872571,0.3460052993384059,0.4321208964922925
1398,V5 | V11 | V23,0.6648803481545503,0.5244096479682264,0.642679389109263,0.5826721564228118,0.4503846660828748,0.9413607650738391,0.02103175830257164,0.19523963818050938,0.00399944370846791,0.8794745649599385,0.11237462641003086,0.497846223179935,21.04572450069808,0.23578678138918824,0.4321176404931232
1399,V2 | V4 | V26,0.5759708391658401,0.5765897269308776,0.5254138193447336,0.616667976956523,0.5675952967878078,0.8578310572763663,0.0688906810048416,0.29845886783309217,0.037844016406887684,0.7933043561164317,0.11977712322090261,0.5706182035776013,3.538378315867095,1.2973293991130153,0.43206635477403826
1400,V5 | V7 | V28,0.7304057758269598,0.565382692174002,0.5637434994870393,0.6557031957631897,0.480388862626641,0.9334172064884487,0.025446222878088308,0.06602928581211694,0.0003470675208368562,0.5734678647541901,0.047928583552208616,0.5007200636021957,13.43940729430287,0.32978671638197493,0.4320188334579712
1401,V4 | V8 | V20,0.7012511032019829,0.58035787621877,0.4614155397660486,0.6001723401773212,0.5160226909234144,0.9311332461653982,0.04331784434538021,0.1355418684839583,0.005957038771437127,0.9842583338119144,0.029371131297474186,0.4624765312298888,5.486592113970995,0.7720427299081142,0.4320156116933239
1402,V17 | V23 | V28,0.7179051402558925,0.4889040813061763,0.6923524183239947,0.5952507580888263,0.45201319479158575,0.9476956068980874,0.024796255336356307,0.026292268084009033,0.00048700764530066465,0.861959866349755,0.039378087123404695,0.5083868427597837,9.007150361346355,0.27366486537730605,0.4319867638006012
1403,V14 | V15 | V21,0.6133754710545894,0.5470647387393907,0.5072884434215842,0.6287714739147826,0.5367626646680242,0.925196903552765,0.03132838437165956,0.29754704602382753,0.015218052589904168,0.8922634987983808,0.112775769417593,0.47984080104716986,7.240856770710009,0.45949514202241604,0.431880981954666
1404,V14 | V15 | V27,0.6133676282649838,0.5250154993786784,0.6067057298237302,0.5973653593430908,0.52428106509612,0.8387720865924271,0.020950689709096384,0.45920948138126044,0.012790482323203227,0.8887067814001078,0.03953942931796562,0.30282649077425455,6.799661780594057,0.3457382667230733,0.43175461650833574
1405,V16 | V20 | V28,0.7286906447598598,0.5444221865899486,0.7986557236841219,0.447504001940832,0.46918477826353644,0.9201254229065241,0.026724241118541672,0.08733151045412285,0.0010681526843500466,0.618211137409271,0.025286140352916122,0.4332834131000343,6.609705002865089,0.37003044888902,0.43161681033949767
1406,V6 | V13 | V14,0.57396398276177,0.5504867534164932,0.5890940940113701,0.6294805814213311,0.49699251850484044,0.7674459727080485,0.0802259775851542,0.4235946852407892,0.056623930284875536,0.8663736936309134,0.07591416055624847,0.43159809531850707,1.8204729611254191,1.612246701786437,0.43158036583521603
1407,V8 | V16 | V20,0.7096894215981453,0.5443943427815005,0.6205970396704821,0.5825800904358979,0.44530065235402494,0.9249985444901037,0.04368461370606177,0.1277214745910144,0.005829694008774333,0.7771804141885208,0.033489128037421496,0.5240016681169913,4.817507339599958,0.7028206909822183,0.4315250418648036
1408,V17 | V21 | V23,0.7319409523241261,0.5564536497105254,0.46604966651190916,0.6464956369894208,0.5006035468718868,0.9564072758368419,0.032947051325661295,0.10115861714491009,0.00320794593189732,0.7571585950511808,0.07599128947557932,0.5906976914511609,8.08897627344609,0.4042440410807681,0.4315208611761744
1409,V12 | V25 | V27,0.620819148587773,0.5096140376636946,0.6741941056766667,0.5667911263856105,0.48183392895936766,0.8271628315868382,0.04248042010929188,0.4254308599060882,0.012770094778736175,0.9020235675241687,0.0337963537636986,0.3696794651518546,2.985149133066243,0.7451625352654432,0.4315093179016217
1410,V12 | V13 | V21,0.6165525168299947,0.538410739558835,0.5745579007346227,0.5975824160816948,0.49051064254695503,0.903663173715294,0.0724475248590808,0.2956118409417427,0.015501121636325924,0.780972756081922,0.10436990513652028,0.4699046301036081,2.1387985226790542,1.3970988767149932,0.4315017427747629
1411,V4 | V13 | V16,0.6623638315927879,0.6061421373962115,0.7568129982215425,0.6421853701409773,0.586937038746528,0.01755205576651956,0.04229589960065031,0.6591899086478546,0.2505203550319382,0.949944072328831,0.17775922180389572,0.2095722000387922,2.0475683808307124,0.823022975523408,0.43146765900229184
1412,V3 | V4 | V22,0.6271565301500551,0.5935004369746346,0.5321993417241934,0.7562916916383556,0.6014032522637048,0.2930992710827964,0.07259670093426714,0.4925342148248164,0.11478287731971072,0.9466482627794782,0.2784125902122088,0.28084900678875135,1.3884919334557062,1.4901545964512213,0.4312997554708571
1413,V10 | V25 | V27,0.6254309457018661,0.518788693215701,0.5763767070136002,0.5370963406606298,0.47784833668105847,0.9045898117177338,0.044583895594735065,0.5312566442918568,0.01214715421215633,0.8974441823803904,0.04331828638902416,0.46690804753503884,3.474399671110007,0.732917614989353,0.43121750656361885
1414,V6 | V10 | V23,0.6459521224180015,0.5686141732112296,0.5389239970765309,0.5843982932174866,0.4888712551323126,0.9092351782409406,0.0880695695888064,0.18882558767156157,0.005630179849497757,0.8456988885097049,0.04909497377955666,0.5235994751967795,2.0499104629986884,1.7614978651661053,0.4311780744134764
1415,V3 | V4 | V24,0.5751641278442471,0.6256096993524517,0.5720748919418402,0.7516442631079768,0.6110217312116002,0.3112082265730475,0.06342314570522327,0.45965555207192943,0.12266891387700521,0.9466433798661888,0.21881336776487595,0.22675723809534515,1.6617992590666624,1.3362699173764687,0.43106281469167085
1416,V2 | V21 | V28,0.7600081648914411,0.590008006712154,0.5748738610103854,0.46829439109460447,0.5349783081096774,0.953464844199135,0.03685672739131124,0.037065497331057205,0.0010092945632660432,0.7512443720059021,0.03607518325858701,0.56886390918192,8.19046737403649,0.5342515285200449,0.4309900849454496
1417,V14 | V19 | V23,0.678474039481481,0.5176628772653962,0.569111140813506,0.6159496278047801,0.48412654318489373,0.9132339248434945,0.029358043622824365,0.21559801684324315,0.006460255605994406,0.9079242303400894,0.06860002687113492,0.4793878142309813,7.591763119579609,0.4110007205875998,0.4309464094421562
1418,V6 | V14 | V25,0.5782384573091539,0.5437392908820651,0.603705747403228,0.6318388326345205,0.5007974044891572,0.7492681129018329,0.07639239630555239,0.3965664044153829,0.05335453072775329,0.908713760748571,0.06979587122292401,0.47840014744202036,1.8859210119774026,1.4686083349434123,0.4308751628065505
1419,V3 | V6 | V20,0.6462668529039779,0.6052529857731637,0.41904080065179067,0.651598798005483,0.4940380211467215,0.8895169206714914,0.08717473608235346,0.28771079336158584,0.00966273328776989,0.7270696739093344,0.04318861712828781,0.4265857240602468,2.2015151019051835,1.8495576340260147,0.430430289414072
1420,V10 | V23 | V28,0.7065791331631983,0.5155144151540468,0.6840475475027631,0.5263493740176185,0.48091473287279984,0.9545851761175916,0.043985991600404666,0.046389178929408595,0.0006115349501550661,0.7734382578512901,0.03605355552479732,0.5419052812290277,4.29119271003239,0.67606362558322,0.42994136893051416
1421,V4 | V9 | V25,0.5890542920394976,0.5497977599370842,0.6512439375656158,0.5721359031112122,0.5237992135990092,0.5071823636594792,0.01303205157221947,0.6926178874789681,0.2985173386260576,0.8475631595069825,0.15814415448784655,0.34136113028129256,14.934272019558358,0.15602288012604776,0.42988275856409663
1422,V2 | V6 | V27,0.6993733113566384,0.6210585254086247,0.5083737452164222,0.4947603252799687,0.530453230797286,0.8920477292934262,0.06760642366576478,0.2273905581227461,0.008326971824631102,0.7429467255508323,0.015464959530633924,0.46465860195296194,3.12498269528129,1.3460727785560471,0.42965205465670747
1423,V12 | V21 | V24,0.5511495941921393,0.5501472603890432,0.6098664746827327,0.5976748479705477,0.4976986143883551,0.913878132810317,0.04586718912200489,0.2733766818050786,0.015468491798164124,0.951337698805761,0.09793380789173932,0.49917746383172257,4.005966046102806,0.7594878442001862,0.42963052427857346
1424,V7 | V19 | V27,0.7183630952809854,0.565078630577827,0.4496764515221446,0.5651146442746109,0.48341658332084014,0.8906411549945532,0.021036827288490226,0.42797842814936093,0.003963899232410985,0.9100568984509599,0.03615096209977741,0.41885373205620446,11.29090291601554,0.278917228631188,0.4296055773412712
1425,V3 | V5 | V8,0.717709516629479,0.5847568214684944,0.3051595420782854,0.7966941607994935,0.49280327375065497,0.9021329055151361,0.07447643695613643,0.10297838388640913,0.006682353818540472,0.6325377796648401,0.07816872782965148,0.4828638169256714,3.3826229577047893,1.5300649022977624,0.42945683899038856
1426,V17 | V19 | V20,0.6936210162186575,0.5556263446145058,0.5442344237585515,0.6260928933797417,0.443151585406876,0.8721899087694414,0.033275762931296506,0.29299870268457673,0.008782176536542395,0.7579243595203441,0.061842263137501116,0.4443388266210311,5.462878125386625,0.5148891794668594,0.4292444697211183
1427,V3 | V4 | V25,0.6448415250294868,0.6071257159878154,0.5500691090780835,0.7534288497112077,0.607638645354517,0.25554238830822745,0.0686490139645478,0.47248113126327174,0.11011335147674617,0.8770044016959605,0.2106725875233022,0.2770539730263698,1.3821131405446574,1.3848299211299433,0.4290666269305452
1428,V10 | V21 | V23,0.7206149452314328,0.5830639835583958,0.4524095536065633,0.5846678042918625,0.5295050849531008,0.9607421849334149,0.03608434022349766,0.14701087430152207,0.003715445908665863,0.6921704814316177,0.06964148079436039,0.5980374062751586,7.728296357053027,0.4781859991345674,0.4290429543125797
1429,V2 | V6 | V21,0.6993811541462437,0.643107764769337,0.3818263705687125,0.5329799288057598,0.5429348303691901,0.9213653297850583,0.08848996573983023,0.16018968110082413,0.009476555230030787,0.801696645241918,0.04912331108263767,0.5285107180391925,2.4964184260413016,1.8099591017668761,0.42874046500105856
1430,V10 | V24 | V27,0.5557535485166265,0.5372726765803373,0.5971901018458435,0.5343548673892314,0.48123142253814166,0.9127697550595499,0.046507816090147015,0.5158581121803133,0.012336262341216557,0.9512358846844042,0.0443995475000139,0.44858315556464046,3.1967947599695465,0.789092625659878,0.4286362487524056
1431,V4 | V16 | V22,0.6489533112607405,0.5857693958486025,0.7559352035143168,0.6480348378053036,0.5845065316400326,0.06074460206070395,0.0420234847444206,0.6356504548765712,0.21521297466389158,0.9288544425589778,0.20078726605788955,0.1687394606246294,2.2514010374398516,0.8769738762299933,0.4285964891533078
1432,V12 | V24 | V27,0.5511417514025334,0.5280980210283308,0.6911036470893559,0.5642066025366952,0.4852170148164508,0.8331744182296956,0.04480762038602092,0.4144988918172659,0.012975972431087758,0.9492833356105915,0.03467565079986155,0.3501494701903401,2.739486760022792,0.8118740212313901,0.4284361537751358
1433,V2 | V4 | V15,0.5850803935052764,0.5642768106271802,0.5048257416722665,0.6185626949047075,0.5578621761511142,0.8378762399211902,0.06868712164250573,0.3119472484586978,0.038094418427575126,0.7988577020445884,0.136818870713606,0.513751637092556,3.341185908216579,1.3386183244145757,0.4283363168656481
1434,V5 | V14 | V25,0.6093685325661223,0.5212412169232253,0.5452021298700754,0.7061995321651391,0.47803242629895326,0.7788706822676326,0.04578902840503576,0.35595917849434106,0.014951370358126966,0.9331606049097398,0.11135414531263704,0.4889561574964373,4.1933803058460954,0.7747797008632034,0.42831657457460093
1435,V14 | V25 | V28,0.6388654680543504,0.49063953282488215,0.7322248939048608,0.5792756143672887,0.49284088222964445,0.8797161524124445,0.030611670472440844,0.0970435842668909,0.0019539353541372724,0.9167879335933886,0.05146301385967255,0.3954838466451719,4.56653519993874,0.4659462875758076,0.42820370565374744
1436,V9 | V11 | V13,0.5901882360467905,0.5518924361639758,0.7643199241135018,0.5315523135048368,0.48430851115551166,0.16876305408344094,0.02273767076018639,0.8320407254670342,0.4776168353979092,0.9097254894845146,0.36926011424085475,0.2030620865875869,4.756599433938145,0.44888690842206946,0.42820287955246317
1437,V16 | V23 | V27,0.7114351527628924,0.5079975457837873,0.6944690965491175,0.4666028543242871,0.46626565241175416,0.9315014955538606,0.019585563549191415,0.2103598445361562,0.003576383872434914,0.8886432636328317,0.02577779918709412,0.4399947644337291,11.239818232781163,0.21773377122287324,0.42818562984739933
1438,V3 | V6 | V8,0.6865794413725103,0.6072548954273341,0.3997106658489215,0.7353082582974052,0.5155682519408591,0.8909421625350233,0.09128221878621898,0.11210552797178493,0.011723663079561655,0.35246945284615877,0.050199376558792204,0.4594181179850765,2.2730845752985616,1.9359253408502977,0.4279653871404377
1439,V11 | V21 | V25,0.6132369389710517,0.5191314812922496,0.6416036787399073,0.47091561301662593,0.47460832539372877,0.9302203788427879,0.021198123385110342,0.3873571278368163,0.01669635350891291,0.9687555517533858,0.20084899483746496,0.45019354080001184,11.499834403396799,0.2533499951056986,0.427949294392846
1440,V8 | V12 | V23,0.6829661128873904,0.5063119157935922,0.5673711979990752,0.6681595645643306,0.4610161992415975,0.9400732594811563,0.05306694800846653,0.06089877513474206,0.003701769219012598,0.7856384655391573,0.0366067593268341,0.5570421514497865,4.001886919991182,0.8984271810241629,0.4278449460043839
1441,V5 | V7 | V21,0.7444415878951933,0.6329322605783512,0.23247348547418284,0.7014203482565573,0.528979214706942,0.958611686337651,0.036628670484888874,0.19765376337859747,0.002687814527696938,0.591553115136631,0.0931651164757387,0.5985057784964879,9.991767029327072,0.516201818864373,0.4275708641488393
1442,V11 | V13 | V21,0.6089624644236679,0.525878943826678,0.6281610416718608,0.46766954615299494,0.470803439409412,0.9373756447378271,0.01874519290886399,0.41343298386437183,0.017063200465721195,0.9330701457777135,0.22818029780642185,0.38023601400011064,11.99153867554757,0.25922951988490606,0.4274530743680283
1443,V10 | V22 | V27,0.6077459508224345,0.5051634142025201,0.5595155290122037,0.5414834297476527,0.4716129435902462,0.9122850639295983,0.04532411551870567,0.5554593178361914,0.012221634394767512,0.8923340874200587,0.051213743740596916,0.4383558533243844,3.489405209336433,0.7824673401492733,0.4273763655839323
1444,V12 | V22 | V27,0.6031341537083413,0.49598875865051373,0.6606016623458172,0.5709287200139938,0.4755985358685554,0.8306271358048957,0.0417180340381058,0.4424516374301051,0.012851151907396349,0.9088947596223456,0.0401735140481586,0.3367421706928179,3.1357358743840162,0.7663796025003066,0.42736891307178426
1445,V6 | V14 | V22,0.5605534624297225,0.5301140118688842,0.5878310382883742,0.635478188544055,0.49456201139834505,0.7581714738771114,0.07976433384413353,0.41185338196956234,0.05447568859107767,0.9068258728985235,0.08285309351442499,0.4729761108959514,1.8078738174021676,1.5566484027657244,0.42735939508843457
1446,V5 | V6 | V7,0.6697787650817624,0.6184824502311848,0.3648066333585341,0.701206477561712,0.48834538488615387,0.893825614007852,0.10450383174939534,0.2574704234902041,0.0039369148898617656,0.39254806946573556,0.06495555918818641,0.5521083648762797,2.007963648279281,2.1780158808950296,0.42723498253760717
1447,V12 | V21 | V26,0.5721916279699472,0.5328518308382637,0.5881201549025319,0.5945847015143275,0.4993800795260442,0.9108986624432993,0.04846562382393672,0.27233244389783456,0.015445443164610613,0.9365618944750786,0.09440755302821942,0.5202915745132353,3.75874416620805,0.7990824089064976,0.42721290754469504
1448,V8 | V18 | V21,0.704196291002086,0.531536401545,0.5749127089677929,0.5323329335725299,0.43509045346448705,0.9607569898202212,0.07077144274588483,0.1155347676145791,0.007172922575383526,0.8638918192117027,0.059910763079812024,0.6180366140789717,3.08504603066347,1.2769115454287445,0.42719160988712096
1449,V2 | V3 | V15,0.5717219307907536,0.5360443183159425,0.348650455424954,0.719162891855912,0.504036858205397,0.9310827153114415,0.11714659999326943,0.24333100906371785,0.030384581522874814,0.8685019889645932,0.2119439346205011,0.6012728313968182,2.39250949935321,2.512408902217811,0.4271337540169083
1450,V13 | V14 | V28,0.6345909935069671,0.4973869953593105,0.7212079776281584,0.5766580145226246,0.4890359962453277,0.8866181488513295,0.02817648064383588,0.10203623378850873,0.0019720955289242834,0.9066686553027111,0.05587259895412119,0.3039169937527986,4.723985878630966,0.49583411906944946,0.4271106287767367
1451,V4 | V23 | V27,0.7029968343667302,0.5439610792210569,0.562583509046439,0.4886388596809069,0.5369876909811437,0.9272776885741821,0.018107627155908357,0.22401640570109116,0.0036426656184498953,0.928405499108357,0.022338631287522427,0.3665451201116533,13.637732874321328,0.26413483654300945,0.42707789817659186
1452,V3 | V20 | V28,0.7068938636491746,0.5521532277159806,0.5997006025705796,0.6011567387244416,0.4860814988872087,0.9317780770974974,0.04220173854838715,0.07365367961754483,0.0010238649600306862,0.5335081604582219,0.03151268610364566,0.3765486764455558,4.304959869243142,0.7930981097316849,0.42696120789664954
1453,V17 | V18 | V24,0.5470544298281823,0.5258847262517077,0.7594767692423353,0.6695092443476408,0.44104435923327895,0.6616610380395429,0.04258678874204501,0.36745945172100425,0.03837298514007979,0.7894518308911367,0.212699095872032,0.36378646062930725,2.753670456786762,0.7384912391734213,0.42674340006941747
1454,V9 | V11 | V15,0.5549369015261791,0.5340206111397069,0.7614356399117213,0.530391416993631,0.48344482749790724,0.23931537360113064,0.03049821147051765,0.776340281884555,0.47265287039407416,0.9449307881272836,0.38603938412765765,0.25332572895075695,3.5678739105827564,0.5657251907903921,0.42663986080179506
1455,V9 | V21 | V28,0.7244562543576674,0.5644045935322175,0.6881565042557557,0.39952186338207846,0.4962467759156511,0.9453912711922933,0.029577837051820866,0.07512453456204314,0.0012751858637691442,0.8071119634643379,0.044976266507792406,0.42605621869178617,6.263764389273546,0.4490661828298835,0.426438380577585
1456,V9 | V11 | V26,0.5458273471867429,0.5463335274434045,0.7733538663913136,0.5281344606754973,0.4931779481346007,0.2713773009242509,0.03450962542851449,0.7218979908689035,0.44020691694211717,0.9518195980647567,0.3049250307589919,0.18185160087717203,2.590464249290825,0.6873460275481106,0.4263631677185825
1457,V18 | V21 | V28,0.7231975141638012,0.5315642453534482,0.7680946186708827,0.38079049696626444,0.45897457937399855,0.9404010730207855,0.018028577472509934,0.07854791505432575,0.0012787873721787659,0.9081705355538969,0.04639524249101618,0.4190247834549176,11.591303889740542,0.19838927457722091,0.42622514866685496
1458,V5 | V17 | V23,0.6884082047676641,0.5195057654045194,0.4840336259187523,0.7186679504885111,0.43720473886089456,0.9461869073940453,0.035954356794531864,0.11931170813543752,0.0032107772371554005,0.7617235422520615,0.08347960005461531,0.5630895768458616,9.065733673137863,0.5248007547534879,0.42617885850867826
1459,V6 | V11 | V13,0.534299641610237,0.5114291334795116,0.688987173163825,0.46732974914665937,0.43016960958862394,0.7918211767709693,0.0992256355126228,0.5978234484554956,0.08423856761658502,0.9224088564956767,0.14002270477101106,0.43209349739234676,1.124027697313273,2.0152800122267593,0.4261515029409367
1460,V3 | V4 | V13,0.6405670504821032,0.6138731785222435,0.5336239783464589,0.7515761226101115,0.6038337593702001,0.19751971337104018,0.06592548454601545,0.5080490760742389,0.1243001923528095,0.9281902660303905,0.24027282796307942,0.24828814726841408,1.4197257152353029,1.345612329614787,0.4261036918290246
1461,V11 | V13 | V19,0.5393590670426034,0.44312666888085994,0.6712869826761201,0.4288829152961937,0.3743235995842221,0.518992660135279,0.06875327163221401,0.9539769495193368,0.6245285667552836,0.9622761184338671,0.31257802739080975,0.2571102549496986,1.5088354737322938,1.4288299005181877,0.4261024655438462
1462,V16 | V18 | V25,0.5962338702417939,0.48099387832104534,0.8314960455952034,0.5397801305691596,0.4158049784879673,0.4770985550152416,0.025198047559841664,0.6701309925929514,0.20019919466623304,0.9679848369852196,0.19552892073922531,0.31807973367788084,5.2452419574786004,0.414770627763044,0.42606271596793965
1463,V2 | V6 | V28,0.6853453420780101,0.5755581963649878,0.6426236004658428,0.4679550143871741,0.4943444782888892,0.910664037943326,0.07501133704187912,0.0517393713954891,0.0015170496593081859,0.7802706802618221,0.0246481801052395,0.48454039166690216,2.794265442814874,1.5076400574144981,0.42592040501676653
1464,V5 | V14 | V22,0.591683537686691,0.5076159379100444,0.527139133897523,0.7093421518692284,0.47179703320814104,0.799466982001719,0.04554106970165756,0.3689687884238574,0.015057663514767651,0.9596922666892179,0.1354915999882921,0.4960651698357333,4.341503231057306,0.7662267736733864,0.42588153681333024
1465,V6 | V16 | V23,0.6367801727390673,0.5155969747973332,0.6764912317561922,0.5066142678572831,0.4381134221628702,0.8884976774352612,0.09100869059816562,0.19118571140855176,0.005975161568951365,0.9089498142588898,0.05181994943994134,0.5083353471823747,1.7284232393037846,1.8185352300999598,0.4257577775215261
1466,V9 | V18 | V19,0.6488557004740931,0.5423750311492773,0.766626686814826,0.4876524996601776,0.4245901633752094,0.2552619667987287,0.03310326353325561,0.8450132758537766,0.3700127315850972,0.9868811407211328,0.14816899208703144,0.15646475218611045,3.1365095241112897,0.7110242223273253,0.42574643501185805
1467,V4 | V16 | V25,0.6666383061401716,0.5993946748617833,0.7670208100159234,0.6444851683388526,0.5907419247308447,0.0,0.04562139682239945,0.6056166684716825,0.19963070790907486,0.9069599498906562,0.15899484315151927,0.25453570665161196,1.5569068523573497,0.8060694493265108,0.425491097304718
1468,V4 | V19 | V20,0.6646847410508673,0.5651830134857495,0.5323175651998108,0.5013317309829114,0.49201732908803714,0.8307842370790425,0.042027975707365564,0.5255978336332039,0.012453016734269776,0.7873864534245055,0.053042630540911594,0.3773453854889523,4.1107630002151145,0.7803850344148279,0.425391430748094
1469,V5 | V10 | V23,0.67708219767497,0.5461160992523898,0.47092235661085513,0.665523672885997,0.4661062769421086,0.9480961548270387,0.038124328642967116,0.17331250961922398,0.0037188226059764132,0.7204297546809153,0.0763977221660548,0.5713597212384351,8.238176805114147,0.5669959625323712,0.425277086508361
1470,V6 | V14 | V26,0.5296030939017226,0.5449278446959219,0.6022417164649263,0.6266668645453122,0.5058619554839295,0.7477597848685266,0.08057966284128416,0.3850185310596615,0.05601849435760048,0.9239256414553171,0.0691315367835851,0.49597217246007047,1.7072077589574453,1.5427147268642174,0.42505806802985563
1471,V3 | V5 | V20,0.6773969281609465,0.5827549118143237,0.32877462479974096,0.7232993084260979,0.4712730429565175,0.9136412180009256,0.06640292816169985,0.2616375604758619,0.005789334361495356,0.6797723669104491,0.06709401950678155,0.4498883123557411,3.472041183284384,1.3467322414784875,0.42504270575613734
1472,V14 | V22 | V28,0.6211804731749194,0.47701425381170137,0.7202596995467266,0.5833125806108503,0.4866054891388322,0.8886324742647504,0.031143483979347998,0.09990204516487981,0.001960380838480957,0.9520940103152657,0.0607968683756268,0.3663577088749519,4.463810915672567,0.5062440008324786,0.42499939123391656
1473,V11 | V13 | V27,0.6089546216340619,0.5038297044659656,0.7064937318461103,0.4239387365333566,0.4583218398375079,0.8289081314690768,0.000489192831375725,0.7024906667148213,0.014140126625199144,0.95058965570568,0.06742143143760791,0.13240689030500793,33.90167599181105,0.05594257103903425,0.42497025545036915
1474,V7 | V19 | V21,0.7183709380705913,0.5871278699385392,0.30294387852715743,0.598524712683837,0.4958981828927444,0.9516925705302862,0.03150897126336511,0.28076958377759853,0.004346603081871177,0.981294123033002,0.10231189703451479,0.573864694940722,10.169527641444299,0.40222894746725363,0.4249033122938549
1475,V9 | V17 | V24,0.5483131700220487,0.5587250744304767,0.6778904043624879,0.6801696264594611,0.4783165557749315,0.6222811353344943,0.04056636125741934,0.3488536643540012,0.03791384698467182,0.9028774169134333,0.20292805148020948,0.3274208056224809,2.8425619749346476,0.7257460553820282,0.4248501892207173
1476,V5 | V9 | V28,0.6809235068012051,0.5274567092262115,0.6993524549290455,0.512425483650013,0.43284796790465885,0.9223029721555395,0.03737877290167425,0.08936587143286258,0.0012763798075169014,0.8478488296327972,0.049261171047357444,0.42753477233875503,6.038638669254684,0.6565979585484145,0.4248379322593836
1477,V5 | V18 | V28,0.6796647666073389,0.49461636104744217,0.7775278385345744,0.49750271445937033,0.39557577136300637,0.9095538838614936,0.028877521584940363,0.09327472371215628,0.0012799837193949956,0.9492848333334334,0.050806475205490684,0.4054169223901984,7.737057283447758,0.473761295656746,0.42461069206922947
1478,V7 | V8 | V28,0.7409014881534729,0.5347531642672105,0.5388237192222092,0.6337440536213922,0.4713131926478207,0.9445499391575725,0.04755859182248426,0.01766875403891198,0.0003238421478728676,0.5571101067149495,0.02888148102560338,0.5530099914253802,4.658510463397003,0.7749644443313864,0.4245668873634641
1479,V2 | V5 | V27,0.7305033866136068,0.5985604514497849,0.4353298286355551,0.5902356471320923,0.5076882526070821,0.9223308318013974,0.030264271763161293,0.20806577402039184,0.00515537970716668,0.5993977901174636,0.026889153663820498,0.5231677979762728,10.714280738587686,0.4230374700226441,0.4245554577297309
1480,V14 | V24 | V28,0.5691880708691113,0.5091235161895185,0.7471682051522568,0.5767543561764298,0.4962239680867276,0.8872071503530654,0.03196109457562528,0.09515328561143567,0.0019702099849016083,0.932682312472442,0.0527337797141205,0.3704896443351553,4.088438703661478,0.5109782972814283,0.4245533642905537
1481,V10 | V21 | V25,0.625438788491472,0.5408379325764131,0.46936074616897194,0.5723473215387715,0.4903299362529626,0.9475042415587762,0.040476736430730624,0.33447603452542085,0.014357080689680599,0.9208738904601772,0.12516629797766554,0.5902472911130427,6.327914916442669,0.5842462354616663,0.4244903129884171
1482,V14 | V26 | V28,0.5902301046469195,0.49182808663873906,0.731117181277204,0.5735330947748652,0.49790543322441677,0.8897513230102335,0.03328786187071853,0.09482196571993383,0.0019688749275157246,0.9683414908965037,0.05098033283409262,0.39453399524063476,3.8842215020018576,0.5150139123641863,0.42436243264171347
1483,V9 | V19 | V27,0.6688808262552309,0.5271526476300364,0.61711192756306,0.388191844518254,0.435875688598858,0.85958490760897,0.024646512096991816,0.6605708061224493,0.013904775057015267,0.9857935475363969,0.03719212550126902,0.2826981257267417,5.610871003052244,0.44391954098503217,0.42430532053348824
1484,V7 | V18 | V23,0.663308281906835,0.5115489973261196,0.5952812429884441,0.6203063459005584,0.43557831077825226,0.9514015966813572,0.024413605060095815,0.19435461674901813,0.0025207908432480753,0.6987652145607228,0.09618431770536957,0.5647978218020963,16.0485496625208,0.248058087973715,0.4242940491776481
1485,V2 | V5 | V28,0.7164754173349785,0.553060122406148,0.589137376192289,0.5681503276132671,0.4715795000986851,0.9385520221798305,0.049252816913499385,0.046487181587384914,0.0010103177417998938,0.5795811400688821,0.0396111304250849,0.5400602154939416,5.738092648782107,0.8625788752844178,0.42408839119181546
1486,V10 | V15 | V27,0.585905136633871,0.5076643307258601,0.5563680486146576,0.533095382606013,0.4731797670391372,0.9102228889819485,0.043165189897324686,0.5438716687249007,0.012353716690866323,0.9408186545453597,0.04799192074818838,0.39478522303337915,3.5966500134253496,0.7721722235588712,0.42404095087262955
1487,V11 | V23 | V28,0.6943772836427785,0.49380796386988335,0.7994521267112845,0.4140903840255182,0.46519312201356605,0.9425808038199947,0.01696032908731954,0.053742858474146636,0.0006757824213499128,0.8977521699798151,0.05187753931340682,0.35179384528063995,10.587909964004254,0.22951873075281054,0.4240003276162791
1488,V5 | V16 | V23,0.6679102479960363,0.49309890083849334,0.6270006935355594,0.6000674092859222,0.41534844397266607,0.9400876263754987,0.0221049125683058,0.1754507902359587,0.003915573179006825,0.8709630587501783,0.08078573491173249,0.5371930759593482,20.160008464174194,0.22389998533711902,0.42391920520926674
1489,V12 | V26 | V27,0.5721837851803416,0.5108025914775514,0.6729377500450612,0.5609040378182086,0.48689847995413993,0.8324053471544698,0.04605635650711431,0.4126085443939471,0.012958931881233322,0.8350539801666479,0.03346143732035605,0.3732909707236067,2.6043795953873885,0.812870857611154,0.4239182583275949
1490,V10 | V13 | V21,0.6211643139440882,0.5475853951108413,0.44970466242070034,0.5696934688044526,0.4865250502686459,0.9530582936431796,0.03995878089961952,0.35542816964194635,0.014638494706736104,0.9240619248690868,0.1382632292283003,0.5174644942054376,6.405486674933272,0.6442885498744667,0.4239008719080883
1491,V16 | V21 | V23,0.7114429955524982,0.5300467851444994,0.6138769453987039,0.5069286426655305,0.4787472519836584,0.9523945295370074,0.02757983941238589,0.14879820375536043,0.003911972379482527,0.6816649536936927,0.07358009165415222,0.5455689089324426,9.806738168364074,0.32002820657841513,0.42385632394650014
1492,V11 | V21 | V24,0.5435595417858123,0.5376154646568859,0.6597266592314296,0.46778909043614253,0.47799141125081207,0.9355266957154704,0.020609528459697095,0.3778488630863547,0.017024600802320485,0.9732662994677912,0.208388337553969,0.4312564392897168,11.301307133680597,0.25489353521006725,0.4236749791128614
1493,V12 | V15 | V21,0.5813011823093834,0.520538914534566,0.5701995218292901,0.596563942736366,0.48964695888935056,0.9032541019543323,0.04879859806494799,0.2842194343600771,0.01549421938301998,0.8957465223596441,0.10666427043890583,0.4515274565875196,3.758693168517459,0.8769535958747798,0.42352796804344695
1494,V1 | V18 | V20,0.5728702220360539,0.5100910153276593,0.5949085979676244,0.5897405751169589,0.38413720656931183,0.9146506419738105,0.14885283207043173,0.31360612180559994,0.010986895641727102,0.7044121494647775,0.07013513022960491,0.491561439776416,1.2400647663931328,3.3378728482482263,0.4234765209171562
1495,V10 | V26 | V27,0.5767955822944345,0.5199772470295578,0.5748232007417698,0.5308505048979695,0.4829128876758308,0.9121181152358032,0.04753585538354351,0.5132068876482239,0.012320617906936825,0.8291632498709758,0.04290705947353669,0.47058151864707815,3.065120314813772,0.7875006811039904,0.4234001346886162
1496,V3 | V8 | V19,0.6916388668048766,0.5389524308286824,0.36600589272158807,0.713048418941132,0.4597222419364573,0.9105253804458662,0.07543604787575767,0.14262805713907137,0.014002192796906057,0.8270653953581353,0.08550128727466322,0.5023908825587369,2.9517990331585318,1.5119148850790065,0.42326487736806545
1497,V6 | V14 | V24,0.5085610601239146,0.5622232742467013,0.6233473841741185,0.6295673561803097,0.5041804903462405,0.7376834064165307,0.07794068125508216,0.38672270774061945,0.056268064157130544,0.8160712515107825,0.07154993478152491,0.44638527173796144,1.7679696763531,1.5282145111984375,0.42321992371424455
1498,V8 | V9 | V21,0.705455031195952,0.5643767497237692,0.44720956751891,0.5462748003600824,0.4723626500061395,0.9627683477329955,0.07163654712387575,0.11083218308821474,0.007147777490874231,0.8840892903772587,0.058087975187355985,0.6011056179159618,3.251841361701038,1.3271126434297407,0.4232072470413641
1499,V11 | V25 | V27,0.613229096181446,0.4970822419315375,0.7178632416747961,0.42747738848621636,0.4621267258218246,0.8188630923244418,0.011661130153103789,0.6431305040089024,0.013874893982287997,0.9022019431391396,0.06205978161241878,0.20389777245675783,9.6074855778239,0.22446610547984866,0.42312155092175796
1500,V7 | V13 | V18,0.5638576506194907,0.476070408878565,0.5932981320270032,0.6063665156105864,0.39259827609379727,0.9186348430977974,0.02691566450125846,0.5192679812272719,0.007681449305355207,0.9246019099267104,0.21105939269011037,0.5840771527548848,13.802434329521322,0.2883282449134095,0.4230139038950416
1501,V2 | V18 | V23,0.6493779234148543,0.49922642755826563,0.6190399934749476,0.5257643367169179,0.42676894825029643,0.9526524956063486,0.09711566240419076,0.14487117394269197,0.0052825200388950016,0.8250102133869079,0.07881005759145895,0.6135545487153727,2.444464630950896,1.9565782836783574,0.4230082803857761
1502,V17 | V21 | V25,0.6367647955841657,0.5142275987285426,0.48251583325286107,0.6356102428818264,0.4614283981717485,0.9368765464829365,0.03454129721995696,0.2196552648698063,0.010974176465781487,0.9626508393590776,0.13880609456663986,0.5632094476915733,6.9660571337425985,0.4598375377403144,0.4225383244257178
1503,V6 | V10 | V13,0.5465014911306569,0.5331355847636752,0.5366826508074326,0.569415844622879,0.44589122044785773,0.8288582262874671,0.09443910156225765,0.4977684050093081,0.050484023695577564,0.948580195311682,0.09279929877427409,0.4751165193031781,1.5953875774057908,1.9268144456168939,0.42243160932643903
1504,V4 | V6 | V23,0.6283418543429048,0.5515605082346028,0.5385003671645171,0.5270052113186885,0.5088354607322597,0.8861300175545591,0.08826744750584486,0.20333879919485434,0.006107138234579486,0.8922620119368361,0.045856965618712504,0.45923769311283064,2.133603803221264,1.840030167676197,0.4222907565162777
1505,V5 | V13 | V14,0.6050940580187387,0.5279886794576535,0.5285794543414035,0.7041648127306052,0.47422754031463643,0.7354098975635689,0.040949097683056726,0.3789221932028459,0.015253398341620468,0.8816144454545867,0.12244835740604564,0.42113956972454486,4.589938818145824,0.7238481809880969,0.42205552683657166
1506,V16 | V18 | V24,0.5265564730565545,0.4994778616856816,0.8435844227588836,0.5370532266845864,0.41918806434505057,0.4843331080952533,0.02878857159393601,0.6477454215628109,0.24494453486248088,0.9209352561300153,0.20275245811096915,0.2699986222769916,3.9815824738737406,0.5204617399125915,0.4220262998941441
1507,V5 | V14 | V26,0.5607331691586914,0.5224297707370821,0.5435398503226377,0.7017388223083302,0.4830969772937255,0.77843022670643,0.045630153936396495,0.3460935971870766,0.01519925593223793,0.9474566547687581,0.11017159181658402,0.5055560222888225,4.054661733693754,0.748549078298086,0.42201024501997075
1508,V8 | V11 | V23,0.6753760604810635,0.49378012006143507,0.621767983827327,0.5572089360348066,0.4413089961040544,0.9449299070288436,0.05246189064991357,0.08204321245388968,0.0038697821082263432,0.8717615632391921,0.0670187132674852,0.5163094584462159,4.076716489705169,0.9255538962554616,0.4219230433720836
1509,V14 | V21 | V22,0.6352162852431533,0.5445638222160505,0.5107878018496294,0.6357217797344636,0.5351958412191332,0.9221399602829141,0.029556276697572416,0.30221772962740406,0.015029642266976265,0.3608465759795585,0.12155864403179706,0.5177588446797522,8.052254840612962,0.383973670831003,0.4219081408326196
1510,V5 | V11 | V22,0.5520191965351581,0.46855831797306285,0.6397614518240737,0.5744113325342212,0.4049741242919243,0.8345557168907488,0.041207377069272036,0.5065506054238058,0.01685944319700893,0.9866139762553235,0.31158455397887863,0.5209662327766104,4.658039720486236,0.6332405568123939,0.4217857426344729
1511,V16 | V19 | V20,0.6731230594470298,0.5292194800484799,0.6719144393184453,0.4798544592938269,0.4212952905186476,0.8363481517028114,0.02899677683372126,0.4807314774603893,0.012051582435442272,0.6478873590578444,0.05992311374912882,0.3947976658403921,5.9750896661171655,0.458730749730488,0.42176832488392185
1512,V1 | V18 | V19,0.5766164483534707,0.49691806224880936,0.6373509318555366,0.6008840306640745,0.381662075528072,0.691321052252441,0.1105905974435769,0.44350377558128307,0.10094645664823783,0.9392604149611893,0.1581270388396743,0.3356560495478191,0.9906644322462786,2.391092480251972,0.42172177521420284
1513,V4 | V5 | V23,0.6594719295998739,0.529062434275763,0.47043142850499964,0.6170708869418298,0.4860704825420557,0.9374353819308873,0.04102409567118007,0.1864378578157994,0.003989768244094761,0.8887542216735285,0.07126261043956643,0.4880261003336329,7.635362734524777,0.7221033429334217,0.42165533349934786
1514,V14 | V20 | V23,0.6747278131640644,0.5308358303442461,0.5195287932833046,0.6051372206895026,0.4866016742261337,0.9435533431630956,0.03461706046336871,0.16331593468135047,0.003261669694606744,0.7393491929915645,0.032950138199318704,0.5501932665990804,6.808913426845326,0.47240023451713065,0.4216522567206962
1515,V10 | V21 | V24,0.5557613913062324,0.5593219159410495,0.49545557390795303,0.5697911481377717,0.4937130221100459,0.9527639407184414,0.042418901507629454,0.3267831741947968,0.014608947140770552,0.9329483849040431,0.12886161044200034,0.5800250898156414,5.96446695945306,0.6404795507943878,0.42160921360087616
1516,V12 | V15 | V27,0.5812933395197775,0.4984896751738539,0.6580750760651417,0.5630194929774326,0.4771653593174464,0.8107416115128899,0.04082133715475191,0.43432698146472337,0.012994986291756678,0.8993772835104712,0.0375833896060662,0.29386059748437254,3.0645334736591163,0.7804940913059315,0.4215201783138256
1517,V1 | V21 | V27,0.6662449715156731,0.5644479536753864,0.35106536135410316,0.555430631754176,0.4894274405769104,0.9365342719279478,0.14925930231066284,0.21355822103390526,0.006117549414638722,0.8432557516767807,0.03257449041069397,0.5087797171747698,1.1628220451812958,3.3158313278966767,0.42141031551092223
1518,V9 | V11 | V25,0.5944627105941741,0.5451449736295477,0.7743647978013678,0.5344137689060042,0.48811339713982843,0.21153498619241215,0.014609977517995329,0.7537405857635515,0.32232363928543795,0.9557080310069298,0.3106217185190724,0.23151653441367012,7.226346121803299,0.2502326387843259,0.42132325355817374
1519,V11 | V21 | V26,0.5646015755636207,0.5203200351061065,0.6402552490175223,0.46378904276345095,0.4796728763885011,0.934364732475889,0.021296724253410934,0.3762021364833946,0.01699734275957736,0.9661093174183648,0.1980521524243967,0.45169434225626637,10.733038576912412,0.24931830649731246,0.42129963618913746
1520,V2 | V5 | V6,0.6558484065897818,0.6061598804633309,0.40332864865106394,0.6218242341135071,0.47953602235819803,0.9001947452225959,0.09868654524031818,0.18913894462999856,0.009489492627428674,0.6196193255615998,0.053782803714626036,0.5353376098352377,2.485903160736787,2.081221724615174,0.4212717876060178
1521,V4 | V15 | V18,0.5482697427776365,0.5058330492684743,0.7232258438513379,0.555067939294035,0.4818584474154356,0.2941747002945036,0.036974505662554356,0.7709788693986649,0.4811161623190207,0.9321355360098458,0.18984834616158108,0.28382665613222174,3.1781997818030083,0.6919817612084098,0.4211470730090865
1522,V12 | V15 | V18,0.5612682137386397,0.5137120586930947,0.7966120851517162,0.6353472818995262,0.46587983409379774,0.41029356293264696,0.04330753836436424,0.5228811848559414,0.15507415139807612,0.8820877352951524,0.15009939781704512,0.29008256221797607,2.4420054829721094,0.8077906103912117,0.42114565478819815
1523,V13 | V17 | V21,0.6324903210367815,0.5209750612629709,0.46342378401350176,0.6332695777558456,0.45762351218743175,0.9446898664122764,0.03271755972365894,0.23147322535745382,0.011152310897947774,0.9415937379599677,0.1540564259540065,0.47478077794266593,7.284070941808401,0.5031924482828529,0.42109529894764375
1524,V4 | V21 | V23,0.7030046771563359,0.5660103185817692,0.4518985186058029,0.5273071493942991,0.5494692905530479,0.9515418069831827,0.03175425878970041,0.1579486325210221,0.00398608106684802,0.755208514924591,0.06501484010744675,0.4606826252620658,7.955902716305873,0.49999255282435,0.4209501125277696
1525,V18 | V19 | V27,0.6676220860613648,0.49431229945126726,0.7091075856572585,0.369027331277389,0.3986034920572056,0.8182150346013292,0.009133273262938118,0.7122010191493228,0.013978854969422694,0.9691213874048931,0.03839556921992593,0.24430000356101284,13.302694703764633,0.13926434813338542,0.4209288830083384
1526,V12 | V19 | V23,0.646399750736275,0.4911370530605716,0.6245884902342081,0.5828862185752623,0.43701083740622015,0.8991924450802103,0.04416773567776157,0.20679598015814385,0.006528818992185242,0.8552749702726715,0.06526338301221093,0.4612353237413097,4.120792582281093,0.7554166701753007,0.42090910434294265
1527,V8 | V14 | V25,0.6198642448926359,0.4906116890164339,0.5192313856529843,0.6863714349445766,0.4689567563201329,0.9149481248083342,0.05558473344458846,0.14140273673126125,0.01401350553195726,0.8788688742285967,0.06647760079939162,0.5925479257259639,3.9914364631257726,0.9313829799088371,0.42088311092263836
1528,V6 | V9 | V28,0.6497934315442363,0.5499547831850513,0.7419820058810026,0.399132957691701,0.4556129460948629,0.8833408799844222,0.07675596511033873,0.0974584933674895,0.0018750399482369005,0.8772103919017936,0.03135281001579808,0.423674054542721,2.124841197462878,1.5597743057288431,0.42075903774452567
1529,V14 | V15 | V28,0.5993396589863558,0.47951517033504154,0.7180402633135147,0.5755964114761176,0.4881723125877232,0.8844876288128142,0.029326242675689056,0.09855019433045674,0.00197169711409467,0.9417347377647691,0.05697275902840688,0.3247697168457932,4.815887151635724,0.5091965580439295,0.42066838361980546
1530,V2 | V5 | V21,0.7305112294032128,0.6206096908104973,0.2831097508633228,0.62207449929579,0.5201698521789861,0.9521278539638288,0.05825760505888106,0.14724837490124884,0.005703734719193146,0.6023281805866836,0.07644303815273203,0.5962127672271569,5.607259424317678,1.0498354970288153,0.4205053803746197
1531,V6 | V14 | V15,0.5387126482411584,0.5326149283922244,0.5848714887884765,0.6285245063333756,0.4961288348472361,0.7314373552879223,0.07553483049249898,0.40456230697610235,0.05654840227200557,0.8930205527202271,0.07745458908339498,0.4310713389894588,1.998122301892527,1.5054440758066088,0.420497041153736
1532,V6 | V11 | V25,0.5385741161576207,0.5046816709450834,0.7007907301193502,0.4705779938021261,0.4339744955729407,0.7501372310450148,0.08774633713089264,0.55197570135536,0.07736579325574822,0.9415862888407729,0.12669341114496718,0.45477727440214266,1.3856248255263413,1.7301783378120936,0.4204845697462786
1533,V5 | V14 | V24,0.5396911353808832,0.5397252002878615,0.5674357059921246,0.7042396596276088,0.48141551215603645,0.733299020650826,0.04716936284461191,0.34755157672202863,0.015221669269550401,0.9381413216362928,0.11449701495385771,0.4691951315422964,3.5017602584319314,0.802720621762845,0.42047646229142277
1534,V11 | V22 | V27,0.5955441013020144,0.48345696291835666,0.7055146962877461,0.4329222616989511,0.45589133273101246,0.8286550483714089,0.006914880730850121,0.6763547384518867,0.013968303719739016,0.9220087999078483,0.07346249393651065,0.18579437990308767,14.802433685493975,0.14371594574020533,0.42044770974869805
1535,V3 | V4 | V26,0.5962061616220555,0.6083142698016724,0.5484243007490303,0.7493679953645291,0.6127031963492892,0.22197525833216097,0.07050284743892114,0.45744202341269813,0.12153823500910743,0.8865969087244391,0.20765734709862446,0.29945957526112515,1.2242485691811813,1.3833457503200224,0.4203567518594306
1536,V18 | V19 | V21,0.6676299288509705,0.5163615388119794,0.631256870349456,0.41754703758277345,0.4110850916291097,0.913585328889876,0.022608037046929035,0.4175774642647617,0.016839893202593752,0.9753705672489558,0.10917785790360048,0.47214324782808725,11.125474506063274,0.2675019694962697,0.42032186606581234
1537,V7 | V9 | V23,0.6645670221007011,0.5443893455048887,0.4738875543333652,0.632045031563351,0.47285050731990474,0.9514008427861035,0.027254652083157388,0.1862666706603221,0.002514263107979486,0.7032867532034561,0.0930333769501067,0.5473465796372243,13.203963435659066,0.3314862197332665,0.4202500822730877
1538,V7 | V18 | V25,0.5681321251668743,0.46932294634413685,0.6077793286807126,0.6088349387612438,0.39640316207811405,0.9000376521329807,0.025629462514487878,0.48248257243054293,0.007583014879805296,0.9022957420581617,0.18680033255224265,0.5820947279180074,14.936306987553147,0.25993014344110327,0.420236034649334
1539,V4 | V23 | V28,0.6889688650881022,0.49846075017742,0.6837382687686889,0.46149771750429586,0.5008789384727468,0.9385041744972747,0.020091072999337708,0.05084204276863055,0.0006736174731664352,0.9352683154738249,0.033572305353749096,0.3561618150076352,10.567156114477024,0.31064504892125294,0.4201771047907896
1540,V6 | V11 | V22,0.5208891212781891,0.4910563919319026,0.6879702396559928,0.4755796551288648,0.42773910248212843,0.7764221815071617,0.09729905657952942,0.5777375720363124,0.07968305200081556,0.9209837144807727,0.15590850463133557,0.4708888666652653,1.1690131374341903,1.933542876748628,0.4201747481575734
1541,V8 | V9 | V27,0.7054471884063463,0.5423275103630569,0.5588985471946838,0.5090857004277322,0.4598810504342354,0.9241232054092259,0.04271591689567043,0.1556883443702376,0.006393174760439208,0.8427390178523549,0.019424992242006826,0.4643400050903381,4.416264720834899,0.7232471362850581,0.42015138290289994
1542,V7 | V19 | V28,0.7043351260023574,0.51957830153419,0.599462490052796,0.5418766619684491,0.44730783081244335,0.9142616643296249,0.02271263911500112,0.09358114526765221,0.0007520793684628391,0.9232067275384053,0.05223728799146503,0.4390286901702233,10.82540801198898,0.3013854923476815,0.4201469350731971
1543,V5 | V10 | V25,0.5819060409350095,0.5038900482704072,0.4872185822318054,0.6550449892490171,0.4269311282419704,0.9153232685885991,0.04930705158887178,0.4123336456694352,0.014382968164363486,0.8484327507316411,0.13970105896455598,0.6115796366823243,5.800304930814694,0.7939008974089747,0.42006931945824105
1544,V4 | V9 | V13,0.5847798174921138,0.5565452224715125,0.638083221033988,0.5694809362316866,0.5199943276146924,0.24048378941182494,0.0499636593962038,0.760102336590746,0.4273496360195678,0.8569113680056091,0.1767524854196166,0.24806408362625215,2.4368737248891286,1.0314696839351523,0.4198727172802043
1545,V11 | V15 | V21,0.5737111299030565,0.508007118802409,0.624282656366528,0.46635190577636293,0.4699397557518075,0.9355420570548535,0.019359839288283665,0.3950760643595197,0.01705503436875955,0.9475815711865782,0.23554291664961768,0.39508774941470093,12.08453794890973,0.2617400249189686,0.41983815494790727
1546,V7 | V18 | V22,0.5504471302874427,0.45569766733095596,0.5920465466124827,0.6126432637149221,0.3901677689873018,0.9381934462705342,0.028180536480411772,0.5032133160986869,0.007617824387819008,0.8781562006938627,0.24161238524227632,0.6322240073175874,15.479234725630743,0.2816590691486912,0.4198163187963432
1547,V6 | V10 | V25,0.5507759656780408,0.5263881222292468,0.5530210383955202,0.572071152821075,0.4496961064321745,0.8101674946995375,0.08916540832493246,0.4632991139204513,0.04784516268740383,0.9288841872721958,0.08503627915188003,0.5204352914865704,1.6789438036122346,1.749238423581941,0.41980960435254555
1548,V2 | V27 | V28,0.7600003221018349,0.5679587673514419,0.6619422767974791,0.4246200614963789,0.5224967085377732,0.9346460014144671,0.02327118965084789,0.057852909742469885,0.0009114444502851658,0.39767541849982,0.009283209097858711,0.5132683960707403,12.923197438642077,0.2551673919116365,0.4197846783316813
1549,V13 | V17 | V27,0.6324824782471762,0.4989258219022586,0.5716748837128756,0.6021507068946319,0.4451419126155275,0.873428400976181,0.016411114289855748,0.3411823710247711,0.009672988584737337,0.9496853303618669,0.051266456886722,0.28267672953551604,9.281111563998195,0.27264183013577337,0.4197019319090867
1550,V13 | V16 | V18,0.5919593956944099,0.4877413408554736,0.8226322109514811,0.5369490049029731,0.4120000925036505,0.3657088867409714,0.011218798428130308,0.7338542111802805,0.2514121053208974,0.9773125144755586,0.22167305892251998,0.17604916593005215,10.725385282924204,0.24920165498725602,0.419593950342408
1551,V6 | V12 | V25,0.5461641685639476,0.5172134666772406,0.6553920583233059,0.5998326406881302,0.4536816987104836,0.7180004912810363,0.0767364865224706,0.3765698223711716,0.056239727377049874,0.9622146314286979,0.06639478151697967,0.4444945041982819,1.820567793714537,1.5038986896715594,0.41948119226086156
1552,V6 | V18 | V28,0.6485346913503703,0.517114435006282,0.8137676404278028,0.3803868899878341,0.41834074955321043,0.8725077328543815,0.07684494545797424,0.10165781113109487,0.0018799500939266013,0.9252553994627085,0.03240636218699854,0.4398124004474989,1.9182032810960075,1.5234098887035774,0.419405073698774
1553,V2 | V8 | V28,0.7269711296614921,0.5224305944993566,0.5655865440764178,0.5419246681668138,0.46250383011986484,0.9484025039902465,0.044945071676092366,0.006147533308901891,0.0009741043162727513,0.808886983527179,0.02329423836739837,0.5697665117498417,6.281624681536459,0.7261016821330417,0.41935879476339416
1554,V5 | V11 | V25,0.5697041914145895,0.48218359698624363,0.6539722610018465,0.5703022893965226,0.41120951738273653,0.7781771294834816,0.040684927318657464,0.48560585519577876,0.01673002734896303,0.9787970009857982,0.23128715919909196,0.4580682529868269,4.2045524024033485,0.6664458272659405,0.4192789255961225
1555,V16 | V18 | V22,0.5785488753623624,0.46736859930786445,0.8218711973964122,0.5441440678084356,0.4095695853971551,0.4386447675721548,0.0181695009117382,0.7057555634573173,0.21587272352558506,0.9000584286777362,0.2548738835902302,0.2624163467924937,7.680692505600527,0.32307472485818917,0.41897812302213444
1556,V7 | V8 | V27,0.754929457432101,0.5802534933108475,0.36349312368159226,0.6531904342138357,0.5074219451562175,0.9356459935944559,0.04417978023038121,0.11764570327854118,0.0023943144318066853,0.44129141864777943,0.01874809509891388,0.5479970972925313,5.00886374462108,0.6978458600177202,0.41895657728627833
1557,V8 | V18 | V27,0.7041884482124805,0.5094871621842877,0.6619744450194938,0.49406243053169957,0.4226088538925829,0.9144704141233808,0.03670221599816197,0.16229155033890028,0.006414461112955879,0.7734635554474176,0.020203660538168303,0.46191473898589797,4.875171777439553,0.5755742686032965,0.4189498000085624
1558,V8 | V17 | V23,0.6989039170941772,0.488876237497728,0.4542605089698012,0.699332769374598,0.4281290688820742,0.9472107919953969,0.05768557880687848,0.04649449955826987,0.0031112694017012346,0.8486791384747048,0.05096355038542725,0.6050826107850067,3.728378497101701,0.9651761722596875,0.4187261537943313
1559,V16 | V23 | V28,0.6974071834842643,0.4624972167401503,0.7883444569047023,0.4382165752868933,0.4301568999033574,0.940453999121476,0.02137689433775068,0.04712525683052296,0.000656898600646788,0.9012718321774298,0.03812648131314937,0.43331301521544224,9.236506220430423,0.2574327145341267,0.41869303592085494
1560,V17 | V25 | V27,0.6367569527945597,0.49217835936783044,0.5868395131726359,0.6046397711919403,0.44894679859984443,0.8602164113592503,0.022038979377347136,0.32140656968352027,0.00953165856201737,0.8866693132187636,0.04721166420099502,0.38111567230553806,7.039998870132733,0.3010544593954953,0.41860542375070064
1561,V2 | V9 | V23,0.6506366636087205,0.5320667757370349,0.5045626818895387,0.5398861949361999,0.4640411447919489,0.9552805538149844,0.09263723981475806,0.13901291075152988,0.005266396334010608,0.798528112231281,0.07633950495760038,0.6042521908834912,2.8329308025784794,1.8727864056870045,0.4185545067910012
1562,V17 | V21 | V24,0.5670873983989261,0.5327115820931789,0.5078970522420992,0.633355703967646,0.4648114840288318,0.9410437147122065,0.03636761312655805,0.21525096880421296,0.011133664579564558,0.9270686069103343,0.14309179693332047,0.5469680764167588,6.277056075658706,0.5141566370113472,0.4184732121613386
1563,V1 | V21 | V28,0.6522170022370448,0.5189476246317495,0.530360761224562,0.5317320307443292,0.4533186880685137,0.9472590267346864,0.15396265674561457,0.048008176719533925,0.0011876473573066539,0.7230279880475278,0.047307322219751986,0.5210210659653624,1.1244809283639796,3.4239173673675247,0.4184517674906746
1564,V9 | V19 | V21,0.6688886690448363,0.5492018869907486,0.5201618235180936,0.43498596168520953,0.44835728817076226,0.9326080323915519,0.02784440582419037,0.39515321110546314,0.016737577577990735,0.9429647361410781,0.10546529392069147,0.4738032037179627,8.933587109674153,0.3908980607416773,0.418299498198036
1565,V10 | V21 | V26,0.5768034250840405,0.54202648639027,0.4674009000570565,0.5665250197355817,0.4953944872477349,0.9524501450592656,0.04314810450756463,0.32544796265307646,0.01458807255981988,0.910329301203876,0.12377891136525954,0.599950451969885,5.813010155211027,0.6373113195306183,0.41824633474340306
1566,V6 | V12 | V13,0.5418896940165634,0.5239609292116687,0.6423507971537925,0.5973197114307482,0.4498768127261668,0.7419030466216933,0.080130022927698,0.40155282676601045,0.05986790520114086,0.8139002225617105,0.07217398133795315,0.4216852695050189,1.864758794379435,1.625015391430644,0.41803071036608797
1567,V7 | V9 | V13,0.5651163908133565,0.5089107570573342,0.4713060204739948,0.6184298371612377,0.42987047263544975,0.9096995406167236,0.04933222794534796,0.48805423987637603,0.007653537659764324,0.8684551051825727,0.2014059021669532,0.5667567795789366,5.554032576826364,0.833886924765411,0.41800567446773024
1568,V11 | V24 | V27,0.5435516989962065,0.5155662252961738,0.7332711420677068,0.42406909237451823,0.46550981167890787,0.8261867294852108,0.0018834309883997368,0.6222026788854745,0.014112290227884048,0.9484298987136921,0.0636002998457444,0.16976410190422425,30.84422868532801,0.053977193408589266,0.4178844457545103
1569,V6 | V7 | V19,0.64370811525716,0.572678059591373,0.41868854045998966,0.5982624978705786,0.45526435307195623,0.8295995054163732,0.09488825146419086,0.37869127708976813,0.006764422531899118,0.7328521627634839,0.07086374350037052,0.4975571437599633,1.7130374912593926,1.9333697615209644,0.41781543568220053
1570,V12 | V25 | V28,0.606791179309145,0.46411370862005774,0.7718691357183001,0.5436319505793508,0.4457251764509709,0.8537040266111828,0.044334483344868676,0.09316129754710595,0.001970058930130043,0.952444267401571,0.048983799099660226,0.36998300329484685,2.881149596554425,0.7888574305462718,0.4175223028515261
1571,V5 | V12 | V13,0.5730197692735325,0.501462855252829,0.5888310360728272,0.6765483315343374,0.4271118345359628,0.7724763267653322,0.06765838452081938,0.36020904266032405,0.015530689161476235,0.7914027357021945,0.11562240356073934,0.4306174378224888,2.3187407279339944,1.3226416085455226,0.41751966177641847
1572,V16 | V18 | V26,0.5475985068343623,0.4821824321349021,0.8306029513464682,0.5335676028240492,0.42086952948273965,0.4477922996243021,0.028927513283848443,0.643912891053018,0.24055778579865303,0.9279144587326983,0.1928469642161105,0.3404526354121274,4.050717675293411,0.4565565750966696,0.4173775737921066
1573,V8 | V14 | V26,0.5712288814852047,0.4918002428302907,0.5174726858172413,0.6817312830381294,0.47402130731490516,0.9179656056469646,0.05699937672343972,0.13825380084019498,0.014235006320723397,0.9606179017859159,0.0658482805090563,0.5969932720116679,3.830933781313037,0.9589824554877101,0.4170475147246726
1574,V7 | V9 | V22,0.551705870481309,0.4885380155097252,0.46967502940131844,0.6245593264087845,0.42743996552895425,0.9434607921963277,0.042622448066181,0.4734790946647894,0.0075902667625724505,0.8999106162150095,0.22965637445190337,0.6239851401615739,7.196015837933295,0.6236635177307248,0.4168798717950967
1575,V17 | V21 | V26,0.5881294321767343,0.5154161525423995,0.48061118347442844,0.6304769504101208,0.4664929491665208,0.9438701326080959,0.03676087568453268,0.21448291587306487,0.01112048337379993,0.9570857103775838,0.13720051751862436,0.5673044066320928,6.30579698522224,0.505119562969248,0.4167765366011152
1576,V1 | V16 | V25,0.5252533583150375,0.46837725759934656,0.632052668267332,0.6541939423763471,0.41014908718248244,0.7066999185670547,0.11383440038439377,0.3584398112801607,0.07954120894425155,0.9195037517857877,0.20123238158008727,0.38372773013798545,0.8981641943925244,2.4072829491969236,0.4167179078898116
1577,V7 | V8 | V21,0.7549373002217069,0.6023027326715598,0.17985091690840668,0.6813999344819988,0.5199035447281217,0.9687120497781679,0.07533669149989276,0.08308148444660875,0.0026061404512514093,0.5967077271500442,0.05651983285511194,0.6631492151385459,3.4494637344975843,1.3767415371440006,0.4165990710562042
1578,V6 | V10 | V22,0.5330909707986095,0.512762843216066,0.5352674404217646,0.576165887120306,0.4434607133413622,0.8285424542734376,0.09554249122047019,0.48274029279616865,0.04875354355553939,0.883364661183155,0.10171917585901777,0.520174540904741,1.5890468430560658,1.9109987138984215,0.4165173378115521
1579,V12 | V13 | V28,0.6025167047617608,0.47086117115448584,0.7617691888454533,0.5408223957883294,0.441920290466654,0.8654449808146464,0.05851545479905546,0.09798612771990414,0.001988357150883911,0.8363506473615634,0.05318460241563905,0.35649661120758974,2.2387714636194307,1.1391953917279496,0.4164146411224813
1580,V4 | V9 | V24,0.5193768948542582,0.5682817433017205,0.6689993514211081,0.569578656676827,0.5271822994560925,0.28742714219244225,0.04473372161708567,0.6689818796909275,0.40912451738104816,0.9085838231571542,0.16334367565892427,0.2032268957542924,2.546769236017609,0.9422445582618323,0.416378182308768
1581,V16 | V21 | V25,0.6162668388125376,0.48782073416251664,0.6258877610005497,0.4925283982950071,0.43957210328352014,0.9275641042136549,0.024723851014652628,0.3394585715265457,0.0159544126746871,0.8844165905090886,0.13355166009806815,0.5181707396153948,11.518300705141517,0.28194567278348887,0.41630811217131436
1582,V7 | V20 | V27,0.7146168689635689,0.578251583656677,0.3843663481832957,0.5531435376184234,0.48589171436208006,0.9339658985752078,0.028788855161238608,0.30421886264135456,0.0021379896579135477,0.7050193204652911,0.015256815823156125,0.5271338002216096,8.842295655677717,0.36247143175263963,0.41627050461801995
1583,V7 | V9 | V25,0.5693908653607407,0.5021632945229061,0.490081209564991,0.6208401352894016,0.4336753586197665,0.914081131276204,0.03275413986568697,0.45460808830927035,0.0075556499872492236,0.8636213580272428,0.17880568998533483,0.5874802895792967,10.239678814444673,0.42323675846643005,0.41626639544252164
1584,V8 | V14 | V24,0.5501868477073966,0.5090956723810702,0.5427199354774246,0.6843329251613558,0.4723398421772161,0.9017633886573382,0.048646342592642194,0.13872268187535997,0.014255016962000235,0.9317704259975941,0.06813834725020897,0.5629273024132618,4.331467534686901,0.7839645403234099,0.41625538031498716
1585,V5 | V11 | V26,0.5210688280071581,0.4833721508001005,0.6526595447825787,0.5644562257739575,0.4162740683775088,0.833569791072221,0.037548869765686534,0.4699176596945275,0.017032092818191444,0.9667086986038023,0.22778725441950398,0.5511424095930696,5.4297423811084675,0.5241894358948905,0.4162454970707649
1586,V8 | V14 | V22,0.6021792500132046,0.47698641000325304,0.5001006721731462,0.689639487424231,0.4627213632293206,0.9116102083069727,0.05132771652875237,0.14547141854957385,0.014108527251121258,0.9471285344712875,0.07881005759145895,0.5608443971827981,4.2198423520346555,0.8553919083534696,0.41613877335170446
1587,V4 | V18 | V24,0.518118154660392,0.5354413951229513,0.7520382440691605,0.5562738652732386,0.48991010291444,0.23268192426327475,0.034832769062329835,0.7217466264508395,0.4628304086895198,0.9404213784229797,0.1702962898623813,0.12287854698170253,2.829059391654946,0.7725142333283341,0.41609020578052863
1588,V9 | V27 | V28,0.7244484115680614,0.5423553541715053,0.7576210024340597,0.3491482566639272,0.4837651763437469,0.9207141345725199,0.02688809570906119,0.10702067436786773,0.0011612774458221345,0.5330540790844689,0.013556193467378807,0.31679195919467174,4.766424901466734,0.44899800771558307,0.4159708814382074
1589,V1 | V17 | V25,0.5457513150866656,0.4947841221653725,0.49090677103972147,0.761935636671123,0.4320053820707109,0.7407681980777095,0.11499180168153668,0.23014605828243603,0.028222838471762476,0.9118696917032516,0.21105939269011037,0.3936575954032217,0.8552822034540191,2.4168398700682285,0.4159498984611319
1590,V10 | V15 | V21,0.5859129794234769,0.5297135700865723,0.44398368267258265,0.5686171085219561,0.4856613666110414,0.9530719262568295,0.040297435213652935,0.34070033580006204,0.014632244889972265,0.916846030419002,0.14165436140941634,0.5328501457575685,6.398366028917895,0.6380376455350323,0.4157598741624886
1591,V11 | V15 | V19,0.5041077325219923,0.42525484385659096,0.6677559656546599,0.42745994200494986,0.37345991592661776,0.5285819344658862,0.07043242012580044,0.8838446692268591,0.6160870766490955,0.920905328229156,0.32509875629725266,0.2801746192255025,1.4102310752530267,1.4353960561515902,0.415644794928877
1592,V8 | V9 | V28,0.6914192191277184,0.49682718131942005,0.6809068295033642,0.48304972681326475,0.42377229792583854,0.9368810146674775,0.04609069066622753,0.030736421379023583,0.0012341584341114392,0.8412959909517052,0.029760883049682763,0.46653609666664586,4.092746236417587,0.8016475705918854,0.4156086577678055
1593,V8 | V10 | V23,0.6875779100014838,0.5154865713455986,0.44026202164194417,0.6439965585746167,0.4570306069632883,0.9522643946340624,0.05762941979737372,0.07236806606939221,0.0036003379026755527,0.7765417283361887,0.046782459698076186,0.6043814492786028,4.064735556191162,0.9783862840977722,0.41551379368015734
1594,V11 | V19 | V24,0.473956144404748,0.45486318971106804,0.7001223308579809,0.42901200134069983,0.38151157142562214,0.5283071037564415,0.07294827625142962,0.821992239354031,0.5864778719669386,0.946151122471617,0.27986827109729756,0.31663611884389464,1.2343069344518236,1.435093822626597,0.4155110247971662
1595,V7 | V18 | V26,0.5194967617594433,0.47051150015799365,0.6063281852176452,0.6034206419400343,0.40146771307288626,0.9158725070093813,0.03119198199212417,0.4669500517846673,0.007663911234409544,0.9096833583094363,0.18430170308884153,0.6316713869734137,11.319376705496348,0.34410660507033614,0.4155107908280202
1596,V6 | V12 | V22,0.528479173684516,0.5035881876640597,0.6412255828897349,0.6037091975108851,0.4474463056196714,0.7288472377113527,0.08023547441618825,0.3907117618211745,0.05748142736133495,0.9286763923981656,0.07870944021661062,0.440073227822937,1.7551767053647849,1.595628716492718,0.4154954742964609
1597,V2 | V8 | V27,0.7409990989401204,0.5679309235429935,0.40212047653475,0.5651604916763316,0.49861258262826164,0.9376600246283541,0.041493026087286146,0.08750046871872548,0.004974496888258657,0.7322850524465176,0.014406208287172435,0.5621917136096082,6.956264705900445,0.6508822370281888,0.41548667445136883
1598,V3 | V4 | V15,0.6053157159614916,0.5960013534979746,0.5288592210521816,0.7508255243543136,0.6029700757125958,0.18869897239791691,0.06389908632781735,0.48294932569161897,0.12395208574167842,0.8667733749208966,0.2482886881509526,0.22673809389419466,1.5029979156714042,1.3254743989180102,0.41531739735341966
1599,V7 | V9 | V24,0.49971346817550105,0.5206472778875424,0.5150606733508718,0.6185185314558568,0.4370584444768497,0.9234924642903409,0.0421263339639074,0.4425192758951278,0.007643322796040749,0.9093370951484061,0.18508169412289666,0.6169897890407422,6.787257791281483,0.6106820519503373,0.4153119470959913
1600,V11 | V15 | V27,0.5737032871134506,0.4859578794416967,0.7032230168300613,0.4225017439625009,0.45745815617990343,0.825630725823759,0.002349063055390083,0.6603969636185101,0.01413423898806467,0.928430294778476,0.06876616841700618,0.1521115559701844,31.385947586251945,0.08489351310332058,0.41531049456730734
1601,V1 | V2 | V8,0.6499934612322263,0.5705366863405357,0.2504619153504268,0.7333280982967632,0.4816711660991282,0.9443310520154821,0.16370885956996065,0.06339223646714066,0.009371271384196436,0.4799587886651811,0.06358713988418302,0.5778142355100565,1.706829519874086,3.7350226185385274,0.4152195662304312
1602,V17 | V24 | V27,0.5670795556093206,0.5106623427324668,0.6071964425724522,0.6022423065166763,0.45232988445692757,0.8706948115627178,0.020475224397111053,0.31413324712705093,0.009658214062977446,0.892804288630168,0.048381583238560184,0.3613968677630691,7.539734278939842,0.28527140384326777,0.41492794683064566
1603,V13 | V16 | V21,0.6119923642651537,0.4945681966969449,0.6119723234009549,0.48941873802438296,0.43576721729920337,0.9205117494235081,0.020497661985052703,0.3608685133590499,0.016292915959920693,0.886568982832951,0.14795158200890243,0.419014199929272,14.103578176509114,0.27915809258854724,0.41474981823981016
1604,V5 | V13 | V17,0.5889575734803195,0.48402717695696473,0.4815083874138263,0.7072232875819766,0.39422470417643957,0.9053721189995941,0.05153485597283953,0.2772136386841228,0.011169192849840586,0.8527601534760958,0.17391238649151125,0.5478994458972475,4.963357599503321,0.8978895650761106,0.41474922184387036
1605,V5 | V17 | V25,0.5932320480277037,0.4772797144225366,0.49988109027880967,0.7092457463271507,0.3980295901607563,0.8887713059810823,0.050722643147221136,0.2623164436684337,0.010990614182144642,0.8665153735821248,0.1557410547122987,0.5700506435108479,4.822536281496918,0.8494626125591904,0.4145995362417375
1606,V5 | V11 | V13,0.5654297168672058,0.48893105952067184,0.6408902375575954,0.5676376399391498,0.40740463139841976,0.7240114120858268,0.038277402715263704,0.522775903505638,0.017098188266780744,0.9504134763032067,0.26597766317112165,0.41489095192992387,3.5521613763093387,0.6162230450592044,0.41454106285140524
1607,V8 | V13 | V14,0.615589770345252,0.49735915155086213,0.5016277651064306,0.6842550688361968,0.4651518703358162,0.9026116392979991,0.04733407699164339,0.14852179344340666,0.014283339871286172,0.7715261266255219,0.07226493745572715,0.5059287714947441,4.518509767832753,0.8114201271680673,0.4144706487299704
1608,V4 | V13 | V18,0.5835210772982481,0.5237048742927433,0.726358280004158,0.5561735359180984,0.48272213107304013,0.09788543991499891,0.03388865945720086,0.8260056468001464,0.48625956735665715,0.9588625339985948,0.18460442770626698,0.24393344065082515,3.124124564025086,0.6443159646201672,0.41446486256380793
1609,V4 | V13 | V27,0.6035462030793859,0.5084824907735023,0.5604544433777052,0.4704714446147781,0.49400765629668875,0.8178316269308084,0.007312153248781238,0.6480020205652376,0.014074459130440578,0.9535085055314504,0.043948097935171175,0.21401344365451244,21.428449851519474,0.14506040196875986,0.41443758064047165
1610,V17 | V22 | V27,0.6190719579151287,0.4785530803546496,0.5703631688034162,0.6084797427760008,0.4427114055090321,0.8718058793323099,0.019261002527030335,0.3326264691932637,0.009581573886485544,0.8958390875151957,0.055778460500031345,0.34535726206511524,8.672808493513964,0.28181008574870403,0.4144093356785584
1611,V8 | V18 | V28,0.6901604789338525,0.46398683314065087,0.7620057022783204,0.4672190487497879,0.386500101384186,0.9309613434336707,0.041515658101546477,0.03285574575197965,0.0012376778398469025,0.8553690883292779,0.030775321054065195,0.4736558312644775,4.205568077338174,0.673622401074504,0.41440608552619895
1612,V13 | V16 | V27,0.6119845214755477,0.47251895733623267,0.6928702165782097,0.4476097540787053,0.4232856177272991,0.8134054648826377,0.011946553786049884,0.5857361592260221,0.013581444831852233,0.9634267189214469,0.049679015384879524,0.17269389678457753,10.222210837037098,0.26864248653568934,0.41428206132474227
1613,V12 | V21 | V22,0.6031419964979473,0.518037998011226,0.5732543670421681,0.6039686002391909,0.48808013544045964,0.9069447275015929,0.04132117937903083,0.2886048915838348,0.0152998565564027,0.4012427263825844,0.11479999278127222,0.48611799262595257,4.786047215714545,0.6751122323477906,0.414281559192945
1614,V6 | V11 | V26,0.4899387527501894,0.5058702247589403,0.6996048300673645,0.4634466238723223,0.439039046567713,0.7497324233437094,0.09594786383762971,0.53280105751714,0.08293901745476798,0.9304138173065042,0.12528238151200538,0.48665766513102654,1.0938396146659686,1.8642565745449353,0.4142160304378697
1615,V6 | V10 | V26,0.5021406022706092,0.5275766760431037,0.5513867369965411,0.5662456478158118,0.45476065742694677,0.8188126111450857,0.09649563315931659,0.448706153582222,0.04999765668175184,0.9098133608166474,0.08419902822378718,0.543726699431106,1.4641317418551858,1.8939421447066276,0.41415620152173477
1616,V15 | V17 | V21,0.5972389865161701,0.5031032362387017,0.45787139981118,0.6323206556192111,0.4567598285298273,0.9462927421341346,0.03432548584852627,0.2231929698784201,0.01114836799780091,0.9513431349870599,0.15803295209240403,0.49494114932484545,6.891675016002232,0.5210185966858636,0.41401448771271177
1617,V5 | V8 | V18,0.660663543445624,0.4945885172389939,0.5891750417727748,0.6212816657327087,0.3716916454534948,0.8879563750253986,0.03874331740784989,0.13606755245119798,0.007181293654078516,0.8883356281295066,0.06562180493856007,0.5110686589654039,6.827589197629914,0.62471418129067,0.4139063087788185
1618,V12 | V24 | V28,0.5371137821239054,0.48259769198469393,0.7856003540335855,0.5409258213553877,0.449108262308054,0.8617159612833328,0.048360107125980184,0.09133362681865424,0.0019864572462725697,0.9582231504339546,0.05019524257290522,0.35149941609584295,2.5248946297445647,0.8914309524007921,0.4138659192191556
1619,V8 | V16 | V23,0.6784059603225493,0.46246937293170204,0.6053493570245757,0.5754876548324063,0.40627277399384576,0.943020826751332,0.05384313399448411,0.07333141921242148,0.003789303766032202,0.8300540131558688,0.04938515320239361,0.5668082391832365,3.8907217583278233,0.9053513042392816,0.41374327807737454
1620,V3 | V23 | V27,0.6896383716522075,0.5157285869098193,0.42777167587851156,0.615314986678659,0.4831623730354264,0.9347859136695718,0.044532476658316174,0.1783893305678914,0.0034430590395870763,0.7294775864919345,0.03208475623479221,0.3919989957728687,4.093902411570305,0.8336005013021243,0.41373131182476686
1621,V11 | V26 | V27,0.5645937327740148,0.4982707957453943,0.7167204684921026,0.41970576106396973,0.4671912768165969,0.8264563490807151,0.0023809297975577884,0.6186157996998611,0.014092622821290682,0.8418193655510045,0.0614756141980172,0.18007276724649698,28.589921444545624,0.05488639299384085,0.4135066427504451
1622,V9 | V11 | V22,0.5767777157147428,0.5315196946163668,0.7634563071602013,0.5388241215401398,0.4818780040490162,0.07979489745366115,0.018668953217131606,0.7973548030911052,0.36457411229552783,0.9768554971633155,0.4528913865438196,0.2117765555791459,5.174538153183843,0.3406209994864386,0.41347625513595604
1623,V12 | V20 | V23,0.6426535244188578,0.5043100061394217,0.5808977992156231,0.5713338166180829,0.4394859684474601,0.9471266024344771,0.032284027291841745,0.1569229901403633,0.0032892460835654484,0.7627580293065207,0.03125717060615817,0.5225237708918774,7.088255302656347,0.44066665921135206,0.413473683683122
1624,V7 | V15 | V18,0.5286063160988791,0.458198583854296,0.5891139961169662,0.6053656213005568,0.39173459243619285,0.9075773664857893,0.030259580399881837,0.4933017044914005,0.007679277791617749,0.892373238041712,0.21754576516565527,0.5844513386629061,11.546234833972132,0.3672862880784709,0.41343835356625996
1625,V2 | V8 | V21,0.7410069417297259,0.5899801629037057,0.23624401240132586,0.5985676252991914,0.5110941822001658,0.9644980629395071,0.06444764452730842,0.0602623820199648,0.005495656269999097,0.8531463940976343,0.04680954122078059,0.6538925384587858,4.939310886495021,1.1444783061563883,0.41329015476916425
1626,V5 | V12 | V25,0.5772942438209164,0.49471539271840076,0.6034508908392938,0.6786971723169988,0.4309167205202796,0.6877081554720481,0.05565407506996787,0.33885484752960965,0.01521913114117279,0.9489232369066778,0.10534444694356021,0.4123669746119488,2.553251592980484,1.0323717039551845,0.4132349165537103
1627,V6 | V13 | V17,0.557827498223351,0.5065252509158045,0.5480738012200965,0.6330248006136276,0.41698968236664363,0.7964266770808036,0.08770995067299309,0.3054510900543084,0.026907240776419115,0.9647605378454603,0.1018345884761671,0.4492961405368576,1.5577167009462445,1.7628677118008826,0.413223134020881
1628,V16 | V25 | V27,0.6162589960229319,0.4657714948018045,0.7045761091576676,0.45098691272357944,0.427090503711616,0.8195005868275372,0.020185278408780052,0.5413436653032995,0.013333791216917601,0.8772012080553718,0.045743181615139406,0.2841229328783912,6.488069393487201,0.3381670516252077,0.413206352824765
1629,V12 | V22 | V28,0.5891061844297132,0.4504884296068768,0.7609007804109905,0.547962872334598,0.43948978336015865,0.867324599573807,0.038334218501209535,0.09592410328973874,0.0019765533427014274,0.9560999929429633,0.057866002661717895,0.33100970278318254,3.4294018485767657,0.6955703783681904,0.4131973606859816
1630,V4 | V21 | V25,0.6078285204163754,0.5237842675997864,0.4688681529982944,0.5134842784231282,0.5102941418529098,0.9217165341193392,0.0345661870027981,0.3656451245524148,0.016608739618017215,0.8907867511529587,0.11561693079079313,0.46380858984331835,7.280884635170825,0.5646918884442219,0.41317463150553785
1631,V2 | V19 | V27,0.7044327367890049,0.5527560608099731,0.4819474999964716,0.4584210184113394,0.47460722079288437,0.9094800451438364,0.02359775640190921,0.29717464910207453,0.009586205316567873,0.8798978312355067,0.029580853488415968,0.497236654548113,13.575891079949539,0.2833493045186795,0.41314362563649887
1632,V10 | V19 | V22,0.538150396230976,0.4444603786174142,0.5103784181540443,0.5454049269892904,0.3876147033369606,0.8686243986203318,0.05899231912325988,0.7177751708029473,0.10158303773627801,0.9267475028892566,0.19631273385401307,0.5573547050979136,2.698383694047949,0.9897537457768845,0.4130805485513394
1633,V11 | V19 | V22,0.5259485467105558,0.4227539273332509,0.6702302386897263,0.43777968710116993,0.37189309247772667,0.49896535197071873,0.07030145022675148,0.9101847270740249,0.4446542578330351,0.9861498898013606,0.3736985914048073,0.2896025082221657,1.331772940130249,1.4084249216504767,0.4130549741220874
1634,V4 | V13 | V21,0.6035540458689912,0.5305317301342145,0.44919062141633676,0.5105013868162713,0.5064892558685928,0.9209693642737051,0.03803046017888361,0.38954632591639954,0.016972179077514703,0.9104320951983276,0.12731031519029037,0.41224949675546607,6.320091186189162,0.6951743334808325,0.41304321838461633
1635,V12 | V26 | V28,0.5581558159017134,0.4653022624339145,0.7708527160511935,0.5374669149921443,0.45078972744574314,0.8610709359564049,0.0504250377739412,0.09101323238627798,0.0019851120247381003,0.9710264626942855,0.04852347130244728,0.3782918427588791,2.36827978096826,0.9079387032127203,0.41304290619971296
1636,V7 | V18 | V24,0.4984547279816352,0.4878069297087731,0.6272519284836818,0.6064573538319697,0.39978624793519724,0.857404716262838,0.035875906803614764,0.4692354074385652,0.0076711771329189184,0.8953702891653835,0.1935207729559324,0.5620220063683526,8.052192497326185,0.5125986162438124,0.41303035455449716
1637,V6 | V17 | V25,0.5621019727707347,0.49977778838137643,0.5640206096146249,0.635366597874125,0.4207945683509604,0.7853097871608721,0.08517124284238682,0.2884820892027595,0.026080689494481786,0.9693096656139938,0.09311568651982885,0.504836804143063,1.5859739841030762,1.6421467365193316,0.4129777175630701
1638,V5 | V7 | V19,0.6748381905141289,0.5501799856325331,0.32834622107910766,0.6773543397363947,0.4324993748817521,0.9360083182538871,0.02879183777833291,0.34067414445790534,0.004350725081068251,0.6330453199429633,0.11326395745510914,0.6362920813336257,15.161566074654786,0.2931218682428554,0.41297577479587877
1639,V6 | V12 | V26,0.4975288051565164,0.5184020204910973,0.6540833805929396,0.5943204324539866,0.45874624970525585,0.7172806306353748,0.0807294318241637,0.3658665693332012,0.05919435874152126,0.9444551501250434,0.06576632306906516,0.4629035298483539,1.648556611492099,1.5717008084821626,0.41291414313518904
1640,V2 | V7 | V23,0.700118932634475,0.5699927586848254,0.2777069315344906,0.6765183776963902,0.511582039513931,0.9618995491736803,0.08941683044498104,0.10496124929143512,0.0020445729277075103,0.4128010784742997,0.07422451603200554,0.6479890477734315,3.2581898394348663,1.7670027982728285,0.4128186437429686
1641,V2 | V19 | V21,0.7044405795786105,0.5748053001706852,0.34673775025719883,0.4993794367250519,0.4870888203647885,0.9483534640180066,0.055863491907696614,0.20485851836288413,0.011042866533964616,0.9165800889664006,0.08358037336367101,0.5922546660562569,5.298603175983864,0.9808801252994911,0.41274246160094646
1642,V10 | V13 | V28,0.607128501875854,0.4800358267064922,0.6824120823712456,0.5095111712797206,0.43793469818834485,0.9315056091989058,0.04563298666829197,0.11440753422399892,0.0019362853784125338,0.8901636676077512,0.06771677230906105,0.3866205487151949,3.4347881285254296,0.8399093081317922,0.4125646799809678
1643,V7 | V9 | V26,0.5207555019533091,0.5033518483367628,0.4882075943831845,0.6155536952887252,0.4387399096145388,0.9230049022906371,0.04587919738339703,0.44043137996839615,0.00763609739870206,0.8850935894562801,0.17646933582834515,0.623277272057092,6.261086046645731,0.6977577489781628,0.4123230684872262
1644,V5 | V17 | V22,0.575547053148272,0.46365443540935575,0.479913122389207,0.7123695256434768,0.3917941970699441,0.915454196103513,0.053285894089245084,0.2707889413617075,0.011053625019238459,0.8636952663793734,0.1961460594512346,0.5956279939568112,5.012423917278279,0.8994334223195902,0.4123120923973888
1645,V3 | V8 | V20,0.68789264048746,0.5521253839075324,0.28653336031882176,0.7041440221601664,0.4621973729776971,0.9390451457348662,0.06684886360661266,0.10881975004737796,0.0055768433494735835,0.7720258901482308,0.04113056431913583,0.47835957208641827,3.334338704472985,1.323356465282615,0.4122961026336379
1646,V9 | V20 | V27,0.6651345999378143,0.5403256007088865,0.5726720982996003,0.3711127461910411,0.43835081964009787,0.9219219448526641,0.031459421932048585,0.43390549679124957,0.005554013717990095,0.9042023004735905,0.01587012665520179,0.41751247078240444,5.635854404506864,0.49605843484300444,0.41227033223654164
1647,V18 | V27 | V28,0.723189671374195,0.509515005992736,0.8271859696027024,0.3284113006025271,0.44649297980209446,0.9087575059309445,0.01142825897633935,0.11157687186942512,0.0011646533413665783,0.5850346599346468,0.014214983103300398,0.27726338467677386,11.272341861892224,0.1575187431349365,0.4121623727070822
1648,V10 | V19 | V23,0.6510115478503683,0.5003117086125779,0.5142367668663271,0.554149904148961,0.43302524512791096,0.9331602495913246,0.04227873879817165,0.2434042207199928,0.006311182108919837,0.8420204020984583,0.08352996826455789,0.5298457094770964,5.149476914352662,0.6677949885287591,0.41209396299574735
1649,V6 | V12 | V24,0.476486771378708,0.5356974500418769,0.6729915707012573,0.5974121914092878,0.4570647845675669,0.7143323484802434,0.07791815932392031,0.3674472047245864,0.05947191245991357,0.8594566263442392,0.0680532319773585,0.41786341782158715,1.7402055213928997,1.552459726365466,0.4120126464516963
1650,V11 | V19 | V23,0.638809698329948,0.4786052573284146,0.6729622838731592,0.44857970796793917,0.4173036342686772,0.9163163574561028,0.02059792634161217,0.2770026150260942,0.006897028374756682,0.9051863973063876,0.12415844848010302,0.3884684067686804,9.185406013021097,0.28047664802764105,0.4119833134193271
1651,V6 | V10 | V15,0.5112501566100456,0.5152637597394062,0.5319495336310602,0.5683388918427243,0.44502753679025325,0.8197632257302029,0.09468808662234215,0.4734503035939589,0.05042340636031419,0.8906482574002714,0.09476880048011162,0.4922720337544241,1.6333590520153318,1.9220263052652236,0.411870933688524
1652,V10 | V25 | V28,0.6114029764232379,0.47328836417206405,0.6943828502951318,0.5124998999949747,0.4417395841726616,0.9217390399253195,0.045526836091063685,0.10888490076845914,0.0019184273631884003,0.838246870741285,0.06232961019326673,0.47700946488245854,3.393584155456742,0.7445016917662091,0.41162383988432855
1653,V9 | V18 | V23,0.6138260128810806,0.47362301437832904,0.7230619883848509,0.46485482752461316,0.3880374160562701,0.9301275398282575,0.025520472010593563,0.2621898505175306,0.006836605184228615,0.8396562084858779,0.099093206419785,0.4354879427165815,8.715802613209684,0.3633799186924118,0.4115990025687027
1654,V5 | V8 | V9,0.66192228363949,0.5274288654177631,0.46592796811690984,0.6329979637484605,0.40896384199514735,0.9040834242005956,0.04066326469267796,0.13056914841311937,0.0071561041935007735,0.9081556676839856,0.06361346275038114,0.5119887886971389,6.748864761750045,0.6750209773903267,0.4114432231428638
1655,V6 | V10 | V24,0.48109856849280136,0.5448721055938831,0.5748897714704833,0.5695135776626539,0.45307919228925764,0.7922404864496778,0.08946047123763633,0.4508547030322051,0.05019827070896947,0.8326581164053283,0.08725221551890355,0.4879785494206322,1.6159622333492425,1.780780254081336,0.4114358619899758
1656,V6 | V11 | V15,0.4990483070896255,0.4935573084552427,0.6855895232372029,0.466011220758152,0.42930592593101935,0.7422767816897762,0.09136935045449472,0.5653961380688793,0.08407576625895126,0.8862042384432157,0.14347670731426815,0.43437590599471115,1.3527382997659998,1.843836803930006,0.41142458510816216
1657,V4 | V25 | V27,0.6078206776267694,0.5017350282390741,0.5759861157495899,0.47369960923155985,0.49781254228100547,0.8096649944814791,0.012499501844216098,0.5958790168965199,0.013811323480531485,0.8497900429438686,0.04042752099047868,0.25951489539513667,13.153425507774088,0.21540345588275953,0.4113634946361365
1658,V17 | V19 | V23,0.6623375549430618,0.47370137476470736,0.5261884101501619,0.6195897439559276,0.4041237070466969,0.9205981110950501,0.03597590548220573,0.16513137021176655,0.005308207399143818,0.870708622938789,0.09143043853022545,0.5024144602963744,5.750557745278874,0.537276436249119,0.4113130521785621
1659,V17 | V26 | V27,0.5881215893871288,0.49336691318168724,0.5853208916382862,0.5991800660732526,0.4540113495946167,0.8724026230723266,0.020313740487660974,0.31287017484226654,0.009647767139950261,0.8233678409841562,0.046766991066591185,0.37494936999977163,7.601183408803901,0.26813770706769124,0.41121131551136814
1660,V15 | V17 | V27,0.5972311437265646,0.48105399687798955,0.5672890594621088,0.6011414139966479,0.4442782289579232,0.8717421595213156,0.017684347745374657,0.3272865559385227,0.009669864779475974,0.9227639410528902,0.052275977385111305,0.3038989832331737,8.932987220051452,0.28284307610255854,0.4111705774096328
1661,V8 | V14 | V15,0.5803384358246405,0.4794873265265932,0.49651900453358966,0.6833973471802351,0.46428818667821165,0.9022971857191198,0.047501194095684,0.1435448151555201,0.014277349263066202,0.9407865126619007,0.07371963279448411,0.5204368896047309,4.542567291763964,0.8022704394689782,0.41116900014531393
1662,V3 | V19 | V20,0.6513262783363446,0.5369505211745119,0.3867682761668965,0.6252193854606779,0.43819201114231987,0.8840741307878243,0.05056915389701852,0.38585865572312117,0.011282339801941104,0.7068834250490016,0.07322178645676755,0.3793973911873482,3.6643772511010986,0.9932723615670955,0.41113389156669905
1663,V3 | V23 | V28,0.6756104023735793,0.47022825786618244,0.5837342106292555,0.5943221911337839,0.44705362052702957,0.9475315988108894,0.043942067837057355,0.03785394114186573,0.0006226958805074176,0.6791265301977677,0.046637627238097897,0.3929735693190135,4.184125341677392,0.8198904308422492,0.41105351977953336
1664,V9 | V11 | V24,0.5247853134089348,0.5636289569941839,0.7880230395447078,0.5316576548595482,0.49149648299691173,0.07697159006398129,0.018325657842598146,0.7265392830647531,0.4549900753623201,0.9733748817194489,0.3262495511765845,0.19976659367124575,5.1955114899674015,0.3437875397509549,0.41097981039416953
1665,V4 | V18 | V26,0.5391601884382005,0.5181459655721719,0.7361586607425884,0.5529188412821369,0.49159156805212906,0.21441163606842684,0.03172822213464399,0.717156725336322,0.44754446233400097,0.9114152276380316,0.16269882126425664,0.16007048189280423,3.2106112637604864,0.6740553942071873,0.4109157528593654
1666,V15 | V16 | V18,0.5567080611737987,0.46986951583120456,0.820091260789256,0.535800461772143,0.4111364088460461,0.3732447368932186,0.011161986992220957,0.6886316900960527,0.25001795301965035,0.9636394658002935,0.22869593437246466,0.20060940958752949,11.631001240305576,0.22920195267048543,0.41086190263592415
1667,V4 | V21 | V24,0.5381511232311358,0.5422682509644228,0.49499007727926314,0.5106112114407866,0.5136772277099929,0.921539605407046,0.03712086485353667,0.35690507200184163,0.01693394099690703,0.9386513118050163,0.11892543663712464,0.45663223040876877,6.271234050735365,0.624989488175944,0.4107218746319553
1668,V6 | V11 | V24,0.46889671897238105,0.5231656543097197,0.7167694176537803,0.46744937388094626,0.43735758143002385,0.728796238999913,0.08537539643081961,0.535615483916574,0.08347319993027197,0.8377964712444445,0.13045260466951386,0.4133971996836205,1.458717267628047,1.7191568107964652,0.41063786371491706
1669,V11 | V21 | V22,0.5955519440916202,0.5055062022790687,0.6270006450934754,0.47591394822230865,0.46837293230291654,0.9233123644806325,0.01902504971535237,0.402111074800724,0.01682531033475906,0.4371388042270167,0.26306544553279787,0.4262881409712307,13.628443021774462,0.22944675871027684,0.41056205085918296
1670,V16 | V21 | V24,0.5465894416272982,0.506304717527153,0.6446260170544863,0.4895332438939996,0.4429551891406034,0.9186225590853905,0.023654172470000418,0.3316027232310819,0.016257322627532808,0.8768520966697116,0.1376046377124724,0.49098727716211493,11.815891394828503,0.28172039412833516,0.41052276373739927
1671,V13 | V17 | V28,0.6184545089685479,0.4534254928586217,0.6907461746397247,0.5805915021226189,0.40903316010713076,0.9061247083160516,0.018893565501863024,0.0778740606461094,0.0016779697562521777,0.931228975577534,0.07386570173884535,0.28572286839940864,7.680774961628586,0.31957784722220633,0.4104272469206707
1672,V14 | V20 | V25,0.5795516564241034,0.48860977936226346,0.5342214387436416,0.593311898534955,0.44742652552599543,0.8914339776370565,0.03333146261960425,0.3815541554099954,0.011290192733319156,0.8489704949026099,0.057205323540651984,0.48725329872502127,5.926227970551038,0.48384960246388664,0.41037980392448725
1673,V5 | V14 | V15,0.5698427234981275,0.5101168544333845,0.5237620493355779,0.703340274653203,0.47336385665703207,0.67991161089369,0.04010789400764204,0.36277103389465243,0.015246686764032895,0.9256049398229212,0.125300724234254,0.3942043777183311,4.35863353283132,0.7200482935551453,0.4103665712541361
1674,V17 | V25 | V28,0.6227289835159318,0.44667803032419345,0.7025053907930334,0.5831888455007794,0.4128380460914476,0.8924630997004788,0.023265192985406042,0.07384090609712803,0.0016622165656859599,0.9035573145190873,0.06793426951077877,0.394151805242128,6.635919854071474,0.31498252048712955,0.41033377414185584
1675,V6 | V13 | V16,0.5373295414517228,0.4801183863497786,0.674828716562318,0.4890932686273903,0.3951333874784152,0.7408796642711525,0.08664818391296665,0.5068591332035158,0.07072366805026507,0.9848437067626561,0.09838308469213519,0.42547716015316334,1.4806890057315307,1.7454993807960446,0.410290068570296
1676,V11 | V19 | V26,0.4949981781825561,0.4375677601602886,0.6823148968441264,0.42469135013638765,0.3831930365633112,0.49807528377443444,0.07284200981118247,0.816268180943215,0.562196895401027,0.9790805283678775,0.2633140799409078,0.327859122813383,1.169757150411773,1.4076486518458684,0.4102744603731822
1677,V6 | V18 | V19,0.5929671060375394,0.5019117284648131,0.6917017997143282,0.4171717729161978,0.3704512618083216,0.6976355439739289,0.0783139188721861,0.605246092356732,0.07995157172246621,0.9312833532781409,0.07520820646029705,0.43341644631673615,1.723759810647328,1.5455302265367006,0.41025595126089964
1678,V10 | V19 | V25,0.5558353911104075,0.4580856576305951,0.5290961809035896,0.5410519183682033,0.39385009642777274,0.8120363212313356,0.043639242250879805,0.6811462375063747,0.09789039498001016,0.9550507803327598,0.15585824160370557,0.5146259980116772,3.9126086035047134,0.6792922007628852,0.41010850252010106
1679,V9 | V16 | V26,0.5488572470282287,0.5150227803136715,0.7615915714051333,0.5474758909390386,0.45814172602439207,0.3654814282016302,0.03720219683082682,0.600059976881626,0.2250612478481176,0.9209620070148453,0.1844529693641852,0.2227048247603043,2.581285391993418,0.7194408129213784,0.41004717018340925
1680,V18 | V20 | V27,0.663875859743948,0.5074852525301172,0.673023473054942,0.3512759198888934,0.40107862309844533,0.9090302116025861,0.022860990261292607,0.45981192765605194,0.005571387026863461,0.8124143649477121,0.01657497380276524,0.4064567797467331,7.584927482142784,0.30609636756369973,0.4099697376064097
1681,V4 | V8 | V23,0.6699676419263869,0.49843290636897175,0.4397373474652262,0.5933243667609349,0.47699481256323534,0.9423066055349673,0.051915938582238225,0.07821309236060549,0.0038605002200185383,0.9263092535222832,0.043685749512237255,0.4954706454673075,4.512518900287617,0.9470292997485138,0.409854427826696
1682,V4 | V9 | V26,0.5404189286320662,0.550986313750941,0.6499234258024253,0.5663111492851008,0.5288637645937815,0.26868235302864596,0.03996494308346361,0.6649389499327418,0.3971191466239893,0.8410210975360276,0.15620218589914697,0.12804641824649113,2.3935117998996187,0.8742302386580943,0.409840344711755
1683,V5 | V17 | V26,0.5445966846202722,0.47846826823639343,0.4980469239926105,0.7048119798612682,0.40309414115552855,0.9019771524583876,0.05381097230510491,0.2558340394505164,0.011137285518378138,0.851508176553656,0.15384261258831397,0.6055665938080522,4.61344561721738,0.8920381814572608,0.40925726972073656
1684,V6 | V9 | V19,0.5942258462314055,0.5347520766435824,0.5957759932901721,0.4346234386688761,0.40772345834997403,0.7088894978200094,0.07955208885754356,0.5655309036053965,0.07809556300342602,0.9518910866989073,0.0728685494242655,0.41953233167832904,1.7817407942050738,1.6009399388271703,0.4091502354414791
1685,V4 | V22 | V27,0.590135682747338,0.4881097492258933,0.5591103954397467,0.4786706011296277,0.4915771491901932,0.8168566378136246,0.010027592560610572,0.6251120073214215,0.013903998564497798,0.912371429383064,0.04784359782629718,0.24748707292314126,16.54877046545265,0.17347640606322587,0.40902923850974254
1686,V1 | V17 | V24,0.476073917901426,0.5132681055300088,0.5158427701390461,0.7601809103898949,0.43538846792779407,0.7045073502836448,0.1122124833387056,0.22547863172340188,0.029079072853680454,0.9128683666466184,0.21922434127328658,0.36649320584679296,0.9015657891866253,2.381088388536827,0.40888642117043844
1687,V7 | V9 | V15,0.5298650562927453,0.49103893203306526,0.46584823159111,0.6174525904987002,0.4290067889778452,0.9023662690342166,0.04633160379913224,0.46446378926493576,0.007651378265852894,0.8748583278303796,0.20742324970884174,0.5645695514635516,5.939609113694156,0.7624622580543455,0.4088516252624349
1688,V1 | V17 | V22,0.528066320207234,0.48115884315219165,0.4705378829746401,0.7647507927353235,0.42576998897989865,0.7087348387545448,0.11171685154669733,0.23728788153996347,0.02855707392720005,0.9222520317066959,0.2790228494356903,0.357782985040356,0.9394455792686454,2.386510534049382,0.40880945245255473
1689,V5 | V12 | V22,0.559609248941485,0.48109011370521987,0.5875672591323978,0.6820151009431568,0.42468132742946735,0.6900222872212377,0.05660163867353547,0.35096154379927536,0.01532875891876412,0.9438045475056713,0.1276423101904658,0.4029296456827129,2.5343256285452056,1.0662248997863808,0.40877082347635607
1690,V1 | V16 | V22,0.5075683634356062,0.45475197858616573,0.6171392470930644,0.6576762557000267,0.40391369409167016,0.6596053934288493,0.11062534492160876,0.3715831377767381,0.08198868423963462,0.911878099349705,0.26365898718784175,0.35232524787459985,0.9666323542246279,2.3692352731334663,0.4087252469792248
1691,V6 | V17 | V22,0.5444169778913033,0.48615250936819554,0.5466931499620928,0.6389807105865629,0.4145591752601481,0.7959916812249931,0.08948449615346579,0.2981225656573214,0.026369442548469686,0.9380700087817165,0.11192302080476856,0.49867471714658995,1.508404772921561,1.7543501199369007,0.4086987146751565
1692,V4 | V24 | V27,0.5381432804415298,0.5202190116037105,0.5968167434428596,0.4705903275727445,0.5011956281380886,0.8180256146662662,0.007951600387729896,0.5773872030925459,0.01404684440620887,0.9393718114560737,0.04144523891172303,0.25622694403810226,22.324870586939042,0.12205407155930349,0.4086755010477074
1693,V7 | V20 | V28,0.7005888996849409,0.5327512546130402,0.5532002507709455,0.5293347936617462,0.4497829618536832,0.9406496179466215,0.030935293144340455,0.07017797203196403,0.0002416429567692903,0.5933945664569339,0.02438157455271901,0.5321221807002654,7.79662480966962,0.40412643588538794,0.40865534254420477
1694,V16 | V22 | V27,0.5985740011435003,0.4521462157886237,0.6918618138181981,0.456185398618327,0.4208551106208038,0.8170801562017886,0.017238152929693946,0.5662991283118137,0.013421040933485163,0.8683629899122769,0.0540532867919537,0.2507624295379248,8.014641767206903,0.3135168909244259,0.4084982565167754
1695,V10 | V24 | V28,0.5417255792379985,0.4917723475367003,0.710581094792766,0.5096212114289849,0.44512267002974487,0.9312815418085602,0.04885781158836937,0.10679712103817042,0.001934431266229516,0.8505576879912595,0.0638773404127616,0.458304923897917,3.0708989748389204,0.8362917976957401,0.40840815207666364
1696,V16 | V24 | V27,0.5465815988376923,0.4842554781664408,0.720426472960163,0.4477341416987718,0.4304735895686992,0.8209272298823951,0.017346483861468615,0.5254804915989624,0.013555466115626963,0.911353922076142,0.04687924622253588,0.2555106773730357,7.545237271141712,0.3056386896106512,0.4083480590246621
1697,V1 | V16 | V24,0.45557596112979815,0.48686124096398287,0.6505471666084947,0.652021033067957,0.4135321730395656,0.6527851021482757,0.11199103395664377,0.349947670143073,0.08600021324228078,0.9485201653385203,0.20879475121376598,0.3715250881232924,0.9209812602088991,2.375313343821455,0.40832064169922827
1698,V8 | V12 | V25,0.5877899561474298,0.4640858648116094,0.5806374373638116,0.6577359972507,0.42184105054145926,0.874936245882125,0.05323958653916902,0.13590750127279783,0.014252751061152221,0.8516664130454046,0.06325386060080622,0.5378445041664832,3.761068316212354,0.9122354335746262,0.40829112289668335
1699,V16 | V21 | V26,0.5676314754051065,0.4890092879763735,0.6244925453849909,0.4857024074687806,0.44463665427829235,0.9209889668648407,0.02438531944393633,0.33023950158022547,0.016232184175395174,0.8596730260414819,0.132032006895809,0.5124026765100573,11.838760152755745,0.28044628624905726,0.4082826864796443
1700,V2 | V19 | V28,0.6904047675103768,0.5072557317663361,0.6230123094736616,0.42955760705422946,0.4384984682844875,0.9309207241487604,0.046504342084557664,0.06863212314679058,0.0016683261017442648,0.8538309033364434,0.043233602044631926,0.524476581980678,5.337161962156614,0.7935818952515783,0.4082637323235472
1701,V5 | V16 | V25,0.5727340912560753,0.4508728498565106,0.6386789569936633,0.5881213552159743,0.3761732952725279,0.7856404964279632,0.03826143760174202,0.4191201588366213,0.015985506046397674,0.9730142825877408,0.14953847624391742,0.49842247489249164,5.214391044757199,0.5910138124577169,0.40813663349438073
1702,V11 | V19 | V25,0.5436335415899871,0.4363792063464318,0.6835460134491554,0.4323872121534234,0.3781284855685389,0.4690791976074741,0.07106302511615542,0.8556773698154025,0.38348411353277934,0.989536215515823,0.26775867711020773,0.3184828098318184,1.2027728675423757,1.3752643093303878,0.4081200675817034
1703,V6 | V12 | V15,0.5066383594959522,0.5060891041873997,0.6385903380087841,0.5963007076191534,0.4490131290685624,0.7059089435783893,0.07625492150084151,0.38397063189556657,0.059783838822452376,0.8779579453781068,0.07362657150660605,0.4030750900961225,1.9142084642973805,1.5435359137539322,0.40809457282588135
1704,V6 | V16 | V25,0.5416040159991066,0.47337092381535045,0.6869952418126748,0.4922049274477747,0.398938273462732,0.7290892483105565,0.08369697506943279,0.47141918537007194,0.065768373284611,0.9661833408082176,0.09003551812720749,0.47772945991655535,1.5283110055189228,1.6201024276779166,0.4080297429717565
1705,V4 | V9 | V22,0.5713692971600662,0.5361724809239033,0.6369475394751342,0.5762301145695536,0.517563820508197,0.17751473430611145,0.056766883980055166,0.7303083084700485,0.3344552416082645,0.9114851553338548,0.1995711618019271,0.2518300095533924,1.877168491100159,1.157220697151534,0.40797851569373056
1706,V12 | V15 | V28,0.5672653702411495,0.45298934613021685,0.7588688668919342,0.5396826378960563,0.4410566068090495,0.84899842410988,0.045660318890855825,0.0946176332409034,0.0019879557011360503,0.9088275935507042,0.054231390141594754,0.30792694486422867,2.8128454231070483,0.8825692474390693,0.4078939927277793
1707,V2 | V18 | V25,0.5542017666748937,0.45700037657628284,0.6309188779224019,0.5118985872403109,0.38759379955015816,0.8876978855313873,0.0759248980395182,0.32856635468815615,0.03658441328720175,0.9191955590803861,0.14506916832884464,0.6218075477626113,2.84910561922795,1.3991205984369954,0.4077045344696725
1708,V18 | V20 | V21,0.6638837025335539,0.5295344918908295,0.5882231733953021,0.4014479278415639,0.41356022267034953,0.9450574487350334,0.03220028451993033,0.29786595794786536,0.006185114070640385,0.7988337901851043,0.05158596944609222,0.5128860665435208,6.697186079565245,0.44173182642576364,0.40770407122158003
1709,V10 | V22 | V28,0.5937179815438061,0.45966308515888316,0.681380538829622,0.5171049496684826,0.4355041910818494,0.9316488582476451,0.047960756212943524,0.11204530304972424,0.0019247657491359373,0.8299213092241688,0.07378796396122042,0.4501532809525477,3.2783444937513346,0.8318130258756479,0.4076779020564102
1710,V3 | V6 | V23,0.6149833916283822,0.5233280159233652,0.39522295012367487,0.6454178990068579,0.45501014278654245,0.9121540140164295,0.1006234268171481,0.16252441664023884,0.005713332860413972,0.7025549896650742,0.06320154761412344,0.47593979786169716,1.9204344144261754,2.138062537906136,0.40756082607666555
1711,V5 | V17 | V24,0.523554650842464,0.49576369778717294,0.524349327939737,0.7072976826006847,0.40141267601783953,0.8599169301549122,0.05373304416689634,0.2567951847758134,0.0111504997529648,0.8202558017869899,0.16082210037384323,0.557454269585129,4.103005563290051,0.9201993514290183,0.4075205453096451
1712,V2 | V5 | V19,0.6609078320221482,0.5378574158646792,0.3698968731096808,0.593797551256819,0.4236900123537962,0.9205304694165218,0.08298397883062958,0.24383239768593723,0.01105947484861645,0.7064005376090251,0.09199599514515024,0.6278323481163586,3.367778288725142,1.6170654030216662,0.4075102763257041
1713,V2 | V9 | V13,0.551186032321376,0.4965881872894803,0.5021476118821915,0.5235006391149548,0.42106111010749386,0.9240502200522288,0.09135264592455496,0.3316975683928318,0.03769852833576475,0.876342806956375,0.1549493002226985,0.6168486844110033,3.0551949310168482,1.839346410020431,0.40728027787208954
1714,V17 | V26 | V28,0.5740936201085007,0.4478665841380503,0.7013238947623758,0.5774909015860479,0.41790259708621985,0.9217714023249503,0.02484208022177126,0.07204062913836969,0.0016751766904741438,0.9258076249347151,0.06728969465975133,0.40552938965783975,6.1673512241541815,0.3381829605962729,0.40726698377834275
1715,V1 | V27 | V28,0.6522091594474386,0.4968983852710373,0.6253954468323624,0.49341419126145997,0.4408370884966096,0.9156707212247216,0.13933253010788157,0.07171648321027953,0.001079156203427456,0.3595133849518858,0.014635300251905462,0.4520711467545907,1.0297228280421145,3.070649659343244,0.4071593687337102
1716,V2 | V13 | V18,0.54992729212751,0.46374783911071105,0.6171566062626558,0.5089062872615441,0.3837889135658413,0.8764341944111022,0.07318902123833097,0.3489821890218151,0.038152735783431556,0.9634932514988729,0.16136758276086985,0.5875015569738418,3.0247966179467403,1.3699208719014375,0.40712212463657155
1717,V15 | V16 | V21,0.5767410297445423,0.476696371672676,0.6079548566698413,0.48815670777520725,0.43490353364159895,0.9185843981368318,0.022326408058805557,0.3458167514569191,0.01628538634918386,0.8908339554565874,0.1516961993976043,0.4404680671600784,13.149761758441674,0.3032709348588835,0.4070781467653231
1718,V6 | V17 | V26,0.5134666093633034,0.5009663421952333,0.5624248708664539,0.6302308156418702,0.42585911934573273,0.7868711109627288,0.09057687218153405,0.2811243683102557,0.026757685310842407,0.9552182994332526,0.09217871579365965,0.5251296989604611,1.3912263492006554,1.7382440274129811,0.406929646781632
1719,V1 | V17 | V26,0.49711595167923434,0.4959726759792293,0.48903651165305834,0.7579428808191417,0.43706993306548314,0.7029245582721942,0.11319157118444692,0.22466504432519915,0.02900728031135029,0.9444322999075198,0.2080353867480024,0.38450406402255827,0.8597549294601436,2.3780400164033875,0.40691029745960244
1720,V10 | V26 | V28,0.5627676130158066,0.4744769179859208,0.6931803459280317,0.50594030682092,0.4468041351674339,0.9308718533467621,0.04948942862078993,0.1064313674699903,0.0019331184558482979,0.8555177208821054,0.061742732909738106,0.48094833893906497,3.005121666569398,0.8268934870112254,0.40690723286972413
1721,V5 | V12 | V24,0.507616846635677,0.513199376083037,0.6231031507289408,0.6766273849791112,0.4342998063773628,0.6662975831105913,0.05645987579312444,0.33101883761480716,0.015497950969849053,0.943788457786561,0.10826115829259439,0.4078346952448008,2.4520930557251606,1.050701660200983,0.40685879193705543
1722,V6 | V8 | V18,0.6295334681886551,0.5170865911978337,0.6426571439480886,0.532033986247899,0.3944566236436989,0.8723754385712944,0.08346969135973357,0.14798012836848354,0.012978369884320521,0.5340503700565843,0.04223757057165299,0.48580822110938526,2.0782043411539695,1.676462005993345,0.4068521921960117
1723,V17 | V22 | V28,0.6050439886365002,0.4330527513110126,0.6897331144374039,0.5871947749414578,0.4066026530006353,0.9086691165065653,0.02193178147989,0.07615215520611801,0.0016678088063510727,0.9095116222587352,0.08058208166515575,0.36160026115425675,7.246925475546452,0.32075802787033214,0.4067429938573757
1724,V6 | V8 | V9,0.6307922083825215,0.5499269393766029,0.5346171474203956,0.5459839953699273,0.43172882018535136,0.8814957596373726,0.08299909491087888,0.14199211565910283,0.012913094872737731,0.6072614057507846,0.040932797705908824,0.46773087424842763,2.255961543174397,1.6994008293890988,0.40664257464657044
1725,V4 | V21 | V26,0.5591931570089441,0.5249728214136432,0.4669062092055514,0.5069375417549223,0.515358692847682,0.9211886874585673,0.03820436925966736,0.3553900435179772,0.01690693786270608,0.8854868877891554,0.11437289226984432,0.4717322688168927,6.075167572138213,0.6357201792804926,0.40659729514706694
1726,V7 | V20 | V21,0.7146247117531744,0.6003008230173892,0.21059323648159636,0.587328493675923,0.4983733139339842,0.9592510533618485,0.03497822813959014,0.20919644082802968,0.00232687513242261,0.7564267904406627,0.04866575274571411,0.589618831400142,8.178312964600739,0.46196159584582025,0.4062385771890323
1727,V1 | V18 | V23,0.5415867607604583,0.42816604547786113,0.578772588991161,0.5827486847954193,0.3451093282091327,0.9460307965282216,0.18081729509882147,0.17510936546790545,0.00628682182445955,0.755888880745384,0.10473815344009624,0.5551664541804351,1.0666816018617582,4.11128173665884,0.40611049777569624
1728,V2 | V9 | V22,0.5377755119893283,0.4762154457418712,0.5006222411659356,0.5308884614599434,0.4186306030009984,0.9420454638562689,0.09589993672877087,0.32347656753331244,0.03669682357775233,0.8912382778383888,0.1734884511055921,0.6542951420686286,3.0350355307600103,1.92507014144336,0.40600792177332257
1729,V6 | V7 | V20,0.6399618889397435,0.5858510126702229,0.3484794194173552,0.5870603991508786,0.4577394841131961,0.9068505560394825,0.08197654134620716,0.2736472333153098,0.0033828216392873993,0.5816386919257607,0.03408357057277362,0.5001494860230354,2.2744680995520397,1.6407435988293688,0.40596480647431515
1730,V5 | V16 | V22,0.555049096376644,0.4372475708433297,0.6239815797018857,0.5920885020819495,0.3699379021817156,0.8120818004471342,0.037368681096885924,0.4357536812742833,0.016104964562884714,0.9521861829454628,0.18737502066735762,0.5276436592876236,5.96423983450099,0.5546952234704533,0.4058767144088399
1731,V1 | V16 | V26,0.4766179949076059,0.4695658114132034,0.6306759961520364,0.6492470217200971,0.4152136381772547,0.6516341372773493,0.11316367453455967,0.3484751803161771,0.08543419726406645,0.9328879245039426,0.1984271679663059,0.39069037173164034,0.8766684241086982,2.375936602401274,0.4058670305726764
1732,V5 | V12 | V26,0.5286588804134851,0.49590394653225756,0.6019860498186366,0.6739856383125136,0.43598127151505184,0.67993093203937,0.058177707750355266,0.3296590248061943,0.015474825919075874,0.9302479247552956,0.1042459468308261,0.4257842921439977,2.346756066605222,1.070630068799905,0.40585639000395085
1733,V17 | V24 | V28,0.5530515863306923,0.46516201368882976,0.718425825597667,0.5806870963822021,0.41622113194853083,0.9038937778991151,0.022985300542574697,0.07230933244695552,0.0016763345537587726,0.8682114048764524,0.06963566227313917,0.36750508370077195,6.369610054867646,0.32923970464169466,0.4056569449116831
1734,V15 | V16 | V27,0.5767331869549365,0.4546471323119637,0.6895011415661324,0.44623865038387245,0.4224219340696947,0.8176915527107325,0.014371186277242614,0.5543476300311754,0.013575950359357982,0.9310209052090147,0.05065820945757337,0.21231257663251396,9.440274220662127,0.2886816082711937,0.40555165763972956
1735,V10 | V21 | V22,0.6077537936120405,0.5272126535632323,0.447995361646009,0.5764398263140438,0.48409454316215045,0.9459241307976497,0.04128952384793415,0.34635693100143095,0.014456157820184046,0.36434019120476724,0.15385082805739742,0.5650520641867333,6.145464000113425,0.6281927833863983,0.40554709049805593
1736,V5 | V18 | V20,0.6203509549770919,0.4925866075848234,0.6020860191450141,0.5139662792853712,0.35016141465935724,0.8986670680265457,0.02803969045389514,0.36319356967237626,0.006191830619213179,0.8553200622242605,0.056475672598093385,0.4624081320917618,8.774534845525611,0.40599752927557453,0.4055155038264183
1737,V5 | V6 | V27,0.6390628816432796,0.5324937355853842,0.4662199482075072,0.4735405511036535,0.41481781884616786,0.8942977560560238,0.08276840672579108,0.32185169600004887,0.005952094091646039,0.9264794937975781,0.016615815616046997,0.4773525225565796,2.272890086882901,1.6850567234688831,0.4054826996117609
1738,V9 | V20 | V21,0.6651424427274197,0.5623748400695987,0.4646842902288666,0.41944177907757896,0.45083241921200207,0.9492841986376117,0.036626641795386945,0.28399102655992153,0.006164931434171218,0.8415437344716014,0.05001779061743576,0.5055286384008938,5.960915976387424,0.5564413876440345,0.4053903298143817
1739,V2 | V20 | V27,0.7006865104715879,0.565929013888823,0.4213519970441782,0.44359212010838817,0.4770823518341241,0.9413097250862899,0.04500074058141621,0.22035701586722892,0.004377342686996061,0.7762540886592657,0.011309775982306664,0.5695042510672849,5.805753922291537,0.7182843974678003,0.4053616384108695
1740,V5 | V15 | V17,0.5537062389597083,0.4661553519326958,0.4761706350929293,0.7064037319531226,0.3933610205188351,0.8923918907770798,0.051305863739260486,0.26676333709616873,0.0111652400526224,0.829137142320883,0.1786923814009829,0.5512944650687018,4.7828243290019845,0.8829947887683328,0.4053142912123848
1741,V6 | V9 | V20,0.590479619913989,0.5479250297224323,0.5491232859660213,0.41906792020966144,0.4101985893912138,0.8765297187774514,0.07861581734907812,0.3836204554413163,0.01051771923278425,0.9241239467840467,0.03507732566645448,0.4408786168644157,2.192117077330872,1.6001950740485753,0.4052688699743131
1742,V4 | V15 | V27,0.5682948685587743,0.4906106657492334,0.5559601410268563,0.469161103816843,0.49314397263908427,0.8131330096732367,0.017446615660956385,0.61109016980314,0.0140686184101942,0.9080487425055345,0.04482169160749992,0.2632890502104484,9.233844633579277,0.3199089305035267,0.4052564323519869
1743,V8 | V12 | V24,0.5181125589621906,0.4825698481762457,0.6012637520114366,0.6555783071494653,0.4252241363985424,0.8722272151456888,0.05475018845096067,0.13333267255263945,0.014501449794957114,0.8944524689677319,0.0648264235650493,0.5224284420291632,3.4801334073358006,0.9558069436552723,0.4050891143030452
1744,V2 | V18 | V22,0.5365167717954621,0.44337509756310195,0.6159681685276929,0.5165090982834336,0.38135840645934593,0.9034635292152478,0.08014754927252894,0.3401459638627398,0.037128446234541104,0.9004875021156021,0.18111627207925918,0.6337787078399676,3.0226728127213596,1.5138800207986614,0.4050430854320072
1745,V3 | V21 | V23,0.689646214441813,0.5377778262705315,0.2725639733259781,0.6456567438997399,0.4956439726073307,0.9578323288188658,0.05685947943915872,0.12686202948689726,0.003763192025886641,0.6448921524086662,0.09049089043688517,0.48265479868016375,3.901047282010335,1.0724549930096972,0.4050411093852748
1746,V4 | V19 | V23,0.6334012797752715,0.48325804363595115,0.5137898446780285,0.4929910730644071,0.452989450727858,0.8919527936592121,0.06443540769399575,0.263383563597793,0.00687643046900769,0.9166739674660029,0.07783053205093797,0.44453116773317225,2.75270324696235,1.255400035588379,0.4050154177834085
1747,V2 | V9 | V25,0.5554605068687595,0.4898407247550521,0.5197317851835254,0.5264079487535683,0.42486599609181064,0.9114326502243255,0.08045077667784595,0.31268689806014754,0.036164554497401614,0.8495175352511068,0.1395726988676012,0.627314047123236,3.011262388142708,1.527933064446193,0.4049768831394202
1748,V4 | V15 | V21,0.56830271134838,0.5126599051099455,0.4434632254119997,0.5092910185602918,0.5056255722109884,0.9109616427611169,0.04631078882318556,0.37273067429301426,0.016964089536295753,0.90164311850848,0.13032327374596953,0.4363398871198424,4.733962575154423,0.8598233492817897,0.4049252626727045
1749,V8 | V12 | V22,0.5701049612679986,0.45046058579842857,0.5639340664516568,0.661194055413192,0.415605657450647,0.8849801005668987,0.054553812694123356,0.13981453086149806,0.014350587718093208,0.8882757221076106,0.07490393016925807,0.5203252772164687,3.717303434535178,0.963759895039601,0.4048678529038432
1750,V14 | V20 | V22,0.5618666615446721,0.4749845003490826,0.5157146224993255,0.5972386377986427,0.4411911324351832,0.8784160527487906,0.031659577827292895,0.39597722041349764,0.01135608205225822,0.8803355865697253,0.06763224283661969,0.4392740446135914,5.779374157039544,0.48296286657111653,0.4047780377723095
1751,V13 | V14 | V20,0.5752771818767197,0.4953572418966916,0.5171909894371106,0.5907662300636453,0.4436216395416786,0.8687136384426569,0.028902740832445234,0.4070390686222654,0.011476965872610805,0.7538303708649406,0.062118779907240185,0.37566691041629524,6.038432576267902,0.476579166621999,0.4047026162777161
1752,V12 | V13 | V19,0.5469491194489303,0.45565846461301707,0.6227276587169633,0.5678581691115797,0.39403080272176516,0.6586010942200222,0.06129293682723421,0.5703607898020596,0.16097125591848793,0.8267852005188837,0.1278873854495563,0.4025750598620334,1.9364210921803444,1.1373101641994037,0.4045560096639685
1753,V14 | V20 | V24,0.5098742592388643,0.5070937627268998,0.5569774396059104,0.590859917826955,0.4508096113830786,0.8706544761412889,0.03225713319086728,0.37225432165236355,0.01145740970360231,0.8632055640653796,0.05861900526409215,0.4430888865235962,5.317863476794108,0.48472049146014845,0.4044744421748106
1754,V4 | V18 | V25,0.5877955518456317,0.516957411758315,0.7372543514721439,0.5588992003597758,0.4865270170573568,0.09995432243733897,0.035559509026806616,0.7486412032964367,0.32625516049669284,0.9320419047867494,0.1647632049683416,0.2653070439020734,2.58318278936346,0.6320467293555166,0.404454357537947
1755,V5 | V9 | V19,0.6253559214883744,0.5122540026847426,0.5361899868421317,0.5409815927994852,0.38495848015977,0.7426212635013957,0.02783894734210106,0.4966453327049411,0.01677139781673148,0.9451852828891816,0.11687947673857864,0.466831766067662,6.97083077386826,0.37293130034445926,0.4044229696138508
1756,V6 | V17 | V24,0.4924245755854953,0.5182617717460127,0.5853859651334278,0.6331109685761097,0.42417765420804354,0.7765500443449719,0.08551019101140768,0.2822142963816432,0.026819522634963622,0.8254268678545168,0.09559871157541201,0.4774683273474046,1.561245144046185,1.6750543600541092,0.40438831200592484
1757,V6 | V18 | V20,0.5892208797201228,0.5150846815436632,0.6541726783361717,0.40106050310997265,0.3729263928495614,0.8622229358678731,0.07849053541303615,0.40505889521086186,0.010564031657417485,0.8284004379689052,0.03622531800381513,0.45207706941842507,2.0146669922287406,1.5671293506388104,0.40434781736288566
1758,V8 | V12 | V13,0.5835154816000461,0.47083332734603756,0.5652641580210173,0.6554958888951291,0.41803616455714243,0.8849954137180079,0.0675105345261183,0.14274220631045137,0.014530622657019366,0.6383493236929998,0.06872889069032218,0.4836941833895755,2.6486138589826984,1.2927624882817468,0.4042616923493581
1759,V6 | V21 | V27,0.6825956291997421,0.5694416198913902,0.44751363105340974,0.35040763037921135,0.4782166268571601,0.9178268000975784,0.07948111998211718,0.2663223202333722,0.0059457510509814265,0.892166302525855,0.01458326248919196,0.5215697940374925,1.979115335609812,1.5207779556138887,0.4042034278088168
1760,V5 | V9 | V20,0.6216096951709577,0.5254269557635927,0.48272051260803694,0.5284171973325246,0.3874336112010097,0.9123281196984204,0.034870931504536205,0.34489696183038304,0.006171616076467226,0.8976525748996805,0.05476022882880069,0.4692636717712844,7.087025838467946,0.5646790250976824,0.4041704152316393
1761,V4 | V6 | V13,0.5288912230555605,0.5160819197870483,0.5362569572992245,0.5101892288654145,0.4658554260478046,0.7052555868383772,0.07913160313490676,0.5557691812898209,0.08245043352078012,0.9184754555750809,0.086324447087772,0.38557953958201563,1.9315148695889213,1.6417558829500263,0.4041699171385249
1762,V10 | V15 | V28,0.5718771673552425,0.46216400168222316,0.6789654912411721,0.5082984246296653,0.43707101453074043,0.9318361019183221,0.04654077260702811,0.11055015733402435,0.0019358936062605562,0.8406509530690851,0.06906808911660736,0.41104180918939554,3.4158675985990476,0.8393565925975494,0.4041301109801603
1763,V1 | V19 | V27,0.5966415741346085,0.4816956787295684,0.42688979313507613,0.5230342516983915,0.39294760075172075,0.9258206726144974,0.13050871480528303,0.37391390812420017,0.012253012837767984,0.8759902321757183,0.039167683765132105,0.45554538722593485,0.776411003202701,2.7555237859058272,0.40385207681816143
1764,V5 | V13 | V16,0.5684596167086916,0.45762031239093887,0.6251495834756766,0.5855493207650563,0.37236840928821113,0.736697753389237,0.03498807288009649,0.44855689176608954,0.016325173865009986,0.982468556204684,0.16660784358549424,0.43236729388461137,4.759931844087039,0.5548217791862137,0.40384905233288027
1765,V16 | V26 | V27,0.5676236326155006,0.4669600486156613,0.7033999098408433,0.4435713824062642,0.43215505470638826,0.8189804510343222,0.019226474661950838,0.5227503896478921,0.0135371094255885,0.7947213003346509,0.04531127644785008,0.27593790100495696,6.807626794326875,0.32558755111335164,0.4037346574117247
1766,V8 | V12 | V26,0.5391545927399984,0.46527441862546626,0.5790982329279022,0.6528238198999773,0.4269056015362315,0.8765371352957545,0.056244720481442974,0.13288209856232114,0.014480839542022847,0.900444078592323,0.0626576538512883,0.5437856059325047,3.3858024118876116,0.9705355333833358,0.40371876378670263
1767,V17 | V21 | V22,0.6190798007047341,0.5006023197153617,0.4617646434764483,0.6392226186283039,0.45519300508093635,0.9368695298838683,0.033175346230245956,0.2263881830708746,0.01103703123138646,0.4203970093604314,0.17243060229541712,0.5340699818073701,7.242062667174034,0.45581185391685763,0.4037068629904493
1768,V2 | V6 | V19,0.6297777567651794,0.5603554898235189,0.45311946358280314,0.4990603257673007,0.4464549905440004,0.8162784185456002,0.0830661140957415,0.2675438775927998,0.026396408441258734,0.8844343193426941,0.05861176306008878,0.47279237259275275,2.3148499820402098,1.7016289614879971,0.40367993324201284
1769,V6 | V16 | V22,0.5239190211196749,0.4597456448021696,0.6737800614366293,0.4969979123271781,0.39270288037191975,0.7325256268842427,0.08690652949605095,0.49140099839618845,0.06745297265724684,0.9169356915364134,0.10801611043106339,0.4713701242918486,1.4781534051634033,1.7062616305052947,0.4036042661832823
1770,V8 | V11 | V25,0.5801999037411029,0.4515540690794524,0.6335777387314858,0.5441910760882606,0.4021338474039163,0.9000883051776201,0.047324233649207265,0.1781670040420057,0.015595223943442123,0.8942320251048153,0.11971396051204788,0.5118345401971779,4.076861845085042,0.7894813382864175,0.40354395540223703
1771,V16 | V19 | V23,0.641839598171434,0.4472945101986816,0.6582954733625659,0.4711483039170134,0.38226741215846854,0.9029969278417437,0.027946495420717057,0.24663259111176347,0.0067194378527981515,0.8879975523563209,0.08841965846724428,0.457825018081553,7.543454936395485,0.39328905930215347,0.40342514503932586
1772,V5 | V11 | V15,0.5301783823465945,0.4710592344964029,0.6371178083144449,0.566556884414373,0.4065409477408153,0.7002478543548109,0.03443235045885245,0.49653578555314676,0.01708999264659197,0.9315524935297665,0.2754770487232822,0.4306169831091727,4.661709317430783,0.538357010996546,0.4033826971549941
1773,V17 | V20 | V23,0.6585913286256452,0.48687432784355755,0.4714751304003482,0.6088558217547295,0.40659883808793673,0.9494775550429323,0.03563286786767739,0.12599581374001587,0.002773582339086446,0.7968821941667455,0.04385319880200961,0.5777406584863646,6.5459251908661,0.46817966228670327,0.4033297309216339
1774,V12 | V19 | V25,0.551223593996314,0.4489110020785888,0.6363271887742927,0.5705216583078223,0.39783568870608194,0.6248405562259514,0.05512740588669037,0.5277875854460468,0.13811756593945715,0.9831822741227312,0.11612190730711608,0.3965064279207976,1.994121140628036,0.9812684755897216,0.40327833338557134
1775,V4 | V6 | V22,0.5154807027235131,0.4957091782394392,0.5348404387598404,0.517772894593255,0.4634249189413092,0.7426234606020805,0.08571487462239978,0.5378960316408199,0.07807646433110878,0.9044940932096217,0.09445366129460492,0.43856669513473817,1.8108605142035976,1.7542277694137578,0.40327263726588664
1776,V11 | V20 | V23,0.6350634720125314,0.4917782104072646,0.6338098872758906,0.4334545937482189,0.419778765309917,0.9455837231476394,0.029707435359729212,0.20661222690935113,0.0034346963325597845,0.7804404358010383,0.05766626488292398,0.4649618708595144,7.360766929229346,0.4317694190669024,0.40324053798864806
1777,V6 | V15 | V17,0.5225761637027397,0.48865342589153554,0.5434566722295838,0.6320754180040402,0.41612599870903916,0.7831514271913573,0.08668840542268763,0.29353862192779046,0.026888668418166117,0.9237938914112266,0.10405561992360718,0.46682535613807663,1.6347296626715984,1.7288197727636645,0.4031581079292369
1778,V4 | V26 | V27,0.5591853142193383,0.502923582052931,0.5744312917524763,0.46661249313462017,0.5028770932757777,0.8191546160199922,0.009591614746280858,0.5742117548325663,0.014027333394505273,0.7867538363269518,0.04004028499147575,0.2681535759429954,19.10570253166894,0.1481295847259995,0.40283342665751465
1779,V15 | V17 | V28,0.5832031744479366,0.4355536678343526,0.6873614990371247,0.5795381440995642,0.4081694764495264,0.9063658843357191,0.020627116866680572,0.07505980975680611,0.0016776242467650918,0.8986815525160445,0.07535769899210316,0.31496500427022095,7.414924280143391,0.33412183566243114,0.4025902644919172
1780,V14 | V20 | V26,0.5309162930166723,0.4897983331761202,0.5325190553333717,0.5877276589070134,0.4524910765207677,0.8705632241452635,0.03310230671400141,0.3706433099608873,0.011443586107102482,0.8731096031553063,0.05666884301772925,0.4677858157508141,5.223206699745763,0.4807378364066549,0.40241652017615775
1781,V4 | V6 | V25,0.5331656976029444,0.50933445725262,0.5526101600870655,0.5131739593486407,0.46966031203212144,0.7027159660686717,0.07624796846507484,0.514889443771002,0.07584789632929648,0.8823221378991357,0.07921405611410047,0.42230604745363776,2.0015519474037236,1.534100106084514,0.40240565659156624
1782,V3 | V21 | V25,0.5944700577018525,0.4955517752885487,0.2973800242753552,0.6347530562666105,0.4564688239071924,0.9415899526679756,0.06869605124823104,0.2810906054072044,0.014727962209529034,0.9138320375493449,0.17249886846460838,0.4829583208749056,3.062566343551064,1.353857908130765,0.40236229344496766
1783,V2 | V6 | V8,0.6663441189162951,0.5755303525565395,0.36763997208255483,0.598305432771601,0.47046035237937767,0.9087112000970875,0.0775086543013118,0.07939599462986192,0.009043688554393818,0.5352463892896238,0.032713187622097,0.5027329367590722,2.9711052553523647,1.5695042692330894,0.4021430586295453
1784,V8 | V11 | V22,0.5625149088616712,0.4379287900662715,0.6187143252285463,0.5485172260723271,0.39589845431310405,0.9164191593175682,0.05181005403710672,0.18340287223620114,0.015709623007441293,0.9437769988375532,0.14654972872019384,0.5126721902290317,3.8214876837183787,0.9009314346234597,0.4021153099109232
1785,V2 | V7 | V25,0.6049427758945143,0.5277667077028426,0.3022551260897365,0.6662676631301704,0.4724068908137928,0.9442846425749892,0.08452224206582074,0.2283156936204913,0.0057713408461067,0.5377222849903559,0.1349468301095133,0.6679715627656194,3.7242900682884965,1.6362864589563697,0.4020408945528567
1786,V3 | V5 | V23,0.646113466885351,0.5008299419645255,0.29964519390318245,0.7179408508290535,0.4322451645963383,0.9425457652081553,0.07741334191136072,0.14938175979846624,0.0037666225063797236,0.6099440272269853,0.09980097159471607,0.5157091884882808,3.3750302498367737,1.577169728710094,0.40177072645923884
1787,V2 | V9 | V24,0.48578310968352023,0.5083247081196883,0.5431955141512101,0.523607673227618,0.4282490819488939,0.8997426675589346,0.0796448866757299,0.30568704311043116,0.0375342153747127,0.9282908053290343,0.1438929100812717,0.6280851687976843,3.0528804413524013,1.5076748415840615,0.40176049539327746
1788,V2 | V7 | V13,0.6006683013471305,0.5345141702372708,0.2737518225658098,0.664065162421566,0.468602004829476,0.9456897012509665,0.08473485782060788,0.24072896924665457,0.005836891052092017,0.6111619610133829,0.14956999553702088,0.6343645311129655,3.8520551100774933,1.6812838914439736,0.4017126815324449
1789,V5 | V12 | V15,0.5377684347529209,0.48359103022856,0.584606011943602,0.6756774091304196,0.4262481508783584,0.6743388020317849,0.05423387511799843,0.3451967287933602,0.01552376397133592,0.8728040937976119,0.11825684340958632,0.38069144257650744,2.750120431055078,1.0399684708069585,0.4016089327027505
1790,V6 | V7 | V8,0.6802744774082757,0.5878529223243935,0.32587610091186436,0.6811774131939002,0.4792697149073335,0.9100389174498508,0.08942937254756574,0.10724154914005164,0.0038097864779417837,0.06251153169622253,0.03980510537000029,0.5242866913828649,2.2211780052327046,1.815444414597471,0.4015288221586985
1791,V3 | V18 | V24,0.5047596919458694,0.5072089028117137,0.6671470137516925,0.6687077508997894,0.43608478496872277,0.3890220768657947,0.04831872093116275,0.5005279649319234,0.12288641831585637,0.9272167813024498,0.2817648167899026,0.24576320063764884,2.3197754324556765,0.9785061769315822,0.40145452880854754
1792,V5 | V21 | V27,0.7137257044567107,0.5469435459325505,0.3631750217720048,0.47387619623446453,0.4554516486669559,0.9362578614810382,0.018963726611912216,0.24275051149606078,0.0038989588570237307,0.9383237129992207,0.025696643681787406,0.48961303116052624,20.96232312796368,0.18727167699815284,0.40143436209437894
1793,V3 | V13 | V27,0.590187740364863,0.4802499984622647,0.4249179802896862,0.6012347517874486,0.44018233835097154,0.8612184325583159,0.033912445385208795,0.45904538090223984,0.01264487543253858,0.8786510320020872,0.060581549977389855,0.24469483544172205,4.563427402417874,0.7069356810570979,0.4012853137334086
1794,V3 | V21 | V24,0.5247926605166131,0.514035758653185,0.3347933647487691,0.6324946788457075,0.45985190976427565,0.9434892206190509,0.07240054835969571,0.27503842518521704,0.014991254379991804,0.9444710854298501,0.17843527142867907,0.48079232584370846,2.89699358590855,1.4469111980526463,0.40123885884488564
1795,V12 | V20 | V25,0.5474773676788974,0.46208395515743883,0.5937861093365794,0.5586795428663377,0.40031081974732174,0.860552952955721,0.03703133856430941,0.3626521583847103,0.011455844674848711,0.9536221454334536,0.05445260668382713,0.45068853723977376,4.658349415998381,0.5892822250701625,0.4012282824695793
1796,V10 | V20 | V23,0.6472653215329511,0.5134846616914279,0.4579968017613465,0.5419128372631099,0.43550037616915077,0.9560486201139136,0.044749702065988765,0.18319985930756735,0.0032011653051143884,0.7046330311377265,0.04020899282396483,0.5969863133882878,5.375098112739416,0.6740087270725027,0.4011924826598673
1797,V2 | V5 | V8,0.6974741941732638,0.5530322785976998,0.2654740410824743,0.6773910508932448,0.4476953741891736,0.9379575200648375,0.0510148301155026,0.07249626350001437,0.00550132592798783,0.6648126732988816,0.05125801923804049,0.5821147806873704,6.850396174699112,0.8897563159215744,0.4011382265181103
1798,V11 | V13 | V28,0.5949266523554338,0.4583293754223288,0.7981790398042324,0.39297194658171836,0.422213087329111,0.8865434922726574,0.008770796582569663,0.12855085060268362,0.0020735151356063813,0.9469235793268277,0.09850245567486633,0.13295305393255352,9.718828492841615,0.21731798292747642,0.40112611719789504
1799,V8 | V17 | V25,0.6037277603542167,0.4466501865157453,0.47114507025679336,0.6895392460603375,0.3889539201819359,0.9155216674059713,0.056558999145982544,0.1090756473867381,0.010426827086653637,0.8766189956445318,0.0884544005572966,0.5926088308054439,3.6105100277695006,0.9414228708686894,0.4009066376623422
1800,V8 | V11 | V13,0.5759254291937191,0.4583015316138805,0.6198957204454826,0.5413846387712645,0.3983289614195995,0.9071426549476677,0.04630935710142599,0.18734186156212146,0.015920422209025176,0.8100519122743017,0.1319991011925711,0.4600234777642684,4.16226095904952,0.8167864843866515,0.4008961897394848
1801,V11 | V25 | V28,0.5992011269028176,0.4515819128879005,0.8075204028322454,0.3967335393984304,0.42601797331342783,0.8690438219650055,0.013843339977605751,0.1223903454982536,0.002054485504575336,0.9338802228449439,0.09014217380544087,0.21443729513472531,7.837286342176378,0.25474238557110995,0.4008750080152033
1802,V3 | V13 | V21,0.5901955831544685,0.502299237822977,0.2685643447882242,0.6324084056574762,0.4526639379228756,0.9434529177741208,0.0691391560355221,0.2974601469820234,0.015022153963543661,0.9241861717694625,0.1938356983428886,0.4345623616985605,3.141492210831161,1.4190670410225987,0.40083426473320105
1803,V2 | V7 | V24,0.535265378709275,0.5462506910674789,0.339290648480486,0.6641461941040782,0.4757899766708761,0.9373761369718265,0.08077670359773605,0.22369471907612778,0.005830061683994387,0.6270344558308841,0.13906095418397288,0.6617836784582976,3.7690261466134527,1.5419916187137621,0.4006514687053858
1804,V5 | V16 | V26,0.524098727848644,0.4520614036703674,0.6373219410457946,0.5824791022326632,0.3812378462673002,0.7875212056504485,0.03848700524609366,0.4065820443830209,0.01626423156978036,0.938828650073159,0.14775011925882311,0.5208204019175761,5.024771326090175,0.5697222468434372,0.4006395077302909
1805,V14 | V19 | V25,0.5832978827415205,0.47543682628341344,0.5823281611176538,0.6043776838957508,0.44495139448475557,0.5371299544004648,0.01905731931800709,0.5617639381510735,0.12258925445111778,0.9545887199742615,0.12298890767347705,0.3525042506170534,7.788942360481326,0.2586941046113597,0.400635652879401
1806,V4 | V5 | V25,0.5642957728599128,0.4868363832937803,0.48674469750067034,0.6055249023604259,0.4468953338419174,0.7429951109621336,0.045134174373940496,0.4551858790674743,0.016642103372067087,0.923632044924063,0.12858853862820813,0.45113393299822996,3.8647187165952963,0.781677883543376,0.4006257317801694
1807,V8 | V10 | V25,0.5924017532615231,0.47326052036361577,0.4576569552685589,0.6330565760482031,0.41785545826315,0.9315736715975745,0.05955661153473348,0.15838404903160555,0.013504295663587563,0.8276927502266781,0.08086529208348493,0.6089423381201005,3.822114926647517,1.0166142060373613,0.400625467098117
1808,V4 | V18 | V22,0.5701105569662,0.5033321327451342,0.7254205375915614,0.5631016891023152,0.48029162396654457,0.05573668129490024,0.03618586336358228,0.7917438852277837,0.3696035322852065,0.935535101061556,0.20908393809270992,0.22332128597906464,2.337975917992244,0.6706666789129496,0.40061784796820343
1809,V5 | V18 | V19,0.6240971812945084,0.4794136545059734,0.6439021088708243,0.5268907626561387,0.3476862836181175,0.6413279079651883,0.027981190989948907,0.5287488262755623,0.016874078168520684,0.9779685456081366,0.12114922886251109,0.4044601595740258,6.191248081927016,0.42559384525491256,0.40060684216041564
1810,V5 | V6 | V21,0.6390707244328853,0.5545429749460963,0.32553097133179754,0.5133372714831962,0.42729941841807206,0.9265394156258296,0.1021000325247685,0.21992378858793282,0.006629130998634481,0.9362739286536665,0.05167731119866399,0.5476003389980242,1.9660564272153533,2.1120649500629933,0.4005258454176024
1811,V2 | V18 | V26,0.5055664032674624,0.45818893039013964,0.6295388140858187,0.5053311281022501,0.39265835054493037,0.872516129488947,0.07627607563373427,0.3197622791128437,0.03786643828321254,0.9450669368677723,0.14335811341306928,0.6299621464043653,2.8347815112185293,1.3996028813700276,0.40039039981205615
1812,V3 | V13 | V18,0.5701626145837252,0.49547238198150567,0.6361022537453251,0.6686274478887244,0.42889681312732275,0.2805309737349333,0.05424826970947029,0.5561210268911874,0.1245234170537916,0.9535922398243658,0.31486552503925164,0.2806288622257615,1.8186277146956378,1.0523003777077617,0.3998950742868665
1813,V6 | V16 | V24,0.4719266188138669,0.49185490717998676,0.7034502925135511,0.4892078483074402,0.4023213593198152,0.726123241538735,0.08367413113759763,0.45863797799172246,0.07017792503995815,0.8503182816581067,0.09241489760579097,0.44730243515308427,1.529705046514313,1.6501224602470073,0.39986226877432324
1814,V2 | V18 | V24,0.48452436948965405,0.4754843599409191,0.6494579714171743,0.5090164592744856,0.39097688540724135,0.8508305001368202,0.0696123317515735,0.3210646318917528,0.03798467823281699,0.9453276391443718,0.14964094963079388,0.598219775072413,3.1336244717181705,1.2678949203821062,0.39977557097538047
1815,V2 | V15 | V18,0.5146759576068985,0.44587601408644206,0.613184215805611,0.507692085441778,0.3829252299082369,0.8811412853944536,0.07553187561154892,0.3346337362833723,0.03811712093475177,0.9529977765881518,0.1656311913735201,0.6013198799135773,3.0298732948888674,1.4205100343732002,0.3997653184967309
1816,V3 | V25 | V27,0.5944622149122466,0.47350253592783653,0.4456347557911127,0.603728323438334,0.44398722433528814,0.8577007456850194,0.03530366221342661,0.4285676061630015,0.012425359042078112,0.7842237792397573,0.05579452150967192,0.29547145033544253,4.234321226486636,0.6829177639514948,0.3997568116665382
1817,V8 | V11 | V24,0.5105225065558637,0.47003805244408864,0.6520124175625059,0.5414879492702164,0.40551693326099947,0.8992042438896813,0.04536082456972653,0.17472935238117765,0.015886239042813933,0.9359862685152728,0.12318575006045651,0.5059018210868462,4.1944773289597626,0.7461601440953186,0.3997428177227751
1818,V4 | V9 | V15,0.5495284829715027,0.5386733974472435,0.6342876792013484,0.5684041223974928,0.519130643957088,0.10128862058302739,0.05557709414148715,0.7121797795491409,0.4233667532311185,0.8688162645496653,0.18165357157981438,0.20803589138745146,1.7587416375414515,1.1535450442778423,0.3996298738228734
1819,V4 | V5 | V22,0.5466107779804816,0.4732111042805995,0.4661870885783055,0.609358175142972,0.44065994075110515,0.7634447305634674,0.04887491587962606,0.474094519537113,0.016770322418388776,0.9742235498640747,0.15846987709862564,0.46843650456507463,3.4935014976387753,0.8497305343576513,0.39951887766152444
1820,V8 | V11 | V26,0.5315645403336717,0.45274262289330913,0.6322056156846629,0.538032903978726,0.40719839839868854,0.9064281234588258,0.049114388366461696,0.17412884201974468,0.01586209496766837,0.9495967004211197,0.11840937035851684,0.5287438975457411,3.802514607455736,0.8102938447899266,0.3992063087474817
1821,V6 | V16 | V26,0.4929686525916752,0.4745594776292073,0.6857733053165654,0.4853745334124963,0.4040028244575043,0.7120961574463209,0.08586325694322469,0.4564320116827287,0.06979613263175763,0.932913539141363,0.0891372217288031,0.48645647432475264,1.4072783693452289,1.6507534083403996,0.3991737117245121
1822,V2 | V6 | V20,0.6260315304477628,0.5735284429023689,0.3883305834609699,0.48539362371007444,0.4489301215852402,0.9126001691893432,0.08310228577002392,0.20008752031528046,0.007656008229315968,0.8346146839143985,0.027800494466117046,0.49843013385600354,2.5863128120884813,1.699815623008518,0.39912824853168855
1823,V4 | V5 | V13,0.5600212983125293,0.49358384582820847,0.4678304324004544,0.603040207456815,0.4430904478576006,0.7208227768141656,0.04569506436564402,0.4886995451725148,0.017006838511104582,0.9505792702625125,0.14220923997089494,0.4233933204108157,3.6404271644016823,0.8148273359961931,0.3990915426888374
1824,V4 | V6 | V24,0.463488300417705,0.5278184406172564,0.5744979190393509,0.5102991213868799,0.47304339788920474,0.7271257805401713,0.08031176884327948,0.5002304781536069,0.08171623234543098,0.8218861332404597,0.08124708414634058,0.39906882478656824,1.9035298865759085,1.657265094543868,0.3990378743973745
1825,V5 | V6 | V28,0.6250349123646516,0.48699340654174716,0.6114795293495148,0.44555249351620524,0.37870906633777107,0.9115376895006706,0.08680252850138445,0.07393377665616599,0.001158861485030156,0.9586276219660284,0.026126088184506218,0.4912288011405887,2.169878749085358,1.7716145434081938,0.3989452166857651
1826,V8 | V12 | V15,0.5482641470794345,0.4529615023217686,0.560816681823308,0.6545878604114382,0.41717248089953796,0.8692320719197533,0.05430334621187653,0.13796475927659063,0.014524452150571108,0.8450205734564612,0.07010287940839503,0.47693624445283156,3.5651536792375063,0.9932316466863618,0.3989146059428262
1827,V2 | V20 | V28,0.6866585411929597,0.5204286848451861,0.5791647967310044,0.4138428022498046,0.44097359932572733,0.9469141738870503,0.05658754560773115,0.04985958569034485,0.000847199105461568,0.6254125776643997,0.01936545438216909,0.5776185587121413,4.332910361402476,0.986574973054683,0.39887979891681985
1828,V4 | V6 | V26,0.4845303341955131,0.5105230110664768,0.5509744002689141,0.5066231724880023,0.4747248630268937,0.7304883400471208,0.08655723405763899,0.497704903894216,0.08120364326225496,0.8684960373360852,0.07844520837922028,0.45734363126866195,1.7173454035619327,1.7462523501805576,0.39884939175093315
1829,V9 | V19 | V28,0.6548528569766027,0.48165231858639945,0.726235354178799,0.35487717019513415,0.3997669360904612,0.8960570881853859,0.030769829405892356,0.12426471581613338,0.0020566521308812654,0.8816816616560221,0.05368558405084227,0.30547695344251574,4.526454871318119,0.5589771376657131,0.39879372459113854
1830,V2 | V20 | V21,0.7006943532611939,0.5879782532495353,0.2635523497993304,0.4857214853766888,0.4895639514060283,0.957633620349618,0.06116206948293945,0.15550932730494746,0.004813945399591239,0.7931065917834893,0.040232660178040815,0.6057769305475741,4.382621135394003,1.085295618231691,0.3987687197100779
1831,V1 | V19 | V21,0.5966494169242141,0.5037449180902807,0.27132902051734065,0.5592457132937702,0.40542920032362484,0.9414265346499516,0.16671682199696586,0.2505431496961444,0.014497945740508325,0.9226181394961722,0.11159896150481023,0.5518643099540492,1.232130118319872,3.7646960230721724,0.39869784007901204
1832,V8 | V10 | V24,0.5227243560762834,0.491744503728252,0.48440302982182915,0.6307905824189637,0.42123854412023326,0.9344366144313259,0.060290427067083485,0.15536564559549082,0.013730865501612417,0.8770107403665964,0.08294938204374379,0.6020998330126643,3.749625544593232,1.0403669942850762,0.3985824268160817
1833,V3 | V24 | V27,0.5247848177270072,0.49198651929247283,0.4730662230422597,0.6013265176785644,0.44737031019237133,0.8650566309038841,0.03742380632701892,0.41751400524683174,0.012621867238035302,0.8565800349804098,0.057172376532680855,0.2913559558192762,4.04227233471799,0.7377584190031001,0.39852896426846196
1834,V12 | V13 | V20,0.5432028931315136,0.4688314176918671,0.5788517618725825,0.5559526894433449,0.39650593376300497,0.8613946098311219,0.05843280594186752,0.38626135975255826,0.011647228962761243,0.7525076796464545,0.0591209746385258,0.4116850508520863,2.6960204875698714,1.119943670491062,0.39837317006835243
1835,V5 | V21 | V28,0.6996977351780826,0.5014432168889136,0.5386061953663097,0.44590725827715866,0.4193428961585592,0.9444226661044423,0.02413823747695627,0.05572361987141291,0.0007365515413045124,0.8919803978657543,0.03801831643712392,0.4931880883667074,12.527791938926104,0.29686859276235594,0.39836525087644237
1836,V14 | V15 | V20,0.5400258473561086,0.47748541687242263,0.5122525669773099,0.5897339032569348,0.44275795588407413,0.8675177652823259,0.03037682551055872,0.38910111314911283,0.011472830468912851,0.820823041001595,0.06334814163903305,0.3966242812676043,5.85185976915816,0.4920802811376262,0.39835001804750564
1837,V2 | V9 | V26,0.5068251434613283,0.4910292785689088,0.5179749950857736,0.5200276687916877,0.4299305470865829,0.898656846367403,0.0816929570918133,0.30447102510469676,0.037418600814399836,0.8894735282162561,0.13795438996370038,0.6374323464438205,2.9339138511634326,1.5468959407774145,0.39834282644729596
1838,V5 | V7 | V8,0.7114045526652444,0.5653548483655537,0.21274808225480119,0.7490610426340172,0.4565047367171295,0.9299678072189025,0.05363539822362187,0.09846459471635459,0.002608387263498531,0.27030475461862885,0.06188825786536025,0.5811553044372403,5.211438621050862,0.9287966195653881,0.3982607607470024
1839,V9 | V16 | V24,0.5278152132504206,0.532318209864451,0.7766333576867739,0.5508671479256868,0.45646026088670305,0.20877267632848615,0.027947770047624422,0.6034718633122608,0.22890161438064785,0.9525393792483412,0.19368396767490587,0.13469310947422775,3.0760183708591797,0.5881670425742224,0.39819463091741164
1840,V6 | V15 | V16,0.5020782069311114,0.46224656132550973,0.6713247998178431,0.48783042376370617,0.3942697038208107,0.7139623445553281,0.08331276651359645,0.48185046309996094,0.07060770931146648,0.9383926359249669,0.10050622267721622,0.4369584969618903,1.6255115585342257,1.6650052360771919,0.39811536749044846
1841,V11 | V22 | V28,0.5815161320233866,0.43795663387471984,0.7973765750831338,0.4025182226065916,0.41978258022261555,0.8842391900398738,0.011591744221268335,0.12591387726686382,0.002061239141377329,0.9504716130568683,0.10815104523786619,0.19523293825431268,9.342818869117902,0.22882032620533674,0.3979962734115002
1842,V3 | V18 | V22,0.5567520942516775,0.4750996404338966,0.6349616802940328,0.6741801618541524,0.4264663060208273,0.3029432434124943,0.06031886299478072,0.5382298860858294,0.114973777232562,0.9158857805454848,0.37681544300496833,0.31936794473262786,1.6638937601957016,1.1590293841897858,0.3979943195904989
1843,V8 | V13 | V17,0.5994532858068331,0.4533976490501735,0.45156647746446466,0.6874361411411009,0.38514903419761926,0.9213878959918769,0.05571959196211624,0.11460704181510106,0.010590489158638632,0.8070671873905811,0.09661466809628162,0.520561798997283,3.723459085329114,0.9956923647207033,0.3977267631128824
1844,V8 | V10 | V13,0.5881272787141395,0.48000798289804397,0.4374847622358163,0.6307040176026644,0.4140505722788333,0.9346673810367256,0.05776030319778641,0.1664194288427354,0.0137574224547126,0.7823860777807469,0.08815770893599979,0.5446139462711022,3.965734960680248,1.0377980368350908,0.39769814800840203
1845,V2 | V7 | V26,0.5563074124870833,0.5289552615166995,0.2994374150695163,0.6614381679886115,0.4774714418085651,0.94615751320136,0.08708325381455388,0.2228891680072755,0.005825229444664867,0.6060215378514747,0.13340459071605656,0.6806072909460955,3.7020730191496125,1.6927133032384172,0.39765685574283754
1846,V12 | V19 | V22,0.533538599116883,0.435285723065408,0.621553500746193,0.5746289242066784,0.3916002956152697,0.5996740224327011,0.05830427894483647,0.5517341244679526,0.14547944527254947,0.9668602837377367,0.14177820648073,0.38095013640559733,1.7327957178196292,1.0517980548667343,0.39763064108352836
1847,V6 | V21 | V28,0.6685676599211137,0.5239412908477534,0.597900179991069,0.3144104617153129,0.44210787434876325,0.9281992266450063,0.0789521946469234,0.06153441554289125,0.0011577445910467942,0.9029635921519596,0.023520279032053004,0.522949327054213,2.0056796245945288,1.5078950451217092,0.39757936909947644
1848,V8 | V17 | V22,0.5860427654747854,0.43302490750256445,0.44986407200643663,0.6927869290372686,0.3827185270911237,0.9276124690530649,0.059605529918988875,0.11224103916069313,0.010484595936198111,0.9155268869049931,0.10601868617376425,0.5786299276935692,3.506485833311852,1.033740388939419,0.39754996069981136
1849,V8 | V9 | V19,0.6358516338148877,0.48162447477795123,0.5096920607813799,0.5132659379376922,0.3758828101809496,0.9054378345489692,0.04981889335396594,0.18094837438998285,0.015631804066426655,0.9728854282942645,0.06938598239515516,0.5193584003042071,4.185284815241788,0.854323603449696,0.39738670767544004
1850,V9 | V13 | V16,0.5932181358882761,0.5205816890342427,0.752322038091855,0.5507657385767013,0.44927228904530303,0.09464269114767901,0.038394646416193334,0.6796338154622914,0.23454752903525788,0.938803026866724,0.2112465309745216,0.15624062592995003,2.1284203696865056,0.7781065885199946,0.39716267146444273
1851,V8 | V17 | V24,0.5340503631689774,0.46513416988038164,0.49714197451451597,0.687513508638037,0.3923370060390191,0.9145351453758775,0.05559097963191657,0.10698460692957132,0.01057336621868073,0.8782802588918408,0.09078144865475146,0.5812171271886155,3.60949437649445,0.9262842532606982,0.39711450406493937
1852,V4 | V13 | V28,0.5895182338007576,0.46298216172986534,0.6821017051856143,0.44230793460387774,0.4578989037882919,0.8726693392705592,0.02033679305191841,0.12291954860367321,0.002068845766726579,0.9753258620665539,0.06323031398454057,0.24329287528262764,7.915984888723443,0.4045298236749604,0.3969560275239217
1853,V8 | V17 | V26,0.5550923969467854,0.4478387403296021,0.4691928037922001,0.6849282417950506,0.3940184711767083,0.9220822972147737,0.059633042631196426,0.10661828501775919,0.010561260703988818,0.9290647763143635,0.08757564190725341,0.6040337296886903,3.3594896529567166,1.0016070111808464,0.3968590528145603
1854,V12 | V20 | V22,0.5297923727994661,0.44845867614425794,0.5775603183602143,0.5628838522724259,0.3940754266565096,0.8643760000842571,0.03782802803659423,0.37602415618685936,0.011523353387424115,0.9533368859200845,0.06434731527035685,0.42099095952152993,4.564615994015721,0.6377982469153077,0.3967957769127189
1855,V11 | V24 | V28,0.5295237297175782,0.470065896252537,0.8202446491682707,0.39311054454872246,0.4294010591705111,0.8853162944803379,0.010521253803214689,0.1200654659437674,0.0020715391389922915,0.9386272933654576,0.0925251046381878,0.17171587642093752,8.52493571290008,0.21474937176026018,0.39674471182010407
1856,V14 | V19 | V24,0.5136204855562809,0.4939208096480497,0.6028806960030796,0.6019789717455223,0.44833448034183876,0.5325809804180406,0.0292146462240832,0.5449395103366913,0.13828069810184176,0.9223509352885956,0.12659410307179939,0.3218349278175797,4.021729065225781,0.4818865696957947,0.396597180526609
1857,V13 | V16 | V28,0.5979565521969198,0.4270186282925958,0.7870403096740058,0.4181031866917155,0.3871768652189023,0.8830015015413423,0.015868588405552133,0.11580371025798189,0.0020328932120321375,0.9910098276356804,0.0715319384346119,0.1980775186611509,7.585289020184092,0.3231863567910982,0.3965562336548407
1858,V7 | V8 | V19,0.6853339028406424,0.5195504577257418,0.2860638686912792,0.6563361780852965,0.42342370490293174,0.9304560780808077,0.05860158750499269,0.13650008166774694,0.004206377825082455,0.6509405459898979,0.06748881161100126,0.581477105293208,4.06990081852367,1.0280878001169989,0.3965530625288051
1859,V12 | V20 | V24,0.477799970493658,0.4805679385220752,0.6138454002933121,0.5560530626777616,0.403693905604405,0.852094999064736,0.041303846948232394,0.3540155095930487,0.011627186977808632,0.9577417187495534,0.05579681632286391,0.42322579200093907,3.7926064647995457,0.7017050947418565,0.3965392689615756
1860,V8 | V10 | V22,0.5747167583820916,0.4596352413504349,0.4357295047337407,0.6366871985075678,0.4116200651723378,0.9399478780573037,0.06199242467260906,0.1629732980701393,0.013593463637339952,0.8523207722303754,0.09650684962388038,0.5953306830561886,3.7397888280685265,1.0932614825361193,0.3965062390120549
1861,V2 | V7 | V22,0.5872577810150827,0.5141414286896617,0.2712469232455386,0.6696679873993874,0.46617149772298055,0.9444359933535147,0.0810049850010088,0.2353852889251718,0.005794548768798407,0.5812023913622717,0.1671273237231233,0.6614296347197224,3.9407968236846855,1.5558807687581349,0.39646458719580707
1862,V3 | V21 | V26,0.5458346942944212,0.4967403291024055,0.29453229463940905,0.6296109989951426,0.46153337490196467,0.9429159208816168,0.07196089637781378,0.2739856706097835,0.014969426104877276,0.9243377766889979,0.17028672373227413,0.49169383242573433,2.890128264924844,1.4235290776753295,0.39645862228964307
1863,V16 | V21 | V22,0.598581843933106,0.47419545514933586,0.6107704411134709,0.4973183287219744,0.4333367101927079,0.9102113860315267,0.023180525381455576,0.3515965706674357,0.016073464070325182,0.3241547680709158,0.16521918338859287,0.4789066198731154,11.08437328696861,0.2761199103459516,0.3964410400463631
1864,V3 | V22 | V27,0.5767772200328153,0.4598772569146557,0.42311416994187306,0.6075752051790178,0.437751831244476,0.8616305478910141,0.03790597010853035,0.445782577870296,0.01250274192152343,0.8231349295118583,0.06594677747858306,0.28965670917212993,4.161703218757224,0.7572372106753952,0.3960293544121459
1865,V8 | V10 | V26,0.5437663898540918,0.47444907417747256,0.45564665608059635,0.6278971277657373,0.4229200092579224,0.9357985254244152,0.06158910288826674,0.1548379406870883,0.013712100806587338,0.8751590706217026,0.0800773389293247,0.6187768210525396,3.643651847166173,1.0544136037335832,0.39601235123727496
1866,V8 | V11 | V15,0.5406740946731076,0.44042970658961156,0.6159469405841399,0.5402461504988256,0.39746527776199503,0.9057067841645291,0.046376277873394704,0.1809210134000829,0.01591319113119787,0.9164608211689059,0.1351711679165751,0.4728713858111084,4.212590022275082,0.8076397174953815,0.3959851300398918
1867,V2 | V9 | V15,0.5159346978007646,0.4787163622652113,0.49704463524575776,0.5223210640703043,0.4201974264498894,0.8948305678137989,0.0786530722640051,0.31834268149839173,0.03766370832230314,0.9044792265784591,0.1589603397273353,0.5962486810363355,3.1482592314470277,1.5180509534152355,0.3959733365427438
1868,V11 | V26 | V28,0.5505657634953862,0.45277046670175747,0.8065796308998008,0.3884700957308269,0.43108252430820004,0.8849757957099553,0.011175754922210747,0.1196584032242603,0.002070140061724086,0.9590494279070442,0.08924255178537391,0.18401341343135025,8.03123954624755,0.21461811983743698,0.39590013935246915
1869,V8 | V18 | V19,0.6345928936210216,0.44878412659918204,0.6230473091952841,0.49836835205336866,0.3386106136392972,0.8781968663740716,0.03990555737411407,0.18876701552728456,0.0157225539745206,0.918305784690156,0.071597950252752,0.5123740562990804,4.993590473506835,0.6161130436189343,0.395736754219559
1870,V16 | V25 | V28,0.6022310267443034,0.42027116575816753,0.7966075523230001,0.42168281960058357,0.3909817512032191,0.8674090332842146,0.021257602416271563,0.11021962409237236,0.002014214257251834,0.9401286728542615,0.06581001976284671,0.30476575971750436,6.098612961979606,0.33953343879600184,0.3956589581514931
1871,V3 | V5 | V25,0.5509373101453903,0.45860389098254273,0.32308207881831086,0.7085049437897326,0.39307001589620016,0.8809719791786133,0.09542036448266528,0.34109453039076115,0.014755015879178763,0.7781834993898308,0.19622936891054615,0.5319118168011127,2.2059434972670204,1.9702422362237866,0.3955810557685985
1872,V4 | V25 | V28,0.5937927083481409,0.45623469919543724,0.6940804238363132,0.44572061387761797,0.46170378977260873,0.8630923173081574,0.018922840490859443,0.11701709791795509,0.002049856610052517,0.9069517555636286,0.05822445835628379,0.29581329428232356,8.749936715710442,0.32292062998488136,0.395487591570345
1873,V12 | V19 | V26,0.5025882305888827,0.45009955589244566,0.6349632289452131,0.5646781482592566,0.4029002397008543,0.6031836884697164,0.06037667155603505,0.5099229395635436,0.15640643403266713,0.9661395772053998,0.11487048270610291,0.41971466555914155,1.5796884818084895,1.0480107984955653,0.39542449242303546
1874,V4 | V6 | V15,0.49363988853494895,0.49821009476277933,0.5315194492634231,0.5089781113431892,0.46499174239020025,0.7169106761072953,0.08051131629323852,0.5268861690890178,0.08229428405890497,0.8589704354239078,0.0881231112762508,0.39974927568858915,2.02126320540446,1.6754647390948607,0.39525212752547884
1875,V3 | V9 | V24,0.5060184321397353,0.540049250990483,0.5653567207725015,0.6793848872131384,0.47335698151037525,0.3379884534491752,0.05359718764879098,0.4710378706361344,0.11863727232753268,0.977750658627201,0.26642594570466066,0.26516164014187066,2.080549931934057,1.0801208758751493,0.3950281221373357
1876,V5 | V7 | V20,0.6710919641967121,0.563352938711383,0.24143943454508898,0.6677916106887978,0.43497450592299186,0.9362764417533643,0.03425150835149562,0.24923209888241335,0.002328873652122431,0.4620662810305998,0.05328311121160638,0.5458515789900388,8.98714309850888,0.49467140897439654,0.394987877821364
1877,V13 | V14 | V19,0.5790234081941363,0.4821842888178416,0.5670120487109167,0.6018873243437481,0.44114650850043885,0.4513314270727325,0.030443927668469754,0.6089735777583376,0.140348362667863,0.9041659881197442,0.13575831519464196,0.2828718643606305,4.044763468479641,0.5553888690871144,0.39492132631989646
1878,V3 | V6 | V13,0.5155327603410376,0.48784942747581067,0.3921600052702794,0.6321632106601284,0.4120301081020874,0.8083037120159927,0.10126718070912463,0.40442702511353573,0.0543954256021083,0.8528388723903788,0.12313799052474658,0.44261140975179686,1.595444533282523,2.1461267397277197,0.394916251207104
1879,V12 | V20 | V26,0.4988420042714662,0.4632725089712956,0.5922902144094655,0.5526965666185086,0.405375370742094,0.858855416440733,0.04306009292922807,0.3525182216704024,0.011613020398258634,0.9447898916757496,0.05394226923841732,0.45935571113823037,3.766048911021188,0.7124588867522493,0.3948995650705664
1880,V4 | V21 | V22,0.5901435255369438,0.5101589885866056,0.44747941194315055,0.5180804014639796,0.5040587487620974,0.9143278508597613,0.030243003096166322,0.37918082904422173,0.01673650598919937,0.4019445332970759,0.1411098502345691,0.4451641460699538,8.34055444590487,0.47876512987495934,0.3948086857083471
1881,V11 | V20 | V25,0.5398873152725706,0.44955215942528176,0.6453192066717597,0.41676158253908313,0.3806036166097788,0.8711135954836577,0.024385406793679874,0.5270958502994509,0.012370567858048805,0.9277470662873468,0.10108058423835223,0.3670648332854083,6.653238230882966,0.3730120155851994,0.3947611631957205
1882,V3 | V5 | V13,0.5466628355980063,0.4653513535169709,0.29587447070183637,0.7064795102222103,0.3892651299118834,0.872554534988791,0.09923347353876993,0.3626559151322335,0.015050150988023496,0.7958395149030288,0.22252815000977355,0.5065465964367014,2.0486121254001195,2.0838268808553324,0.39435992931122615
1883,V18 | V19 | V28,0.6535941167827369,0.4488119704076303,0.8003229824270366,0.3343789346321497,0.3624947395488087,0.8670760224369273,0.0128738870508741,0.12950202227501897,0.002061998445390841,0.9483580613070288,0.055367069300902204,0.2671971955825071,9.687780429319208,0.19505285184864476,0.39414509147302834
1884,V10 | V20 | V25,0.5520891647929906,0.47125861070944525,0.4747476453040419,0.52848929434183,0.3963252274690126,0.9139685544124909,0.0405149343850339,0.4443437484416122,0.010934906672065252,0.8806202216489011,0.06935411925307161,0.5265328246361602,5.061986036851222,0.6205077278300875,0.39413716153326805
1885,V8 | V16 | V25,0.5832298035825886,0.42024332194971936,0.6175812517197847,0.5629383349362245,0.3670976252937076,0.8936983191091611,0.04741279782910715,0.16031925099053443,0.014935287740896015,0.8552532628331949,0.0855642645178473,0.5567611988560136,4.1041729862946426,0.748031516234564,0.3941269087091377
1886,V3 | V6 | V25,0.5198072348884212,0.4811019649413824,0.41436479264666737,0.6345089972634063,0.4158349940864042,0.7999019757201015,0.09698366221585443,0.37918166771841144,0.051362261741469004,0.8259767645396852,0.11195968778817061,0.47485294176149806,1.6756227241526396,2.0082448131586252,0.39401380457478824
1887,V3 | V5 | V22,0.5332523152659587,0.44497861196936184,0.2934871304800397,0.7116332944732949,0.38683462280538794,0.8974209367409645,0.10574709756202542,0.35331756174037227,0.01485889662037774,0.8051047681627483,0.25594764828305283,0.5488311347541427,2.017363858613245,2.216341382228751,0.3938196068063973
1888,V5 | V15 | V16,0.5332082821880804,0.4397484873666698,0.6212456971425645,0.5845062636231466,0.3715047256306067,0.7198900138526211,0.03463607529947084,0.42781529856581424,0.01631761811737637,0.9533611206460155,0.1710834977417024,0.4529941871245873,5.127370180136877,0.534976148450422,0.3935918914301855
1889,V2 | V5 | V20,0.6571616057047316,0.5510303689435293,0.29115197290059225,0.5824948532644504,0.42616514339503603,0.93990021843992,0.07051623887429863,0.1835023989496502,0.004818667142002203,0.6368153341060891,0.04410911598895543,0.568681100703123,3.9299864719127533,1.361240305570488,0.39353713961449266
1890,V4 | V5 | V24,0.49461837567467376,0.5053203666584166,0.5119005764100892,0.6031316459002715,0.4502784196990007,0.6959887809194238,0.04484493281939451,0.44307358264708274,0.01696846294597449,0.9608192662297287,0.13242778484736775,0.4394561590830365,3.7367587049680457,0.7798896533231422,0.3933663477819266
1891,V11 | V15 | V28,0.5596753178348226,0.4404575503980599,0.7954994062832413,0.3914439459190476,0.4213494036715066,0.8845821819212336,0.00958780355844806,0.12424630613828395,0.0020730976047322915,0.9191381846471114,0.10062894198210298,0.15939653092453884,10.080548198299308,0.21627125595382285,0.3930748110824979
1892,V4 | V22 | V28,0.5761077134687099,0.4426094201822563,0.6810694668070233,0.4509733100041808,0.4554683966817965,0.8721705234321054,0.02019935352781038,0.12039375922855142,0.002056595902607679,0.9663176754460394,0.06885228034744605,0.28344776435669317,8.573846255407547,0.3683218220332777,0.3930688723155835
1893,V2 | V8 | V19,0.6714035443486615,0.5072278879578878,0.3314117383814826,0.568903043743561,0.4146143423749759,0.9284154643883569,0.04770526520670682,0.10198530762350379,0.01048995792997105,0.969959365153497,0.05585881252202357,0.5819963160171114,6.224367583634498,0.7882952603610763,0.39292804060499775
1894,V4 | V20 | V23,0.6296550534578549,0.4964309967148011,0.45749192041799264,0.4791568528171516,0.4554645817690979,0.9417164910379286,0.03381596886624809,0.19720135972408862,0.003426675474008368,0.8261452817752367,0.03749721538518904,0.4493499228109101,6.822565927842527,0.5515512646024856,0.39288466861540666
1895,V4 | V24 | V28,0.5241153111629019,0.4747186825600735,0.7102891034823905,0.44243363478300324,0.4650868756296918,0.8716673830577395,0.021104090816720624,0.11478806394763202,0.0020668739810726566,0.9550526390217944,0.05966431027457183,0.28182575116848463,7.562099438327045,0.3823525698314818,0.39288417646704454
1896,V16 | V20 | V23,0.6380933718540173,0.46046746327753146,0.6178215868049981,0.45669377781164616,0.38474254319970835,0.9402457472075623,0.03166594045144025,0.18547825874009677,0.003365095165616476,0.6566230387331895,0.04247978823806733,0.5261248457702288,7.083684835362649,0.42008641087025095,0.392860316219535
1897,V12 | V19 | V24,0.4815461968110749,0.4673949854432251,0.6546545016942141,0.5679562040320499,0.4012187745631651,0.5713080482169604,0.049941595370063895,0.5125472906045097,0.1582682140236764,0.9408289935903952,0.11945032194382152,0.35250843160715345,2.2449173639035007,0.9092095641141709,0.39284263981408796
1898,V11 | V13 | V20,0.5356128407251869,0.4562996219597099,0.631985945355322,0.41314677132962546,0.376798730625462,0.8677837302092587,0.022025121103859024,0.5695773057097306,0.012588442219896212,0.8557695770222392,0.11079948668431198,0.2819742837943491,6.731036299346982,0.3948460827018751,0.3927424532514815
1899,V5 | V11 | V24,0.5000267942293501,0.50066758035088,0.6716249827783278,0.5677357176739021,0.4145926032398198,0.5268654691489596,0.038596566302623446,0.4722256694312457,0.017059449162382178,0.9726304093538115,0.24076754292658564,0.31842280681088225,3.107798718153641,0.6976591682754074,0.39261393928612337
1900,V9 | V15 | V16,0.5579668013676645,0.5027098640099739,0.7493615339830106,0.5496482264009298,0.44840860538769856,0.13346227590644388,0.040996722625270404,0.6397531638915998,0.23333211143562768,0.9637618727242642,0.21774217388806838,0.23832225973911314,1.931696803509579,0.7457618287918321,0.3925956454188393
1901,V1 | V19 | V28,0.5826136048559806,0.4361953496859315,0.5831054172863357,0.4977256198058995,0.3568388482433239,0.9365775950833884,0.13197339739729844,0.08415642760586524,0.0019274223346157045,0.7708630292383292,0.05645012224276057,0.4675481310711556,0.7576218463801508,2.7775731914859327,0.39249191959119195
1902,V3 | V13 | V28,0.576159771086235,0.43474966941862786,0.5817007387823045,0.5796355608205014,0.4040735858425746,0.9061158862671884,0.03838324248059411,0.09852491524151995,0.00195992724383492,0.8432545158775562,0.08786990834008195,0.26648845744472116,4.205041764933849,0.795075494546486,0.39245984669049144
1903,V8 | V15 | V17,0.5642019512862219,0.4355258240259045,0.44586867640165384,0.6865838097306386,0.3842853505400148,0.9183687258278395,0.0553453358937359,0.11074352494496666,0.010586868553132522,0.9087140679034121,0.09868851577482898,0.5351513272000429,3.7348946800290794,0.9713754652624519,0.3924389054147302
1904,V3 | V15 | V18,0.5349112800631138,0.4776005569572367,0.6322903153694862,0.6677427460010854,0.4280331294697183,0.2799327141725877,0.06747928474356318,0.5272091760849349,0.12417408352512645,0.9137957057811907,0.32754565500116,0.3115920597550178,1.3379385866246454,1.3103591535151131,0.39236263549972455
1905,V17 | V19 | V25,0.5671613982031013,0.43147532378272463,0.5406738055233105,0.6081018612319125,0.36494855834655865,0.7471381022994112,0.037538789605013494,0.3870308024053308,0.03726872821651469,0.9605278364524283,0.17481478017691715,0.45090440300712786,3.6414101873251945,0.5642271403505081,0.3923354883548025
1906,V8 | V10 | V15,0.552875944193528,0.462136157873775,0.43160927753021794,0.6297502580249136,0.4131868886212288,0.9348523841118572,0.05840745026817551,0.16079915604070827,0.013751805605476656,0.8670676668164012,0.09000394672535181,0.5594341567448581,3.9369413416562624,1.0395076053987824,0.3922771543214989
1907,V3 | V26 | V27,0.5458268515048152,0.4746910897416934,0.44357127526383766,0.5982587023314325,0.44905177533006047,0.8611356726787036,0.036776746157773,0.4156028704068146,0.012605606858267254,0.7369931751262963,0.055271520827632495,0.2997984270010153,3.9973453967247785,0.7098310833268958,0.3921797992603494
1908,V10 | V13 | V20,0.5478146902456069,0.47800607324387334,0.45532455830401986,0.5255939762592315,0.3925203414846957,0.9121565979111534,0.038303303877919914,0.4766024870283735,0.011111982092571119,0.8475161727683754,0.07542779303489378,0.43623992886042023,5.316859366057363,0.6569520088706725,0.39212176117362746
1909,V7 | V23 | V28,0.6693054384093449,0.4508262847632417,0.5355082231873105,0.5214475615656523,0.41075508349350404,0.9555039059541997,0.029467300592784674,0.03546447207436391,0.0,0.7440241422535192,0.03690794348501648,0.5594352302205741,9.125331262059392,0.35157064007773847,0.39207878936256096
1910,V3 | V15 | V21,0.554944248633857,0.4844274127987081,0.26006758907904565,0.6314578624992553,0.45180025426527115,0.9425217611963235,0.06831516198779344,0.2859709083534886,0.015015617968397918,0.9023276590251884,0.1994978313443111,0.44600454794537786,3.1865135885668776,1.3876791175800018,0.39202000341116333
1911,V8 | V13 | V16,0.578955329035205,0.42699078448414746,0.6034091357599263,0.5602344414473468,0.3632927393093909,0.8986091303475745,0.04593309524979347,0.1684626722984899,0.015236748112717574,0.8089109483022164,0.09338796262808274,0.49095382428296697,4.177230141930633,0.7761226725091325,0.3919827477917598
1912,V11 | V20 | V22,0.5222023203931392,0.4359268804121009,0.6308351393288819,0.4223225814829244,0.37436822351896654,0.878048728960227,0.02491736550054141,0.5509914845087034,0.012447374653684276,0.9403974714445094,0.12212324809051271,0.34763453103295755,6.404331607257398,0.40260290824538725,0.39196017591237947
1913,V10 | V19 | V24,0.48615799392516806,0.47656964099523136,0.5521001056218308,0.5383318914514905,0.397233182284856,0.6646988225183489,0.03967651814171819,0.6581522632173973,0.1077444647900409,0.9192294340180149,0.16094503227978835,0.4094216768221534,3.633119141333097,0.6638070807579097,0.3917281962422242
1914,V16 | V22 | V28,0.5845460318648724,0.4066458867449867,0.7862182215490559,0.4271901850455181,0.38474635811240687,0.8804997497218389,0.018904153574476064,0.11341502331779066,0.002020843611079416,0.9280749881543824,0.07799941350721847,0.27426634322678434,7.151020103567957,0.3238370926030648,0.39165680570259465
1915,V3 | V19 | V23,0.6200428170607486,0.4550255513247135,0.3611763377672268,0.6187049052662681,0.39916413278214063,0.9370950150439656,0.06190012328696301,0.207958627722213,0.006409307557681404,0.8095512933188654,0.10981858318362843,0.45123430445162427,3.3251046693619446,1.2146043181592705,0.3915309241593815
1916,V3 | V25 | V28,0.5804342456336183,0.4280022068841996,0.5965446291419411,0.5822378126266736,0.40787847182689135,0.8963137250001019,0.037294486751336633,0.09367792196117769,0.0019418700259611688,0.7841716191998824,0.08060621176025239,0.3194020436876884,4.247947720017897,0.7139470829212949,0.39145366937182463
1917,V3 | V15 | V27,0.5549364058442517,0.46237817343799575,0.4188792230709656,0.6002236248473849,0.4393186546933669,0.8609978656493842,0.03355458239433819,0.43756449408823045,0.012640009592318282,0.820121732921745,0.06177844204496089,0.26313717394145236,4.714490799922231,0.683454722713303,0.39136582842189793
1918,V8 | V16 | V22,0.565544808703157,0.4066180429365385,0.6021847119519109,0.56710748433141,0.36086223220289537,0.9069971530201297,0.05081054799089941,0.16496984399459774,0.01504138225860218,0.8761531616541293,0.10238165182969665,0.5496532940863292,3.853253928588132,0.8379639467796983,0.3912333315659744
1919,V8 | V18 | V20,0.630846667303605,0.461957079678032,0.5792032851393915,0.4846826550610922,0.34108574468053704,0.9304184330779491,0.04482331260737543,0.14367683500237807,0.005957987921971306,0.8556838430238982,0.034448593877211484,0.5217832591240328,4.637807021736351,0.730711975772731,0.39120025579630896
1920,V16 | V24 | V28,0.532553629559064,0.4387551491228038,0.8096320425123616,0.4182350573363702,0.3943648370603024,0.8802648672625878,0.019247517564161914,0.1081089749465978,0.0020309536989723035,0.9328005018209927,0.06745230474581612,0.26700997955492817,6.3343940062015776,0.3268271288625463,0.391147961923358
1921,V2 | V7 | V15,0.5654169668265191,0.5166423452130019,0.26535091939520894,0.6631724249835583,0.4677383211718716,0.9339792781556097,0.07936959637819437,0.23202948018732303,0.005835447555610232,0.5735444551400933,0.15337540137756892,0.6302306267335731,3.8575664349042023,1.5388718423827332,0.39109332679808545
1922,V7 | V23 | V27,0.6833334076879728,0.4963266138068787,0.3586370591105896,0.5456222301948636,0.4468638360019008,0.9470584800127481,0.02697458845866376,0.17059952435735662,0.0014510914116345587,0.7294468567400003,0.02486206107880621,0.5558066288054211,10.818345096603354,0.30115301734804784,0.3909948220798753
1923,V9 | V16 | V25,0.59749261043566,0.5138342264998147,0.7626285731319624,0.5535206664482568,0.4530771750296198,0.07829742118221916,0.02852519172884054,0.6233627284688278,0.1893096263781575,0.9469477700896043,0.18695478703061516,0.1147502003061613,2.6866893612488703,0.5979981192932847,0.3909044602717327
1924,V9 | V20 | V28,0.6511066306591862,0.4948252716652496,0.6915167791972051,0.3366121201322241,0.4022420671317011,0.9314488897093262,0.03445380169740423,0.09454924863138767,0.0010867809509424542,0.6753158314974129,0.02516775172719418,0.4238928959986788,4.972166509559648,0.554849631009951,0.3908534586841144
1925,V8 | V9 | V20,0.632105407497471,0.4947974278568012,0.45285974700303533,0.49998333519184485,0.3783579412221895,0.9359620859705148,0.04749749029460986,0.13786804660185298,0.00593886942497763,0.9853792620223818,0.03334503659778948,0.5084747711309627,4.631865984574734,0.8169919940188458,0.3907426727861373
1926,V4 | V26 | V28,0.54515734494071,0.45742325300929393,0.6928771300843536,0.4382267713846532,0.46676834076738094,0.8724181462647498,0.021902615891149287,0.11439769592832887,0.002065477884169533,0.9294673315969468,0.05767813409029763,0.29799264917313656,7.28077377176682,0.38406339269275636,0.3906861553253203
1927,V4 | V13 | V19,0.533950648487927,0.4477794551883966,0.5114227094959997,0.4749823624811809,0.41000941604340296,0.4004672074153603,0.03030800893915426,0.8635897338588355,0.5414398717350948,0.9646498258391989,0.15880521247734078,0.276805231109803,4.880228412936434,0.5859010426935783,0.3904320578828697
1928,V5 | V27 | V28,0.699689892388477,0.4793939775282012,0.632117325917336,0.4001609745037022,0.40686129658665504,0.9213105485365911,0.023903676054645835,0.08162202344216576,0.0006539411963101697,0.5873669291946695,0.010237255773777765,0.4081408074586718,8.781826540203413,0.3471903728300759,0.3904193130393162
1929,V14 | V19 | V22,0.565612887862089,0.46181154727023255,0.5656869929697725,0.6082196412314838,0.43871600139394334,0.4543284185419993,0.01961575526975936,0.5882799813613172,0.12837940108764515,0.9699170807697517,0.15092662985063252,0.31438259482350506,7.3637388833531965,0.30630871673318427,0.3904178398380088
1930,V16 | V26 | V28,0.5535956633368722,0.4214597195720243,0.7956442434464215,0.4138208062293495,0.3960463021979914,0.8825205203290402,0.020451793841488878,0.10773923538880449,0.002029580443564691,0.943200547783776,0.06518762980424898,0.2892530022329951,5.992429289633587,0.33086211732286774,0.3903619673459165
1931,V3 | V5 | V26,0.5023019467379587,0.4597924447963995,0.3203890774339775,0.7040646400960747,0.39813456689097243,0.8855744315027722,0.10316800731417497,0.33181232098029045,0.014997252861265123,0.7792471704825085,0.19353242259272385,0.5646301321293274,1.9794930565087254,2.1257726449050853,0.3902824657465121
1932,V8 | V21 | V28,0.7101934475045957,0.4708136889821222,0.5122506808956829,0.41225524822590065,0.41026722617973893,0.9608640992947874,0.05889866461430883,0.011661347470755276,0.0007060437864375689,0.8098317683323767,0.02220451280137377,0.6493603840803135,3.269763182960859,0.9313692796282319,0.39025944331871837
1933,V10 | V20 | V24,0.48241176760775095,0.48974259407408155,0.5005479282256724,0.5257005676765553,0.3997083133260958,0.9129562373407549,0.041360081465039056,0.4326684035780123,0.011093447285084865,0.8912717291825917,0.07109561052665408,0.5033426341585412,4.845910385357873,0.6607216577593772,0.3902571514586709
1934,V17 | V20 | V25,0.5634151718856847,0.44464827686157476,0.4877521865098013,0.597118268485735,0.36742368938779857,0.89298772908008,0.03354810057208505,0.2789042669628386,0.008705939621243256,0.949658219957258,0.07567372099101749,0.4927945571708581,5.650319130835945,0.478245009217886,0.38999131033207013
1935,V3 | V6 | V22,0.50212224000899,0.4674766859282016,0.3902232108879491,0.6381292305061118,0.40959960099559195,0.8077676812820044,0.10189183388275165,0.39347056546664083,0.05240384446147404,0.824478483683077,0.13628711612442634,0.4782304550323607,1.616443530416917,2.1306888588178867,0.3899825179288316
1936,V4 | V19 | V24,0.46854772585007143,0.4595159760186047,0.5516884061265122,0.47510018841506535,0.41719738788480293,0.4988174535694649,0.03152817479506953,0.7514874193197081,0.5125758293504271,0.9365478927935598,0.14734839652135148,0.2867735537829015,4.368085716571773,0.5930886027030441,0.38976094283045076
1937,V3 | V24 | V28,0.510756848448379,0.4464861902488359,0.6164869115003092,0.5797313361816134,0.4112615576839746,0.9085175418485584,0.04201087280915308,0.09184197756192981,0.0019580524099683766,0.815046989886496,0.08268224752949478,0.3158221946771415,3.7584701436400025,0.8269542582398713,0.3895651650533442
1938,V3 | V5 | V24,0.48125991296015064,0.477087874347179,0.3585444053293287,0.7065540148795946,0.39645310175328335,0.8349950089108454,0.09564566859668244,0.3331848005014094,0.015019151560854904,0.7981452079239441,0.20349408829699633,0.5096247310695441,1.9520514977164956,1.9718662428503013,0.38944599410769826
1939,V10 | V20 | V22,0.5344041699135591,0.4576333316962644,0.45363598629177915,0.5329514607159704,0.3900898343782004,0.9191851956976297,0.04195829493534879,0.4625526356643068,0.010997389369156998,0.8683536750770232,0.08231353940736715,0.5022628160652824,4.9973772702333195,0.6824872649643355,0.38941575702369813
1940,V8 | V16 | V24,0.5135524063973494,0.43872730531435566,0.6366529274843693,0.5603339673645105,0.3704807111507908,0.8860724189199385,0.04386360103094719,0.15726102610302412,0.015205079132487026,0.8849322646898699,0.08779718361091213,0.543212992883791,4.34375070975758,0.6732664492906758,0.38930708305624817
1941,V21 | V27 | V28,0.743222639944939,0.5163418618342074,0.6191403458221106,0.254736477285551,0.47026010459764733,0.9427453679341791,0.02361112512874427,0.06831993478280979,0.0006531261168934435,0.5426396501796483,0.008550393179503972,0.5874608145479066,9.983032524230888,0.17104778419250374,0.38926107940510524
1942,V11 | V20 | V24,0.47020991808733115,0.46803614278991806,0.6632996450020706,0.413279942385189,0.38398670246686195,0.8661634159647695,0.024325235146990316,0.511887012722677,0.012565607264544417,0.9308348270915765,0.10384204825706075,0.33707573485585246,6.084066517171154,0.390856757525506,0.3892139447042567
1943,V17 | V19 | V22,0.5494764033236698,0.4178500447695438,0.5224291129382117,0.6119156974276172,0.3587131652557465,0.7562387702027503,0.04073346375221206,0.4017660401215178,0.037832214211896094,0.9465044282656891,0.2237547571003915,0.43694813081395584,3.166560055256699,0.6410271222685431,0.38912667698097914
1944,V10 | V13 | V19,0.5515609165630238,0.46483312016502343,0.5118719290580432,0.5382279332419391,0.39004521044345597,0.554015714943662,0.033900698990809774,0.7466973654158221,0.10900742346786084,0.9666641236353858,0.17405075296166428,0.3144838046857606,3.572798490082382,0.5978862067410741,0.38898659707390637
1945,V3 | V18 | V26,0.5258017257236776,0.4899134732609342,0.6479927459229241,0.6660241393848026,0.4377662501064119,0.24987582229965402,0.05995132780338758,0.4980000271665354,0.12175181823604085,0.9312417457925106,0.2650267951653565,0.34408256129602316,1.4584996788822024,1.0928981557672917,0.3889749681664063
1946,V3 | V8 | V23,0.6566091792118643,0.4702004140577341,0.254512507858348,0.6985772711496349,0.423169494617518,0.9507008831079478,0.07423350595742345,0.06127918563316663,0.003646268855643326,0.6874571640869661,0.06022281790582494,0.5167317605885153,3.074674817318009,1.4723064930935401,0.38896860883748385
1947,V3 | V22 | V28,0.562749250754187,0.41437692787101876,0.5804172550699711,0.5862512630125514,0.40164307873607913,0.9057867643390858,0.042669119520109725,0.09645336170872613,0.001948279018343093,0.8198673029151993,0.09618431770536957,0.3175343197696189,3.823690192992504,0.8460914875830278,0.38864885327405124
1948,V12 | V15 | V20,0.507951558610902,0.4509595926675981,0.5745339395260219,0.5548466087060288,0.3956422501054005,0.8305779574331833,0.044988964083403186,0.3696525527453461,0.011642990768447022,0.8569112135101914,0.06028742287659292,0.37116829559996045,3.395166561994945,0.8357100079747729,0.38861439981359025
1949,V15 | V16 | V28,0.5627052176763084,0.4091468032683268,0.7842950118463593,0.4166494692707861,0.3863131815612979,0.8813816683774254,0.01786012707681563,0.11190326423783264,0.002032483391537655,0.9529779801707351,0.07296971243731581,0.23743992653309176,7.433122592581708,0.33620561489380846,0.3884323528586801
1950,V8 | V16 | V26,0.5345944401751577,0.42143187576357616,0.6161606546268189,0.557005896487982,0.37216217628847986,0.8915297548570653,0.047990373029437344,0.1567264020359576,0.015182708178488498,0.8885206080169136,0.08472066721394614,0.5660398522015204,3.9507299328552556,0.7484815472130965,0.3884052818410156
1951,V4 | V15 | V28,0.5542668992801463,0.44511033670559635,0.6786527863756004,0.440922341123839,0.4570352201306873,0.8604341380975046,0.028997445501487393,0.11879593863264379,0.0020684291257924404,0.9242400652881247,0.06448342734035802,0.2920269512045327,5.5083033511202935,0.5512372144310239,0.3883890901150904
1952,V18 | V20 | V28,0.64984789046532,0.4619849234864803,0.7709220510701186,0.31534284133771423,0.36496987059004854,0.9291678707330824,0.026567187664307622,0.0986429262521547,0.0010900132453587961,0.666876455754045,0.026073529222866508,0.4295903135601791,6.477857699618478,0.367109967745231,0.3883040897574345
1953,V4 | V8 | V25,0.5747914851864264,0.4562068553869889,0.4571517017533811,0.5812157995028273,0.43781966386309706,0.8860632675083054,0.0414172481444484,0.1702423139966498,0.015517449318831577,0.8843351026125812,0.07537999341272676,0.4940881342993078,5.376919671215393,0.6857843225733543,0.38816973837875574
1954,V13 | V17 | V20,0.5591406973383005,0.4513957393960028,0.46888002708021737,0.5945917625590074,0.3636188034034817,0.9045148992945211,0.03194778467250422,0.2950986395246068,0.00882813799776575,0.8923090352687131,0.08240198958742474,0.4075321181863476,6.005627922955808,0.5273532546495441,0.38797064985057245
1955,V12 | V13 | V26,0.3681079117085258,0.3458689506739428,0.5739931064748083,0.5289562538869634,0.32336745769745995,0.9658168494863315,0.13512538656342296,0.5147072011009777,0.16637420136944908,0.8354056899311509,0.16238672983034863,0.5237938448070375,0.7771774758367606,2.813818409757914,0.3877972306048685
1956,V13 | V17 | V19,0.5628869236557171,0.4382227863171529,0.5238841866891794,0.6056298435914104,0.3611436723622419,0.6983088434530534,0.03686332776955533,0.4130732386494945,0.03889388277041222,0.9478960439470352,0.19661091956816656,0.37576356019897483,3.435256449852278,0.6108747356490857,0.3875345779321889
1957,V11 | V13 | V15,0.369627413641635,0.32102423863808816,0.6112356334211747,0.3800474168211109,0.2939271339232234,0.5425867912364283,0.0690326037278849,0.895844510950641,0.8010573932585536,0.9331784399917006,0.6931169614595982,0.2540289249630455,1.5600237838210738,1.4475229719651346,0.38751206965929696
1958,V1 | V20 | V27,0.5928953478171917,0.49486863180841845,0.3580145723822834,0.5100094065386895,0.3954227317929605,0.9257385340365173,0.14468932376631383,0.2706199060049845,0.005144217144557357,0.6552664853899279,0.017024921634978787,0.49464566938779564,1.1456757843915906,3.2012477405303237,0.3874380056423819
1959,V3 | V6 | V26,0.4711718714809902,0.4822905187552392,0.41215628842761304,0.6293644417197443,0.42089954508117644,0.7944218778300922,0.10081590664505787,0.3683698773696211,0.053834697019825024,0.8279562664800904,0.11076849441262877,0.4922488463513841,1.551012783381528,2.0774328837469125,0.3874181891261596
1960,V3 | V26 | V28,0.5317988822261868,0.42919076069805645,0.5950576642533854,0.5765290675925313,0.4129430228216636,0.9060902368724318,0.04112819457071386,0.0915201396336631,0.001956724933053559,0.8224927977366568,0.07982127168060321,0.32353395181808425,3.739877363111698,0.7942703421629475,0.3873691152184763
1961,V4 | V5 | V26,0.5156604094524818,0.48802493710763717,0.48485745827087423,0.6000748096226515,0.45195988483668964,0.6741006748925563,0.043815395587160376,0.4409816801121568,0.016941362887251028,0.9088901135132849,0.12714789274489116,0.4545517018837859,3.6497538019903786,0.7326782908400118,0.3872971925435797
1962,V10 | V20 | V26,0.5034538013855593,0.47244716452330204,0.4728105928414165,0.522135421033626,0.4013897784637849,0.9149399249770231,0.04239081805759555,0.4306510728330355,0.011080344814250215,0.870476622739303,0.06869450055001815,0.5309291598398502,4.731231978221382,0.6579106411921063,0.3872129752118041
1963,V7 | V19 | V20,0.6450213143721099,0.5175485480715712,0.3106505625335922,0.5569758701476768,0.40189347410879434,0.9137443801131933,0.02944701703876853,0.364659398015285,0.0037244189497131455,0.6752855148471264,0.05806645552270159,0.49939721570191703,8.666178384878926,0.4063624479681992,0.38699040908357285
1964,V9 | V16 | V22,0.5798076155562286,0.5002089474866338,0.7514356505186295,0.5577679625490987,0.4468417819388076,0.044217585723724515,0.034850319021250284,0.6548848738144393,0.20328464317369885,0.9394501613341864,0.2418451502494097,0.1536128336172762,1.921276368397269,0.6611046898862101,0.38688904853060313
1965,V3 | V5 | V15,0.5114115010773951,0.4474795284927019,0.28787024776677644,0.7056587457129081,0.3884014462542789,0.8912378322903074,0.10168346607180656,0.34749698265919626,0.015043593858686812,0.7406085939764502,0.2295952002280775,0.5345637962052443,2.1065731446299654,2.128955203583335,0.38673953307567166
1966,V11 | V20 | V26,0.4912519518651392,0.45074071323913856,0.6439816063606162,0.40882197426863653,0.38566816760455097,0.8619966165154678,0.025142193670340162,0.5092680047618451,0.012549469156558649,0.9255018222990287,0.10003985343545856,0.35872818585187105,5.990411611778799,0.3896629624875012,0.38673377915114243
1967,V8 | V21 | V27,0.7242214167832242,0.5163140180257592,0.3241005879291196,0.4420955175466416,0.4463759786881357,0.9573191714985436,0.05925080570292041,0.10156224556718708,0.003773356191847555,0.7597565023366005,0.013550974365116143,0.6578202921922404,3.369419988377877,0.9378847469814187,0.3866070019300247
1968,V8 | V15 | V16,0.5437039945145935,0.40911895945987853,0.599316085926878,0.5591377089404193,0.3624290556517863,0.8940826505980026,0.044900017871067406,0.162766520349106,0.015230049255269103,0.9050734044115919,0.09537338554393417,0.5043574866973232,4.3560832062138495,0.7409065426458336,0.3864020304434311
1969,V10 | V15 | V19,0.5163095820424125,0.4469612951407544,0.5068759420246771,0.5370822983198584,0.3891815267858515,0.6483854735115826,0.035037188560854506,0.7001629798263156,0.10873824449907944,0.9035660135717252,0.17883661147125918,0.3974329173439188,4.325801777084565,0.5769478444476048,0.38623312514298247
1970,V4 | V8 | V22,0.5571064903069952,0.44258157637380807,0.43519964868389704,0.5852373478374341,0.43158427077228484,0.8958267834831514,0.043523281918819434,0.17521396053639376,0.015630853309956543,0.9766546060158054,0.08970863601204512,0.48766473391042536,5.061922334372979,0.7416747562196663,0.38584195690478085
1971,V4 | V8 | V24,0.5051140880011871,0.4746908387516252,0.48392624334080964,0.5787042329247394,0.4412027497201803,0.87923510454985,0.03856870591148912,0.1669758424220348,0.015805920727178194,0.9694431589606909,0.07729693744507662,0.4859301605107289,5.6257550504220095,0.6219028171033104,0.3856966469852891
1972,V5 | V16 | V24,0.5030566940708359,0.4693568332211469,0.6569149200432004,0.585643981252496,0.37955638112961104,0.585362726937206,0.03662568152024123,0.40843090001407495,0.016289457073994967,0.9547724494019721,0.15432018519667323,0.37709833412404026,3.7961820650454166,0.6200055015582205,0.38563957026478607
1973,V4 | V19 | V25,0.5382251230353111,0.4410319926539684,0.5286634276510476,0.478181911908489,0.4138143020277198,0.4784599516526106,0.028807045339586803,0.7803143778431952,0.35032073177104567,0.9365791729001133,0.14287778603468018,0.3232847302199008,5.3655732930244096,0.5113254095801253,0.38557913147789635
1974,V4 | V8 | V13,0.5705170106390425,0.46295431792141717,0.436956918960344,0.5786082625611926,0.4340147778787803,0.8868541885489443,0.04011113190822247,0.1789513925981686,0.01583980243244726,0.8554857398031092,0.08207705713137878,0.44632016952719106,5.48726081299755,0.7004875565841374,0.38551124312398427
1975,V10 | V19 | V26,0.5072000277029761,0.4592742114444519,0.5273747485402163,0.5348551120747737,0.398914647422545,0.6153904611866408,0.04165721601190881,0.654217326372711,0.10686676452042455,0.9366967382635345,0.1539576882549039,0.41356224714539785,2.771051381168465,0.6645126027414106,0.3854899323244834
1976,V2 | V8 | V20,0.667657318031245,0.5204008410367378,0.24513769771038818,0.5570224623620103,0.41708947341621583,0.9523705450228755,0.05832543666256748,0.07691990952390318,0.004653562152156024,0.9604007033681794,0.026337014824808342,0.5987397188378327,4.907036100234539,1.0312232877716812,0.3850597442048035
1977,V3 | V6 | V24,0.4501298377031821,0.49958594830601877,0.44365974617627546,0.6322495257416946,0.4192180799434874,0.7677525134407588,0.09033545295160011,0.3699663956546621,0.05406589057651102,0.7483152471094563,0.11512582248537498,0.4246907376583616,1.7820083371504993,1.8908212833477958,0.38498853574417946
1978,V13 | V14 | V23,0.5439937206011237,0.4134322720468933,0.49803286579743644,0.5837886236743536,0.4045937611814996,0.9204132501452033,0.02877859272716291,0.21700502147065762,0.006488957592215472,0.911710430271226,0.09186633790749997,0.4254117321043462,6.981093117614598,0.44021893873381224,0.38478296675513846
1979,V17 | V20 | V22,0.5457301770062531,0.4310229978483939,0.46724042351714384,0.6010156365334516,0.3611882962969863,0.8951282892502399,0.03318157944829586,0.28810826834125747,0.008749121221926169,0.9516715426421439,0.09007105249231377,0.45656343137290933,5.650364970576257,0.5044500937716905,0.3847636956706408
1980,V11 | V13 | V22,0.39146822783019863,0.318523322114748,0.6140313312411467,0.39137162796969716,0.2923603104743324,0.5186893194555744,0.06906756018896659,0.9228172607942393,0.533884745733855,0.9694359374013964,0.9086227552671112,0.26189819664446906,1.4815131043129939,1.4282514510552395,0.3847373134393417
1981,V17 | V20 | V24,0.4937377747004451,0.463132260226211,0.5128546679514602,0.5946847433863115,0.3708067752448817,0.8869017633351235,0.03405874232488124,0.27291515043681364,0.00881537300246586,0.9126530005983393,0.07759943574183265,0.4645252805973235,5.233996566314815,0.5104421182889771,0.384667439301105
1982,V5 | V8 | V28,0.6666606999481337,0.4338658046761162,0.5285511619848587,0.5226335217732222,0.34686841816874664,0.92826341687132,0.040111250768073606,0.018443169655471586,0.0007068882888906862,0.8592393970280106,0.024721312636739864,0.5008300587303224,5.806464312544669,0.6532100270928498,0.3845016438
1983,V11 | V15 | V20,0.5003615062045755,0.438427796935441,0.6281397083252892,0.4116786956717851,0.3759350469678575,0.8664561231265456,0.022709617350269586,0.539552193310066,0.01258361303891915,0.8599107700171189,0.11328524781842209,0.303088487928367,6.800349038293501,0.3936073137771583,0.3842611067573469
1984,V10 | V15 | V20,0.5125633557249953,0.4601342482196044,0.4496732560601238,0.5244192861556655,0.3916566578270914,0.9175451920448104,0.04043529696818033,0.4538561821395974,0.011108062785049777,0.8299300459043057,0.07695665162599842,0.4640770074406937,5.17345686205909,0.6837635085617302,0.3840012217305746
1985,V6 | V27 | V28,0.6685598171315081,0.5018920514870411,0.6810900936266651,0.25421838382884343,0.4296262747768591,0.9040090525267755,0.06292541024687816,0.08915484777324138,0.0010510746486590233,0.5425305942590095,0.002811904535602942,0.45012567143551924,2.2827778881326983,1.1703503887449698,0.383746008841901
1986,V14 | V15 | V19,0.5437720736735251,0.4643124637935726,0.5625814678132484,0.6008775044090132,0.4402828248428343,0.4058800534057673,0.03675710141456124,0.5755737121952448,0.13990656680921512,0.9256466750568076,0.13906095418397288,0.2514370645005506,2.9356746062945973,0.7036752103443104,0.383690330387969
1987,V9 | V19 | V20,0.5955390453463555,0.47962256512378076,0.5249900859886603,0.376599157408519,0.3543525793868122,0.8730354694314713,0.030765751942809425,0.539677188123475,0.012395146743621478,0.794965777955217,0.05967906739611202,0.4018632105415581,5.910795932367405,0.49872602583521275,0.3835989799703927
1988,V4 | V15 | V19,0.4986993139673156,0.42990763016412764,0.5064218300797476,0.47368368867049704,0.4091457323857985,0.45824388740650956,0.03103557858213278,0.8043049310737467,0.5350765923265718,0.8999786335357751,0.16296704523652664,0.2998685794993375,5.052207394568544,0.587574583360499,0.38359550090555145
1989,V4 | V8 | V26,0.5261561217789952,0.45739540920084576,0.45513919543060644,0.575495424254133,0.44288421485786933,0.8889851838032983,0.04330197938110053,0.16640504792607613,0.015781989239574593,0.9370461489001036,0.07465460800412747,0.5048364260628466,5.015171672164038,0.7171666722845006,0.38348966824018005
1990,V11 | V13 | V24,0.33947582552439076,0.3506325844925652,0.647656985205996,0.38175198797771254,0.30197878942222783,0.5340322075988317,0.07072853197033976,0.8325709774297783,0.7517915426907495,0.9673706999325793,0.5357167224201695,0.2825079314128814,1.402439509904358,1.4398180118618946,0.3834806363035856
1991,V3 | V15 | V28,0.5409084365656235,0.41687784439435893,0.5774096162519395,0.5785802049544961,0.4032099021849701,0.9048955169648053,0.0378018496665919,0.0951408982519893,0.001959531092449561,0.7790991830447009,0.08970863601204512,0.2856337491793201,4.230017829177662,0.760942266890063,0.38329513222797984
1992,V3 | V21 | V22,0.5767850628224213,0.4819264962753678,0.26603104953109236,0.6383715466566344,0.4502334308163802,0.9351739233675399,0.0688031281721729,0.2903933309422107,0.014831512752390502,0.40131958352636804,0.2203501938233347,0.4696309715322226,3.0787018695213693,1.3710883870864234,0.3832821116549503
1993,V9 | V23 | V27,0.6338511386622183,0.45840063085908817,0.555724681413187,0.3602923024649904,0.39932294127991874,0.9339974343274084,0.027758045540630126,0.22812873016121243,0.003633243669143665,0.9010062959003011,0.025657940993500102,0.4224336452073429,6.738610960169636,0.4113514355573368,0.38324992708898775
1994,V17 | V20 | V26,0.5147798084782532,0.44583683067543156,0.4858690716096578,0.5915761901346356,0.3724882403825708,0.8900764840784314,0.035050902792573876,0.2718732718208219,0.008806345655729296,0.9444940813224673,0.07494505040570341,0.4927597259855311,5.159436464334416,0.5074088628801663,0.38320001239923024
1995,V17 | V19 | V26,0.5185260347956697,0.4326638775965814,0.5389951035204111,0.6026796570806674,0.37001310934133097,0.7171080310673278,0.038937622203484075,0.37588961054314,0.03859703837886027,0.9471532546580101,0.17255741507797004,0.45955929006792073,3.1392593430172337,0.5677033714454343,0.38288644267822314
1996,V2 | V23 | V28,0.6553750799173641,0.43850371499538776,0.5624585017377814,0.40390890996916845,0.4019457209655482,0.9582714421442089,0.06370821177297589,0.02121571473393563,0.0004851614582509403,0.7522221695356356,0.030231253391598142,0.5950185994527368,3.788711959363664,1.142668542664008,0.3826418289899691
1997,V3 | V6 | V15,0.4802814258204263,0.46997760245154174,0.3856738440942078,0.6312122054539969,0.4111664244444829,0.7882930933816898,0.09622512334693045,0.38665887972169605,0.054325498610119934,0.7802643161847792,0.12601286413312046,0.44834318444586835,1.7329330475398919,2.021840418840465,0.3825199653197623
1998,V4 | V20 | V25,0.534478896717894,0.45420494573281844,0.47426077215345386,0.46393015087044703,0.4162894330689596,0.8638085831817527,0.0332598540374126,0.49258179730095564,0.012318249411180258,0.9090072994862198,0.06474853977222314,0.3951987097036283,5.903506775686447,0.5734699772888713,0.3822920377135301
1999,V5 | V19 | V27,0.6441223070756462,0.46419127098673246,0.43718481611769533,0.4355817577534608,0.35897180884176616,0.8611670260432932,0.02464509318139968,0.4387148312997869,0.006692044143296976,0.968810686066662,0.03125163285589534,0.3725902104089887,9.062781943666339,0.40587853887911696,0.38214021796108344
2000,V7 | V8 | V20,0.6815876765232255,0.5327234108045918,0.18988819664417908,0.6463630285284291,0.42589883594417166,0.9474413331251273,0.051488520127089606,0.10408331723448419,0.002258437159163066,0.5399880487951526,0.0323893009262625,0.5864049508784197,4.7552878142316315,0.8520539390531449,0.38211749923726257
2001,V6 | V7 | V23,0.6086784276641475,0.5039260428204246,0.32060522874591335,0.5800310438142033,0.41871160575301686,0.9219215637293618,0.09240194314102249,0.15549584605821948,0.0023038630139636364,0.5621352137385397,0.05021591577957497,0.542006984653622,2.0171156000535237,1.858049071808773,0.38201820458992
2002,V14 | V23 | V24,0.4785907979632683,0.42516879287710135,0.5394324151460365,0.5838836147283974,0.41178173302289944,0.9187268579792691,0.03193869733297227,0.20201403192643216,0.0064809911104640626,0.8917753353690105,0.08638816929819565,0.4945618751836013,6.281713240567846,0.44548695221081264,0.38199975653367296
2003,V14 | V23 | V26,0.49963283174107664,0.4078733633263219,0.5139995875594746,0.5807076497613576,0.4134631981605885,0.9195260133184708,0.03247091929001586,0.20130296851727475,0.006475354932864245,0.9860617641611396,0.08337179220663656,0.5203994722997288,6.246112703875507,0.4335348713752599,0.38199370024998497
2004,V18 | V23 | V27,0.6325923984683525,0.4255602826803189,0.659437685057365,0.3400171342712056,0.36205074473826626,0.926556027244416,0.016049965396680462,0.23850019578943693,0.003643157493715911,0.856201431935231,0.026575018292482735,0.4049140105794085,12.812473116217902,0.16539185823872082,0.38179577444661505
2005,V19 | V21 | V27,0.6876550546321085,0.5011391552927387,0.41723702647770144,0.3014450706025426,0.42237061685275834,0.9259841506474139,0.016402469457777936,0.3537464618825222,0.006684513889450724,0.9625997264719967,0.02830839758053377,0.44532345343891494,16.84731830857462,0.15099352642247807,0.38179546971210937
2006,V6 | V19 | V27,0.6129922318186778,0.48668934494557226,0.5099576296574994,0.3009727669086166,0.3817367870319703,0.8399171785637876,0.07201932787640498,0.4949701581957485,0.011747287274332125,0.9013185926717311,0.018659453187211218,0.423701944217649,2.0462396293874905,1.421906850746337,0.3816127246271727
2007,V2 | V23 | V27,0.6694030491959921,0.4840040440390247,0.39765624907173697,0.4342318007257006,0.43805447347394505,0.9489573191834284,0.04816780658341373,0.12754011829141845,0.0029359161459658,0.7768616410086252,0.019786330273494135,0.5908506049454215,5.480395824093184,0.7762037759168355,0.3814695699465639
2008,V4 | V5 | V15,0.524769963791918,0.4757120208039396,0.4623311341994473,0.6020326924430552,0.4422267641999962,0.6324222844037042,0.03973122683876876,0.4650610868100622,0.01699871986121728,0.9084178853903602,0.14574219188593676,0.3823632232386145,4.549999262900996,0.728019335800718,0.3813753717244144
2009,V14 | V19 | V26,0.534662519334089,0.4766253800972702,0.5807945952535145,0.5989151292821101,0.45001594547952783,0.3809465594522441,0.01982039977035503,0.5420463789582406,0.1368515015081775,0.9705173850673307,0.12163488896901808,0.29216055558696313,5.266586721106057,0.2941165524882421,0.38134318486640484
2010,V16 | V20 | V25,0.5429172151140564,0.41824141229554873,0.6297314755981864,0.4407634778089821,0.3455673944995701,0.8552739381824557,0.028469836448725302,0.451953690126803,0.011924015171640063,0.8066584570312013,0.07327417090230082,0.4297875276298296,6.201266526204098,0.4138280216208828,0.38119220298702733
2011,V18 | V19 | V20,0.5942803051524895,0.4467822169450115,0.6350563040642491,0.3569808837724284,0.31708038284515966,0.8332431029158749,0.02248252963885905,0.576435661800264,0.012456045311355047,0.7178736612301672,0.06155434958695788,0.3851461809329144,7.9500523725728645,0.32180528525285346,0.3809827722182293
2012,V4 | V13 | V20,0.5302044221705103,0.46095240826724665,0.4548167431229393,0.4606387248698595,0.41248454708464277,0.850908124857849,0.03488797784501737,0.53061860485455,0.01253456168769315,0.8923605602421536,0.07036724269945456,0.3300867603132962,5.054992056322442,0.6628241518061438,0.38045132974686874
2013,V5 | V18 | V23,0.5890674937014959,0.41066163773502506,0.5862033836549966,0.5058333660209279,0.3111335362991782,0.9400096076787046,0.022440406953485738,0.1979949488964514,0.00399031920462017,0.809862459310646,0.0830744021845432,0.5318698246737547,20.6517409508401,0.23947480016185776,0.38030717888953836
2014,V6 | V18 | V23,0.5579374184445272,0.43315971169386486,0.6400116245678107,0.3908693852381976,0.3338985144893822,0.8883270992935138,0.09312295249110362,0.21616980610298206,0.006108122185980637,0.828256490494494,0.053226172967737025,0.5094942086077557,1.6418205245881572,1.8632023528216657,0.38016438165187866
2015,V2 | V19 | V20,0.6310909558801292,0.5052259783037173,0.3537519441492097,0.44834847352039187,0.39308411158083845,0.9291882268673468,0.06844167618441882,0.2588812663219856,0.008753126570970054,0.7745454684059621,0.048095011552933255,0.5583388086983274,3.500177253809313,1.2954547281687339,0.3801602869795146
2016,V15 | V17 | V19,0.5276355891351059,0.42035096129288385,0.5190172536886145,0.6046274867694951,0.3602799887046374,0.7183588103137829,0.03732656474196182,0.3947400156704393,0.03885695171775336,0.9017632253605511,0.20240199010570228,0.40930145273847585,3.7353399697703544,0.6042978447620513,0.380133761803746
2017,V7 | V13 | V27,0.5838827764006285,0.4608480253593241,0.3553204740606976,0.5294247279959832,0.4038838013174459,0.8951671216124938,0.018431837945979558,0.43161975638887284,0.003978567379528997,0.9099035657240475,0.048138689585900486,0.3665465104920692,12.307317071828505,0.2661729844262859,0.3798580447702946
2018,V5 | V8 | V27,0.6806886692267616,0.47936613371975306,0.3483940093312427,0.5467528196104413,0.38297717067714343,0.9168207391030143,0.036012624066686545,0.1197799991266735,0.003776798176564419,0.7878132924898886,0.01552202669093263,0.4902386617996335,6.607012097383895,0.5671350101626526,0.37980516972534006
2019,V6 | V19 | V21,0.6130000746082838,0.5087385843062845,0.3839088873803685,0.356122355955381,0.39421838660387437,0.8870916305367119,0.0986334069930114,0.31617698140889094,0.013827816689821104,0.9448648947894938,0.05631559718807882,0.5261989928016112,1.555827505350961,1.9845136057031174,0.3795340354944975
2020,V4 | V8 | V15,0.535265676118431,0.44508249289714824,0.4310746665447947,0.5775507554931041,0.43315109422117587,0.8785795360037503,0.042118237051020205,0.17285787190006782,0.01583263517229382,0.9385942465990006,0.08376791594843187,0.4633861663640508,5.288268815653054,0.7334527923664519,0.37947179170862017
2021,V18 | V21 | V23,0.6326002412579578,0.4476095220410311,0.571847459649449,0.39126470434304655,0.3745323443101705,0.9549937924126243,0.02780626728423244,0.16751394257868543,0.003986631382119223,0.6829743993474376,0.07562893738865234,0.5354519706468456,9.255019154820967,0.3313612643068667,0.37946014324661187
2022,V16 | V19 | V25,0.5466634414314729,0.40506845921669876,0.6692169863424161,0.4556744485141292,0.34309226345833027,0.4754969889440293,0.026772681099772256,0.6963390491711131,0.2090911865605427,0.9750761583774595,0.1674532423561269,0.3093981011694852,4.312788720140808,0.438427028605834,0.37944821886439384
2023,V1 | V20 | V28,0.5788673785385636,0.44936830276478157,0.5350840191026262,0.48402225560426465,0.35931397928456377,0.9361964548008467,0.14962923925406435,0.06255638891431894,0.001008111222596635,0.42536469935673565,0.026653013692710243,0.5080895993065132,1.1261230712306942,3.318661202647102,0.3792666523398273
2024,V13 | V16 | V20,0.5386427405666727,0.42498887482997694,0.6159332099672508,0.4373170207335,0.3417625085152533,0.8491610204125989,0.024898627033398072,0.4850906001532436,0.01212874001176474,0.7725187660656284,0.0797497478817977,0.32358647584280903,6.6072111259635555,0.429740187437525,0.3791921307774802
2025,V4 | V20 | V22,0.5167939018384626,0.4405796667196376,0.4531263084505097,0.4689977551765958,0.4100540399781474,0.8640263972405412,0.0352069946342881,0.5140086402293712,0.01239450814110556,0.964432234313869,0.07671234486134809,0.37657208839068645,5.278894585875755,0.6309555850810007,0.37908522537270645
2026,V6 | V9 | V23,0.559196158638393,0.46600005987263404,0.531271178965278,0.40923727884309197,0.3711707110310347,0.8942373324495965,0.08879220118807644,0.20698793249663802,0.006088303495739348,0.8769969277488274,0.05160932092390864,0.47962801876381994,1.8851414213714508,1.806513685908122,0.37880917207053616
2027,V7 | V25 | V27,0.5881572509480124,0.45410056282489586,0.37932343613537073,0.5322982294105572,0.40768868730176266,0.8864636181055692,0.023669410934349436,0.4038278373592461,0.003939452094745409,0.810699564479762,0.044316654890078966,0.4520577339724381,9.837135487838125,0.3068196428861751,0.3788074044947003
2028,V14 | V22 | V23,0.5305832002690763,0.3930595304992842,0.49649380978261504,0.5903504950726636,0.40216325407500403,0.9273159859601653,0.031018634856984414,0.21231159199971672,0.006439582415954644,0.78401000397071,0.10066989171702581,0.49709899118800494,6.999930901792271,0.4301085261350512,0.37857295153114534
2029,V15 | V17 | V20,0.5238893628176893,0.4335239143717339,0.46339329766188747,0.5935672339638423,0.3627551197458773,0.8869163505451112,0.031777746296441305,0.2837330486188902,0.008825439255664907,0.8916881998818198,0.08410097655831865,0.4109709321756904,5.845307929081618,0.5159195402615931,0.37857055882800933
2030,V4 | V20 | V24,0.4648014995326548,0.47268892909745475,0.5000875428967648,0.46075994486160193,0.4196725189260428,0.8511509224135692,0.03650618190171798,0.47890215876567793,0.012511891525271027,0.9554488732281023,0.06636168564665006,0.3765284109482065,4.779770619830121,0.6527881491121247,0.3784999821894441
2031,V1 | V18 | V25,0.44641060402049737,0.38593999449587824,0.5917195660732901,0.5703807152287481,0.3059341795089945,0.7079766719250016,0.11412507581061761,0.4180316020470638,0.0946925568714311,0.9228023050834565,0.20955852771449215,0.3895201499042027,0.8953001795081128,2.408646570998531,0.378464644549812
2032,V5 | V6 | V19,0.5694673270518209,0.47179070000027845,0.40531655646575415,0.4780242594660064,0.3308195785928822,0.8349517795351244,0.09851813115116025,0.38761340284053797,0.013852084513108695,0.9620126051832066,0.06166374093810656,0.5043513130872024,1.794363077503187,2.0366070429024514,0.37846381712882554
2033,V14 | V15 | V23,0.5087423860805125,0.3955604470226244,0.4928839267095345,0.5827419199224468,0.403730077523895,0.9188193635641173,0.030605147061745032,0.20935980944683602,0.006487273659327497,0.9487913591935329,0.09381073945481083,0.4511335554762693,6.738704219071182,0.4605424764721032,0.378152110850744
2034,V4 | V19 | V22,0.5205401281558795,0.4274067136407876,0.5099277416045506,0.4831091928122178,0.4075789089369075,0.38356381583953236,0.03086703013893367,0.8266455766152595,0.4007390284878756,0.975967376856137,0.17806602916700323,0.2815278671631731,4.679141759888367,0.5904502697388714,0.37810522124262236
2035,V10 | V13 | V22,0.40367007735061894,0.3402297733989114,0.42875010988545853,0.5082410459424401,0.3080819213335662,0.9415818076307484,0.08400591529716293,0.7261639558026013,0.10576319536033489,0.9641070579176753,0.3170246782931203,0.6085443789519729,1.88771296471272,1.5469654766081493,0.3779787538638207
2036,V11 | V15 | V22,0.3562168933095876,0.30065149709047906,0.6100318283356305,0.389838770322779,0.291496626816728,0.5321185268169549,0.0707304639542513,0.8565208162179996,0.5276960620462814,0.9728466711979483,0.9999999998991913,0.2821143332779153,1.3960238756867895,1.4391499232672051,0.3779081363313782
2037,V14 | V23 | V25,0.5482681951485079,0.4066848095124651,0.5157715486388635,0.5863696179305292,0.4083986471658162,0.9109375453848518,0.028430646635690417,0.20608924716347957,0.006412537181943551,0.6054551233597953,0.08419902822378718,0.5046456614863558,7.762526638757289,0.36263988181126294,0.377737442586988
2038,V7 | V24 | V27,0.518479853762773,0.4725845461895322,0.4108523584070148,0.5295305140277582,0.41107177315884585,0.8964227477899023,0.02112882309336053,0.3937156330870665,0.003974498850741777,0.8849764064629589,0.04542031358861121,0.43562296983017673,11.144959363300028,0.263687061331283,0.3776630068209604
2039,V8 | V27 | V28,0.7101856047149904,0.44876444962141,0.6107103608482858,0.36319882258451164,0.39778562660783473,0.9380260401354666,0.042256535123764365,0.026480017396004644,0.000625060089909625,0.38728734847939517,0.002101238362934901,0.5793469692084776,3.9838127973571926,0.5796521593116413,0.37712100544968813
2040,V7 | V21 | V23,0.6833412504775787,0.5183758531675909,0.172602514775375,0.5803028949973709,0.4593454355738051,0.9628213762359313,0.030698434690753694,0.12140478258681457,0.0015852099847088277,0.6212078688901866,0.07125663848659015,0.6154044747528197,11.211166104567695,0.34615200624565967,0.37699084384554804
2041,V3 | V8 | V25,0.5614330224719039,0.4279743630757513,0.28029141717745304,0.688768942760777,0.3839943459173798,0.9267926587008801,0.08652040960430793,0.13663673224419576,0.013837805275146005,0.7788446620895747,0.10605279149817663,0.5409235168996122,2.641210622777012,1.7550373235566288,0.37698560015614735
2042,V12 | V15 | V19,0.5116977849283191,0.43778663958874814,0.6188031414095639,0.5667778859243086,0.3931671190641607,0.44811806028823986,0.040709146904250725,0.5402702384510871,0.16039274841641402,0.88567675118303,0.1309197015971516,0.2932081525221198,2.792567782890794,0.7604343951020036,0.3769177360057388
2043,V12 | V13 | V23,0.5119194318559178,0.38690644784206873,0.5621339221296039,0.5484734130779774,0.35747805540282596,0.900657899885226,0.07419248920483384,0.20813297521449503,0.006557972486094787,0.7785509293949546,0.08716874555163379,0.45726961332956173,2.004144780257792,1.4431914468910811,0.3768576694753484
2044,V11 | V13 | V26,0.3605178593021989,0.3333371549417857,0.6276582215815645,0.37700548987385907,0.30366025455991685,0.5174348987456001,0.07106923833868184,0.8267199805963231,0.7124175126002603,0.9675504539034524,0.4859740187036446,0.29275569182389954,1.3378424058791087,1.4273898454317446,0.37685295450733886
2045,V1 | V20 | V21,0.5929031906067975,0.5169178711691307,0.17167063108846198,0.5471329859361129,0.4079043313648647,0.9532140909529848,0.15078674858279897,0.18822982340457944,0.005690872404321122,0.6820646381037115,0.05259516061280237,0.5387892696238621,1.3295958163621653,3.360708664402576,0.3765922820016658
2046,V16 | V20 | V22,0.525232220234625,0.40461613328236784,0.6147416132009327,0.4460677153975559,0.33933200140875786,0.8557664961916238,0.027714979362605488,0.47065230053531754,0.011996207498613253,0.7906637872765604,0.08711567960147518,0.3969065461145554,6.212315668816853,0.42627078764811693,0.3764660128391143
2047,V5 | V9 | V23,0.5903262338953617,0.4435019859137943,0.4620426911222935,0.5205155087751718,0.3484057328408307,0.9417350126642885,0.024737115341391013,0.1897291584577917,0.003979215533607656,0.8052119004252579,0.08044436105988421,0.5211521137858984,14.243051709420527,0.2936065620787226,0.3761332101944358
2048,V3 | V20 | V23,0.6162965907433321,0.46819850440356353,0.2807904568924941,0.6079519580986947,0.4016392638233806,0.9518933595030793,0.05844781660814505,0.15777018628886424,0.0032410760810537603,0.6342656979162034,0.051854069215535065,0.4664608983563048,3.5932696179228127,1.118429905709437,0.37592683059418447
2049,V2 | V6 | V23,0.5947480691721668,0.4916034730525707,0.3628275784905095,0.47678325122135295,0.409902243225061,0.9214723508052413,0.09413887674498679,0.11632132734046054,0.004759733699897816,0.7912912218018281,0.041537266206123274,0.5347976638984485,2.259281167195099,1.937402708940466,0.3756273343142767
2050,V9 | V13 | V27,0.5344005073748738,0.4229220424115336,0.5535636590758927,0.3367438364328518,0.35634290659546375,0.8584777652399165,0.024914575999176496,0.6678663647687629,0.014003205449453148,0.9609168170703594,0.04947680623048534,0.23148099540825892,5.212724285047964,0.49277622625685585,0.3755902289799602
2051,V16 | V19 | V24,0.47698604424623386,0.42355244258133506,0.6863065433572948,0.45245182557099695,0.34647534931541346,0.4815173234785232,0.02970574728509691,0.6724929352083394,0.25833007629849924,0.9196158237794712,0.17312492920820927,0.27815087287676127,3.6635699005797964,0.5237124809535955,0.37558361826796366
2052,V6 | V8 | V28,0.635530624691165,0.456363878634956,0.5890692790131993,0.41187602925787514,0.3696333963589507,0.9191123105871266,0.07239726784338596,0.022176426235798026,0.0011193499689268506,0.5412878426497245,0.0138594073661502,0.5111740388138681,2.4024006718534947,1.3791376848203079,0.37546809137389414
2053,V9 | V18 | V26,0.4700144927336883,0.43258551721020305,0.7314610712425902,0.4417416434828743,0.3539268183509041,0.28431003414662903,0.04027627848868788,0.7407405881192916,0.3993494261044801,0.9482993088423911,0.191705274300951,0.2030792256243827,1.9909361816627251,0.7680512762657448,0.37530150017363323
2054,V5 | V19 | V21,0.6441301498652522,0.4862405103474448,0.28568762777072365,0.47835693882744984,0.3714534084136703,0.9367955796164112,0.024776686320024756,0.2865919689856378,0.007501805375313059,0.9565374589625587,0.08816155415938509,0.53642865316793,15.821740671749357,0.2855693643072863,0.37529484039784683
2055,V16 | V20 | V24,0.47323981792881703,0.43672539566018503,0.6483173859324528,0.4374439691531716,0.3489504803566533,0.8479178355201032,0.027817572374609217,0.43997247754648566,0.012107291903289486,0.7976709762816486,0.07512882971851502,0.39612376555897993,5.899289526586108,0.42356951307415863,0.37526427001608337
2056,V5 | V8 | V21,0.6806965120163676,0.5014153730804652,0.15718771970435622,0.5813585293131477,0.39545877024904763,0.9571557816083626,0.06305976578065291,0.08466875059235163,0.004136344922367511,0.859719149306008,0.049248992124460704,0.6188229465192019,4.189727284455492,1.117260444810652,0.3752017810772308
2057,V11 | V15 | V24,0.3042244910037795,0.3327607594682962,0.6439396931810589,0.38018960705598775,0.3011151057646234,0.548218197575478,0.07268282014587062,0.7768111600057812,0.7396077458304695,0.9514018016142581,0.5687992570460313,0.3086200136940702,1.3070520341528742,1.4499602155760984,0.37504270746590956
2058,V10 | V13 | V25,0.42135507223005053,0.3538550524120923,0.45100380016846753,0.503554077743091,0.31431731442437844,0.9063724743590658,0.060432503683057706,0.6888261429248028,0.10177311904089029,0.98840695759344,0.23458977919331533,0.5517605478484645,2.586580482009534,1.0263189359834883,0.3748965854944969
2059,V9 | V21 | V23,0.633858981451824,0.4804498702198004,0.4431627400759769,0.4096184836715379,0.41180454085182294,0.9546818456353284,0.02754781021629994,0.16067892649137086,0.003975540704216804,0.6787012720731266,0.07327417090230082,0.5150407309561983,9.663011492917894,0.3484328710308447,0.37477203023015604
2060,V7 | V22 | V27,0.5704722560685811,0.4404752838117151,0.3532223515981748,0.5367270148175962,0.40145329421095044,0.8956752305544481,0.02214279755797448,0.4195419674359299,0.003953317241308559,0.8456482132798516,0.05238144126712023,0.42728052763227425,10.925449410179102,0.298253647914035,0.37445564342043863
2061,V4 | V19 | V26,0.48958975962787954,0.44222054646782527,0.5269403771379648,0.47115785636342183,0.4188788530224921,0.35991928179765,0.03487003365621617,0.7465740159900571,0.49391103651217333,0.9234698567233858,0.14120401505666832,0.29291906193081485,3.7257253673571107,0.6530461999138983,0.3744462227717307
2062,V18 | V21 | V25,0.5374240845179974,0.4053834710590483,0.5849874395718604,0.3730907680753011,0.3353571956100322,0.9267056210573082,0.023633523500851978,0.39429339528423313,0.016613714213004994,0.9476849386574775,0.13801046878013376,0.5010121349958766,10.514007283349804,0.2623080249589102,0.3744300588352334
2063,V4 | V20 | V26,0.4858435333104629,0.45539349954667524,0.47232167054526303,0.4567036076113396,0.42135398406373187,0.8520776988042734,0.036208203672432514,0.4765431665926509,0.01249586972943509,0.9041084264691199,0.06413709070770232,0.3911298222542233,4.987229130230958,0.6360298949668086,0.3743639373986966
2064,V7 | V13 | V28,0.5698548071220002,0.4153476963156872,0.5332501835835142,0.5044423332857091,0.3677750488090491,0.9234984215085221,0.020984833942970304,0.09417733681418247,0.0007555638650969964,0.9394353914072017,0.0692817641303754,0.3883104298148566,11.003865992471049,0.3060926191290243,0.3740842100095661
2065,V17 | V19 | V24,0.49748400101786167,0.44995930714736093,0.5631213905861255,0.605720814402446,0.3683316442036419,0.6047582106505133,0.03773708589263458,0.3775343187761724,0.038719624832656355,0.8770497632450741,0.18087476096180544,0.3414900331021012,3.000793813532123,0.6445677528444561,0.3739568444406678
2066,V3 | V8 | V24,0.4917556252866642,0.4464583464403876,0.3190585406990243,0.6867401069350552,0.387377431774463,0.9080730472682039,0.07914273343109114,0.13404805986919135,0.014074106492786878,0.8467272056661322,0.10899571243318855,0.5155241820422733,2.799120911517317,1.5900175113727626,0.3738460209709004
2067,V13 | V18 | V21,0.5331496099706136,0.41213093359347663,0.569760806022273,0.3691481825804836,0.33155230962571547,0.9326809903112313,0.020172724530666618,0.4210849338378438,0.01697734671157761,0.93367383775501,0.15313034296526443,0.4103530667893856,11.371263355367493,0.26430675848751223,0.3737107035751587
2068,V9 | V25 | V27,0.5386749819222576,0.4161745798771054,0.5693250577850867,0.3409466026533243,0.3601477925797805,0.8562108402641561,0.0252610909649606,0.6131556832807227,0.013742335915546204,0.9083272201438326,0.04555600320224095,0.3027584603465686,5.335583929296746,0.4340998578880601,0.37366663663561694
2069,V7 | V25 | V28,0.5741292816693844,0.4086002337812591,0.5497084060826565,0.5074611205487888,0.3715799347933659,0.9105810143155154,0.024896071510642045,0.08950776307071838,0.0007462532199239877,0.8755757462475728,0.06375844922706961,0.4732838755427889,9.374147902462594,0.31503363558921144,0.3736089453182155
2070,V6 | V8 | V27,0.6495585939697932,0.501864207678593,0.43523479059330483,0.441738064058876,0.40574214886734755,0.9052137424720486,0.07116803260792191,0.13027331702076536,0.005731088737459427,0.41272113335203103,0.006908649182861197,0.49822782055237486,2.417040163999876,1.3597143681018324,0.37330403776989823
2071,V9 | V23 | V28,0.6198231693835904,0.41290030181545123,0.6784723107300275,0.32501779643316825,0.3632141887715219,0.9471871139262608,0.031122791847055516,0.051934600162204594,0.0006712522350495897,0.798321866446,0.03796674506228356,0.42634269102630096,5.724702916419507,0.4800099200493067,0.373161447467028
2072,V7 | V21 | V25,0.588165093737618,0.4761498021856082,0.20322575488568204,0.5678741380175849,0.42017028687366687,0.9515739583293358,0.031598674822766536,0.26745757121291863,0.004319086672939701,0.9166542690228046,0.12857585744861771,0.6052246261082381,10.225841813526939,0.37377219720485555,0.37307164208111043
2073,V16 | V20 | V26,0.4942818517066251,0.4194299661094056,0.6283478506886325,0.4331951593878503,0.35063194549434235,0.8477992724404384,0.0299231723221834,0.4379029410586919,0.0120921326948163,0.7823158829102973,0.07257212177145442,0.4257026878525255,5.5626097438501505,0.44415846020742333,0.3730546376473264
2074,V6 | V8 | V21,0.6495664367593991,0.5239134470393051,0.28297756756072884,0.48401607141573244,0.4182237484392517,0.935658149634184,0.09205932927852038,0.0924193430510905,0.0063709656155013185,0.5404465193900165,0.03134448503977544,0.5846983130881783,2.087761739188611,1.813567910325885,0.3730073307105576
2075,V12 | V23 | V24,0.4465165092180623,0.3986429686722769,0.598369173435111,0.5485752837293005,0.3646660272442258,0.9060617502989855,0.048577243917232685,0.1938739897569003,0.006549880534797979,0.8544746803953992,0.08203126744599948,0.4768452822910227,3.468813443423088,0.8319487685435089,0.37283272839813014
2076,V13 | V18 | V27,0.5331417671810079,0.3900816942327644,0.6577124629030293,0.3154802226360643,0.31907071005381127,0.8152136050730743,0.0,0.7204798895388466,0.01407818982222569,0.9767802964921604,0.05102861224868825,0.12854100070763363,35.53931380903697,0.047709536195127904,0.37275266773388116
2077,V7 | V21 | V24,0.5184876965523789,0.4946337855502445,0.24870240074997169,0.5652951648540188,0.42355337273075006,0.9560289530228383,0.03342972494347698,0.26179331308762693,0.004358537524986605,0.9492139031458539,0.13241456513642105,0.5951398742130731,9.247711370392308,0.4254471983807062,0.3727378365675784
2078,V12 | V23 | V26,0.46755854299587013,0.3813475391214973,0.5760607520409101,0.5451685496213277,0.36634749238191494,0.9074458537056312,0.04729930048409083,0.19319688352354591,0.0065441556586903135,0.9259052430237977,0.07919717381917105,0.5018400105211295,3.569494909467372,0.776923265238461,0.37237958760385403
2079,V13 | V16 | V19,0.5423889668840893,0.41181592175112686,0.656565967528328,0.4523285946522575,0.3392873774740135,0.35025303469374763,0.018034734933305277,0.7644571472317906,0.2655270732074066,0.9856538595950383,0.18780783925662842,0.18084775720111623,6.18528429032134,0.3769813074382672,0.37235082307500844
2080,V2 | V21 | V23,0.6694108919855979,0.506053283399737,0.22983525422997278,0.4771167488214859,0.4505360730458492,0.9643662403498129,0.07054720725983535,0.09040901961110713,0.0032007535440909283,0.6340676863076635,0.05893130278045428,0.6308808454622946,3.7779398368322576,1.2934328631631293,0.37213823034516674
2081,V11 | V22 | V24,0.3260653051923431,0.33025984294495614,0.6465446510797562,0.39151066576277765,0.29954828231573244,0.5278369162337955,0.07330863739786521,0.7978476673978377,0.5057965226014206,0.9880416010692994,0.7117053758530265,0.3209665948105334,1.2098725761292348,1.4356732060876727,0.3720519794970856
2082,V6 | V7 | V13,0.509227796376803,0.46844745437287,0.3170026029106672,0.5649165040101348,0.375731571068562,0.8644081215273887,0.102878828869395,0.3817206237585217,0.006795154485061008,0.7437023599377383,0.09508105085997946,0.4881844908075061,1.5490996705848747,2.137639300367556,0.3720498294849747
2083,V5 | V19 | V28,0.630094337797018,0.41869094194309564,0.5904673176246014,0.4053422863555177,0.32286305633336937,0.8951692190581749,0.029713812965675164,0.09532596941320647,0.0012826558301790682,0.9375679316250592,0.04550130597021966,0.40995809027833136,7.571267606000502,0.4898850694085614,0.37197782655508005
2084,V18 | V25 | V27,0.5374162417283915,0.38333423169833614,0.6703325141559763,0.31986293940191357,0.32287559603812804,0.8148190938848786,0.013412360525147814,0.6586347308239238,0.01381493525764998,0.9067182788524145,0.04699175147639648,0.23513674111297767,8.332075150283798,0.22825205312229138,0.37161497304553526
2085,V7 | V26 | V27,0.5395218875405811,0.4552891166387527,0.37694024169997176,0.5259923967416985,0.41275323829653493,0.8961303418106484,0.022027541342501844,0.39196549189547203,0.003971619150431152,0.7756776512628375,0.04389697556840216,0.45559516052448246,10.672611532296477,0.26496955142196527,0.37158452291027455
2086,V2 | V5 | V23,0.6258781444291358,0.46910539909373083,0.2594612211559221,0.5754012120591225,0.387137265034857,0.9573019455832179,0.09571771184315227,0.10688532904568258,0.003203577465128923,0.5481782165543152,0.06454223896304578,0.6246810897586761,2.9637538694898784,1.9452421819319783,0.37152614605100476
2087,V3 | V8 | V22,0.5437480275924723,0.4143490840625705,0.24771703083799967,0.6920215672286232,0.3777589528265676,0.9240318288511404,0.08476428280170162,0.14056502218759426,0.013930786041898386,0.847493929325705,0.1285631780292632,0.5269845414743471,2.690310117780496,1.7245871731283475,0.3714600040149035
2088,V11 | V13 | V25,0.4091532227096302,0.3321486011279289,0.6290439127287745,0.3854570899633326,0.2985957035651447,0.4933328366475091,0.06960349869120797,0.8670188183261349,0.4481940178725608,0.9688188853481206,0.49896839910715035,0.28519599600547163,1.3672262715675758,1.4001601682469282,0.37142697375062195
2089,V4 | V15 | V20,0.49495308764989904,0.44308058324297767,0.44915918004949734,0.45930258783256017,0.4116208634270383,0.8429546768836133,0.040410041378971376,0.503761273326802,0.012529767378415014,0.8732013511383209,0.07177833553062848,0.3607614045921223,4.310752953773953,0.760074766268193,0.3713925097933558
2090,V19 | V21 | V28,0.6736270853534803,0.4556388262491016,0.5762454909910596,0.26163502647519415,0.38626186434436155,0.9341155968794057,0.018614921599876377,0.0803413604941063,0.0012814576993578895,0.9100061334880483,0.041516414318276136,0.4379972049564085,11.539911404727876,0.19513223665141102,0.3712488078101475
2091,V7 | V24 | V28,0.5044518844841448,0.4270842171458952,0.5717309927608341,0.5045534833308787,0.3749630206504491,0.923524280341121,0.023829102565701695,0.08773807412884178,0.0007545982008065345,0.9083717031767304,0.06534465399003984,0.4590336243100429,9.887913763477124,0.30464285291802184,0.37124616579521297
2092,V18 | V23 | V28,0.6185644291897242,0.38005995363668205,0.7599644241704123,0.3032437674063047,0.3259419922298695,0.9419780550610466,0.019178425712383054,0.054637315260959524,0.0006737408482990068,0.8368655622634399,0.03919083138138197,0.4091995566833534,9.658705067151132,0.2252712646072278,0.37112171469723093
2093,V9 | V22 | V27,0.5209899870428264,0.40254930086392454,0.5521993601649927,0.34740261494433,0.3539123994889683,0.8623633354497366,0.025298063636526893,0.6438171897005571,0.013834217044059311,0.9415165051592885,0.053833692905472345,0.27962287576593114,5.256644391674401,0.4562554834386108,0.3710508723724879
2094,V5 | V20 | V27,0.6403760807582297,0.4773642240655825,0.36994555394496087,0.42005618707044623,0.36144693988300597,0.923729783562001,0.0245587103569035,0.31072264372837965,0.0033542683019479763,0.8602867213934074,0.012326279422436954,0.4719054074266031,10.473076396057529,0.31641564632139524,0.3710491608105782
2095,V3 | V8 | V13,0.5571585479245197,0.4347218256101795,0.25035259651654773,0.6866626208561286,0.38018945993306297,0.9138068378025956,0.07810766912549126,0.14350882954337155,0.014101813449205351,0.7407040894548511,0.11642523309756339,0.47498737639871186,2.914822723183874,1.6100169921016765,0.3710360388082896
2096,V16 | V19 | V22,0.5289784465520416,0.3914431802035179,0.6554749277796452,0.4608251502545396,0.33685687036751805,0.4112015882046018,0.023520876387343986,0.7343771986239757,0.2262296335212642,0.9430447577511933,0.2129833877029746,0.25673501159758794,5.049596321830569,0.4250538620702898,0.3710349055299092
2097,V6 | V7 | V25,0.513502270924187,0.46169999183844185,0.3430262498857967,0.5675955116220913,0.3795364570528787,0.8487610221366242,0.0966270966843189,0.35851222704033064,0.006713344644657314,0.7120635036050894,0.08708158682129925,0.5346862834035063,1.6467643092088373,1.9345817090309632,0.37089615409021026
2098,V9 | V24 | V27,0.46899758473701825,0.4346585632417417,0.5904517270679542,0.33689875491587956,0.3635308784368637,0.8628423207699831,0.026323036263026803,0.5937902045666743,0.013975830254765575,0.9720651613644286,0.0466877887143158,0.2764235561667777,4.777354173335598,0.4742358955999017,0.37081083107135643
2099,V7 | V13 | V21,0.5838906191902343,0.4828972647200363,0.16763023958388565,0.5651966119591564,0.41636540088935003,0.9561470217396496,0.030831236527170652,0.2827507972724589,0.004363119063661102,0.931785151724877,0.14219459760840303,0.5345190722981291,10.062273994187176,0.4221654600893956,0.3707365415412578
2100,V6 | V20 | V27,0.6092460055012607,0.4998622980244223,0.45316011138027257,0.2806083054981992,0.38421191807321003,0.9064098238712354,0.07046632681375732,0.3439299406090522,0.005009512366216883,0.8125601960731169,0.00444055637843372,0.4841471349121402,2.207099260412558,1.3354408711014794,0.3706749864591921
2101,V15 | V16 | V20,0.5033914060460615,0.4071170498057079,0.6119502283336523,0.43591764708154007,0.3408988248576489,0.8450314594048329,0.026272509626049042,0.4617200278954138,0.012124204293130658,0.7664135062752796,0.08138296592488459,0.3491184641441115,6.465778407562733,0.43930381588734163,0.3705770865672523
2102,V3 | V8 | V26,0.5127976590644723,0.4291629168896081,0.27733590787714446,0.684150867755578,0.389058896912152,0.9145313083984673,0.08104276214503457,0.13359507702768084,0.014054530409062176,0.8473613108805532,0.10494454422809821,0.5315780055844876,2.69819299636967,1.6187600576299483,0.3704937886783228
2103,V10 | V22 | V25,0.4079445518980029,0.33348231086448327,0.4492993137529969,0.5112372784499369,0.31188680731788304,0.913793441882138,0.06353003202894039,0.663523802462057,0.09525414898767404,0.9321309505147707,0.2711796972022865,0.5967653027012297,2.703752131945947,1.0748752496071288,0.37020419938054716
2104,V9 | V18 | V24,0.44897245895588017,0.44988094676098256,0.7475003432113643,0.4459194498280903,0.35224535321321504,0.21193311376673618,0.027749797029817835,0.7455889607379974,0.4114912784597376,0.9517905988317071,0.20151757570293086,0.1252260018720045,2.988246204715995,0.5868188005504477,0.37012971241818676
2105,V7 | V15 | V27,0.5486314418800169,0.44297620033505514,0.3482911402035144,0.5282589248223213,0.40302011765984147,0.8931769375450533,0.01942073383150435,0.41204561970233,0.00397770756054646,0.8589421288018816,0.04908890352410065,0.3853202608112109,12.07601177454659,0.273123598612204,0.37011198273008744
2106,V7 | V22 | V28,0.5564442867899526,0.39497495476807803,0.5318243906945908,0.5121121343332437,0.3653445417025536,0.9234862480783332,0.024078045082027745,0.09218205435514558,0.000749560368548726,0.9073089284908779,0.07551392133907009,0.4525944354552648,10.07167739752644,0.3194168793045825,0.36997399722303037
2107,V1 | V18 | V22,0.4287256091410661,0.37231471548269746,0.5754196458551903,0.5744891229038975,0.29969878641818226,0.6541392639053085,0.11289973223618843,0.4345987894273494,0.09814918719137092,0.8967753562538588,0.2766574934915829,0.38273709841215936,0.9359557843424623,2.392987550086705,0.36993314095735436
2108,V9 | V21 | V25,0.5386828247118636,0.4382238192378176,0.46045068740009276,0.3921045563987374,0.3726293921516847,0.9351471892091433,0.028794383959877875,0.3736856943592376,0.016513795479777896,0.9002158887095141,0.13289165816465945,0.5011766792053461,8.383000852821052,0.3836064067619307,0.36992257613765195
2109,V9 | V13 | V18,0.514375381593736,0.4381444259307745,0.7215593292964148,0.445794614388116,0.3450573813718151,0.09478278273646126,0.029797179595557752,0.8561103600294513,0.4299313800304287,0.9449467160378763,0.2202500603865802,0.1586398915300967,3.067496956966022,0.6143013789981417,0.3698989850373715
2110,V5 | V6 | V8,0.6060336892029363,0.48696556273329894,0.309471506625865,0.5810872459317218,0.35482494042825946,0.911300777595858,0.08911001171133727,0.10920260985947823,0.006377979545994678,0.5794400603423522,0.03451270921062072,0.5230531869448559,2.4389633563388777,1.8276011560859684,0.3698885088271705
2111,V6 | V13 | V18,0.4584867871571825,0.3976811232463103,0.6382120792877339,0.3687351593022999,0.2909184798049273,0.7433981242003429,0.08907990112115184,0.6115575375401873,0.08255041568578503,0.9499457922665749,0.1013142788608244,0.4377581109979627,1.3619839247224141,1.7794848792795601,0.3697641070119416
2112,V16 | V19 | V26,0.498028078024042,0.4062570130305556,0.6679469878239485,0.44832793021512224,0.3481568144531025,0.428444161101001,0.03143486133154599,0.6684146809839622,0.25346017078079514,0.9425231410969283,0.16533804913881045,0.31386902063879646,3.3642520660769217,0.5205921287877857,0.3695230157564344
2113,V7 | V26 | V28,0.525493918261953,0.4097887875951157,0.5480623092569449,0.5008353191794345,0.3766444857881381,0.9233942594556918,0.02471379113475859,0.08742779700925454,0.000753914316817124,0.9261056156808833,0.06315711822681495,0.47938732938119377,9.553725290540433,0.30558364551445155,0.3694604207685633
2114,V8 | V18 | V23,0.5995632060280092,0.38003210982823377,0.5624984090411335,0.47606004824624604,0.30205786632035786,0.9430123583344233,0.05287436399744462,0.0832278023121319,0.0038610287844385353,0.7954858537324827,0.0507270695533827,0.5570025879364897,3.9349808579805394,0.8904876605321513,0.36927700939402175
2115,V18 | V21 | V24,0.46774668733275804,0.4238674544236846,0.605424450820577,0.36929347442599764,0.33874028146711543,0.9258105714728404,0.02391479050101003,0.38453301945995005,0.016939088147993882,0.9170644820039843,0.1422605054453621,0.4861790659883275,10.181723802349946,0.28225492380692163,0.3689422646640643
2116,V12 | V22 | V23,0.4985089115238704,0.3665337062944597,0.5607947641277227,0.5555072719567258,0.3550475482963304,0.9164139923576614,0.04241160201056713,0.2036720275768679,0.006507821519690505,0.7251744936632841,0.09539886010018932,0.47540820650084564,4.717276750201175,0.7135742979199543,0.3689022072865533
2117,V20 | V21 | V27,0.6839088283146917,0.5143121083715887,0.3467889364710802,0.2811000340412394,0.4248457478939982,0.9503478321431982,0.03277173400710439,0.25771171541931914,0.003351287819683308,0.8001874681187664,0.010529650017818208,0.6259482224493899,6.889942718741936,0.34747703760353715,0.3688735018128336
2118,V12 | V23 | V25,0.5161939064033016,0.3801589853076406,0.5776101045778533,0.5512408398643452,0.3612829413871427,0.9005582880699069,0.04110497920286951,0.1977532558026876,0.006480353220098939,0.5782699642328542,0.07997479462464299,0.485828451869803,4.4601262426891335,0.659170703301583,0.36882024380798367
2119,V1 | V18 | V24,0.376733206835258,0.4044239778605146,0.6118669537869734,0.567814543056775,0.3093172653660777,0.6417996898571813,0.11343362295960166,0.4073839388792647,0.10389876417356658,0.9287627558220732,0.21762990557082346,0.39566411448367,0.9001586791241213,2.3849352996273585,0.36877005560649023
2120,V10 | V22 | V24,0.3382671547127632,0.3519662942291195,0.47652007566168736,0.5083513631592869,0.3152698931749663,0.9177163420406509,0.07348922645462709,0.6414993602285205,0.10457238833663543,0.951403027930457,0.2835530189046028,0.6299270618552565,2.1282783019136264,1.2645033175050577,0.36849524148267515
2121,V9 | V15 | V18,0.47912404707312467,0.42027260090650553,0.7183940342650359,0.4444185671081944,0.34419369771421054,0.1718458716033613,0.036676923150133635,0.7976848091650414,0.4259007126459861,0.9784719696482517,0.22719973720586284,0.21984897612484572,2.3358721057375846,0.6873841889508733,0.368354408696003
2122,V10 | V15 | V22,0.36841874283000764,0.32235794837464243,0.4227616193805091,0.5070252417327884,0.3072182376759618,0.9415436853553523,0.08387122830907716,0.6817184478103855,0.10550946037987215,0.9457904718552775,0.32985622250952706,0.622920566426388,1.9123381573098035,1.5318326845499517,0.3683391531830009
2123,V9 | V13 | V21,0.5344083501644794,0.4449712817722457,0.4404029361075453,0.388308196219825,0.36882450616736795,0.9349006722900407,0.0307727902345897,0.3983806641601575,0.016873560644349816,0.8687323670938278,0.14718661521242704,0.4331058787490854,7.8934338200920715,0.49993453243015545,0.36833864045970005
2124,V12 | V15 | V23,0.47666809733530646,0.36903462281779975,0.5576560267826142,0.5473508112687663,0.3566143717452215,0.9070738567999987,0.048423283379341354,0.20086491535356918,0.006556262022211951,0.8530427220443444,0.08898924136763639,0.437621312231334,3.74213934525158,0.8798585321186612,0.368331836347401
2125,V10 | V13 | V15,0.38182926316205534,0.3427306899222515,0.42456680567834937,0.49927719677568594,0.30964874478245724,0.9054031421697888,0.07086608097247203,0.7082069733916375,0.11352731113056862,0.9699126327626526,0.27988946161994316,0.5720199102726335,1.8775670518145047,1.222796797130802,0.3682887104736385
2126,V10 | V13 | V24,0.35167767504481084,0.37233903577672867,0.47812709339576415,0.5006237930853952,0.3177004002814616,0.8710062318460843,0.06140875491316982,0.6654032976693273,0.11244638113089792,0.9945225189073595,0.2442945727968408,0.5524065299766097,2.2642142088407344,1.0248453479856867,0.3682677966413828
2127,V11 | V15 | V26,0.3252665247815876,0.3154653299175167,0.6237755900589248,0.3754283324994861,0.3027965709023125,0.5291098018562483,0.07290825327524608,0.7716136670389595,0.7014635759669796,0.9564356370574308,0.5135813150005847,0.3172332327736557,1.2484045729678646,1.4362080503072725,0.3682369080529985
2128,V5 | V7 | V23,0.6398085029211165,0.48142796886158484,0.20600209762374114,0.6618069099607629,0.39594662756281285,0.9581075365722416,0.024519905171325608,0.14295484449347076,0.001586619676425749,0.3972491474041754,0.07819532632346107,0.6019448554791562,20.568249084124446,0.22611071883279624,0.36794717412379874
2129,V10 | V13 | V26,0.3727197088226192,0.35504360622594905,0.4489642421692321,0.49687647621684816,0.3193818654191507,0.8967966672885457,0.07046880590895409,0.6613962144380308,0.11149240365311854,0.9792401712274921,0.2310089135792384,0.6078472852314256,1.8887209344246223,1.1774428179381835,0.36785602479419766
2130,V11 | V13 | V23,0.5043293794495909,0.3743746521099117,0.6171160334710346,0.40319904272480456,0.33777085226528286,0.9313355202793121,0.015252873568408265,0.2789479570649447,0.006928667103817887,0.9476661692384942,0.1778716236441641,0.3221487705739763,12.226199139721997,0.2231415303328526,0.36783089508534533
2131,V3 | V20 | V25,0.5211204340033714,0.4259724534215808,0.3051794067707446,0.5961931320551845,0.36246411512324234,0.8967946716346108,0.055319669378444375,0.3651233223602492,0.011168021949225546,0.8504893645394975,0.09009870244606255,0.4073899921115008,3.3185382090121087,1.078072733668827,0.36770709356702225
2132,V5 | V6 | V20,0.5657211007344043,0.4849636530791285,0.332872425422348,0.46376798537489666,0.33329470963412194,0.9080075505112407,0.08407372968997635,0.27927022140977414,0.005541606802224182,0.9073127476578975,0.02940027011567415,0.4998846402936346,2.383666935789055,1.7082378868044361,0.36765747204633425
2133,V7 | V21 | V26,0.5395297303301867,0.47733835599946506,0.19973100588636417,0.561999734307118,0.42523483786843913,0.956755880568337,0.03438961166446492,0.2608074830668435,0.0043552949362382996,0.9393686990589935,0.12713541075556006,0.6150497737241389,9.002947262113043,0.42940956507084554,0.3676250268505311
2134,V5 | V9 | V22,0.47746508227597,0.3876506559186307,0.45772012187807576,0.5111626758080108,0.3029951910498802,0.892362671517195,0.03905299204772116,0.4860424150490283,0.016673753281182216,0.9472255076000843,0.18628325123079656,0.5896010612552933,7.456957724261197,0.5641611061620223,0.3675144148614008
2135,V11 | V24 | V26,0.2951149366643434,0.3450736757719938,0.65925710144045,0.3771485390328901,0.310848226401317,0.52638351121886,0.07616629484661527,0.7223142437931988,0.6633660199565409,0.9916750301158579,0.41788776904129515,0.3651665376043572,1.0492239503881522,1.434176607362664,0.36750716667968497
2136,V18 | V22 | V27,0.5197312468489602,0.36970895268515536,0.6566241337165843,0.32659235643379886,0.3166402029473159,0.8203418083810677,0.008176407000249802,0.6932266122401671,0.013907652003016024,0.8794787643158049,0.05551983787630718,0.20198311476954367,12.885340423972885,0.15330232542221822,0.3673201672262458
2137,V9 | V15 | V27,0.4991491728542624,0.40505021738726465,0.5490014050983635,0.3350355747385382,0.35547922293785933,0.8612702835050632,0.026225700876591193,0.6291029027794917,0.013997415424974728,0.9757093056435674,0.05045217082634269,0.25007742845693076,5.201836001641787,0.5097662162429231,0.3672754070556196
2138,V6 | V18 | V25,0.46276126170456666,0.39093366071188207,0.651369173154699,0.37268095791691874,0.2947233657892441,0.7309329272027028,0.08483558438612865,0.5640296287010669,0.07593290006395437,0.9474489195384658,0.09265184324891952,0.48527276419013005,1.4742680844297644,1.6350695913652507,0.36724737280319864
2139,V13 | V17 | V23,0.5278572360627045,0.3694707695462046,0.44755784498038614,0.587667174315213,0.3245909250433026,0.9368715878108127,0.03197439649819962,0.1661612993433613,0.005329851364506899,0.9583387540159841,0.12535577491354608,0.44128327236324205,6.456624546571156,0.5029635731778624,0.36705507786960967
2140,V9 | V21 | V24,0.46900542752662394,0.4567078026024539,0.48703988719094515,0.3884480798523927,0.37601247800876797,0.9376601982704326,0.03158381680193473,0.3646648560730684,0.016835712409116743,0.9222366220699625,0.13691587263611135,0.4884886621923461,7.3766555742073,0.45980247685114856,0.367054801923019
2141,V10 | V13 | V23,0.5165312289700112,0.39608110339407515,0.43335135829691657,0.5176476409782728,0.35349246312451665,0.9421238187582596,0.041120750047113366,0.2450441771611974,0.006338914605947542,0.9385736814589475,0.1134931130553498,0.48304312322046944,5.133512721653745,0.6824947206679478,0.36701842692794534
2142,V10 | V22 | V26,0.3593091884905713,0.33467086467834,0.4472521914444961,0.5046611575579352,0.31695135831265525,0.936372801506537,0.08375796612501717,0.6377276475585195,0.10374436616773579,0.9143939043146864,0.2666407858534712,0.6653715975081959,1.7692256963226098,1.468538037830421,0.3670116053441383
2143,V18 | V21 | V26,0.48878872111056615,0.40657202487290517,0.583462700579664,0.36442785479299244,0.34042174660480445,0.92965726032933,0.02306002921066157,0.38284311026518264,0.016912070573546486,0.9279714936199341,0.1364180528494782,0.4983608210147137,10.472315888413679,0.24895438321345412,0.3670018427483284
2144,V6 | V7 | V22,0.49581727604475573,0.448074712825261,0.3147223697662076,0.5717265471172082,0.37330106396206647,0.8623610721751829,0.1030122114866904,0.3716594675943049,0.006742291543015243,0.7066027212764698,0.10428883352562833,0.5316470809410866,1.5672054638964847,2.1005924677147227,0.3667868719776785
2145,V1 | V18 | V26,0.39777524061306613,0.38712854830973514,0.5902169460366447,0.564535564654601,0.3109987305037668,0.6416104513486633,0.11438237514624443,0.4055421957571903,0.1030811068246721,0.9412165972316752,0.20656846307925136,0.41266024328737244,0.8599424478064648,2.38251538989682,0.36678615158835626
2146,V6 | V9 | V13,0.4597455273510484,0.4305214714250795,0.5289922590767654,0.38791055513284733,0.3281906763465797,0.7582375182943194,0.08961439666391431,0.5711801937874577,0.08057668304428327,0.9380178861340369,0.0979469841271198,0.43110595107338334,1.4606306852321607,1.817732499077466,0.36678261966376785
2147,V1 | V23 | V28,0.5475839172629678,0.3674433329149832,0.5166692814471663,0.47538826895054254,0.32028610092438453,0.950238791043254,0.16400379424288725,0.030176285277636418,0.0006105030599066665,0.6513566320477565,0.03997633414479918,0.5367750845364859,1.0173451390204589,3.6578653269986683,0.36652828776283136
2148,V8 | V9 | V23,0.600821946221875,0.412872458007003,0.4307660021040664,0.4916201925450282,0.3393300628620103,0.9447675748170695,0.0526645425367128,0.07965357911339736,0.0038503761020928155,0.878198201170158,0.049184086303337794,0.5366511443088826,4.184019348492151,0.9148334438283364,0.36649927587079356
2149,V5 | V9 | V25,0.4951500771554013,0.4012759349318116,0.47864990942609453,0.5065028692431002,0.30923058414069243,0.8408818087772912,0.03438398443220724,0.4663959517935388,0.01654682482656534,0.9260261040838119,0.14876147033888068,0.5299305767063799,7.12581420070297,0.4912807606539806,0.36632587895385466
2150,V5 | V9 | V13,0.4908756026080174,0.4080233974662397,0.4593938418690404,0.5034783313649034,0.30542569815637566,0.8422209593728714,0.04062466539257247,0.501233751803222,0.01690786605399116,0.9018444637612064,0.1656954206621693,0.5251291092928162,5.354902113604985,0.632517004665242,0.3662999955040256
2151,V6 | V19 | V28,0.5989642625400493,0.4411890159019354,0.6438081752783874,0.2611239655545309,0.3456280345235734,0.8633767393693067,0.07553813718528973,0.10386360856160819,0.001883591774798904,0.9272164429896996,0.028766488672828876,0.4453022150771761,1.9672473725206094,1.4878330758449156,0.3662805955143885
2152,V1 | V23 | V27,0.5616118865415961,0.41294366195862015,0.3307276422796942,0.5018119992869119,0.3563948534327814,0.9361734290379047,0.15644737568471248,0.15396448687013273,0.0033962529827170898,0.755056378559072,0.027161799941771647,0.5188815931075083,1.055044176186489,3.478128045535645,0.3660792565319409
2153,V5 | V18 | V25,0.49389133696153514,0.36843558675304233,0.5989463735092826,0.49140140597423193,0.27195838759903995,0.7591967253904472,0.03704501882688284,0.49542475362410604,0.016647095534831815,0.9738725856428525,0.15479995632962046,0.4853132351532931,4.715112619556451,0.5567870880461443,0.3660014661231564
2154,V15 | V18 | V21,0.49789827545000204,0.3942591085692077,0.5653566645505522,0.3675462561348241,0.33068862596811094,0.9320321823055251,0.02093306896436779,0.40222047729033006,0.01696925283364441,0.9465052181314813,0.15707123261349856,0.43091705165616684,11.610417602647122,0.26607682006311784,0.3659799964671959
2155,V6 | V7 | V26,0.46486690751675575,0.4628885456522987,0.3404474808062414,0.561717847107487,0.384601008047651,0.8549644739438276,0.10448123094280007,0.3485446972925538,0.006780588898013233,0.7262516964420311,0.08621961876362408,0.5538202180505977,1.428250390863417,2.096317408735907,0.36594383782762985
2156,V9 | V26 | V27,0.4900396185148266,0.41736313369096223,0.567747588443929,0.33170914051315625,0.3652123435745528,0.8665204953904625,0.029290442281081408,0.5904670613834333,0.013956488239097946,0.8449620470309385,0.04512571218271513,0.3034232892740126,4.35148563527775,0.5146423943796266,0.3658246030881397
2157,V5 | V18 | V22,0.4762063420821036,0.35481030773986144,0.5829041927547731,0.49620198669254795,0.26572299450822773,0.8102326264104155,0.03737191966028985,0.5170496941007907,0.016775382383492743,0.934643189607059,0.1948088378424666,0.5353514427936018,4.899384436830952,0.5211575175131081,0.36575623653166756
2158,V6 | V7 | V24,0.44382487373894763,0.48018397520307815,0.37704245412940074,0.5650151115766279,0.3829195429099619,0.8410041202743431,0.10048379817164539,0.35001761174863205,0.00678662386839335,0.6363225724174051,0.0893636774695191,0.5209829043426933,1.5287474444506743,2.0361616633307125,0.36571190249980523
2159,V18 | V24 | V27,0.4677388445431522,0.40181821506297244,0.6873815611919333,0.31564180204964,0.3262586818952113,0.8189955769443215,0.004031196021195357,0.6368756720479678,0.014050562528038628,0.9178150300590691,0.04815656863342363,0.19829593572637824,25.794156227799494,0.07828399490681338,0.3653237235984791
2160,V6 | V20 | V21,0.6092538482908664,0.5219115373851344,0.3077249078585898,0.33790310598759815,0.39669351764511424,0.9320738011239474,0.08273450763998146,0.23309725217644212,0.005535878506338474,0.8362767435842089,0.02658120290002571,0.5429655000032242,2.054169629648653,1.596635471688194,0.3651972622947487
2161,V3 | V20 | V24,0.45144303681813164,0.44445643678621716,0.3419900598233856,0.5937551341780086,0.3658472009803256,0.8905410609205606,0.05586887823489064,0.3564013410247245,0.011332229024644891,0.8797054255098271,0.09248018547164516,0.388813352825249,3.2615137511757903,1.1085757541400287,0.36514928692955956
2162,V7 | V15 | V28,0.5346034726013889,0.3974758712914182,0.5284815450582051,0.50321733833679,0.3669113651514446,0.9198523622146607,0.021692035234650717,0.09091757074334741,0.0007553598407271676,0.8828479207325232,0.0706682180117558,0.4086579100043062,10.932651809850181,0.30459517811706954,0.3649963674945893
2163,V6 | V9 | V25,0.4640200018984325,0.42377400889065125,0.5456003352671819,0.39170989441949927,0.33199556233089655,0.7431276259002912,0.08457258766344265,0.5285109347494833,0.07425195941039806,0.9529934341191468,0.0896457929546055,0.46641118205052584,1.587724019047694,1.6644562084719228,0.364962043775674
2164,V3 | V8 | V15,0.5219072134039083,0.4168500005859106,0.24151050343612354,0.685808981863185,0.3793257762754585,0.9146147509713929,0.07777953937147061,0.1387051467699595,0.014095953208153732,0.8107430601963168,0.1190848479618209,0.4883147998994222,2.911304460705949,1.5874830096553156,0.36493122984239684
2165,V10 | V25 | V26,0.3769941833700029,0.34829614369152095,0.4686512264570584,0.49994069111250145,0.32318675140346753,0.9049068012228523,0.061819627255459766,0.6075347931478355,0.09989932258464909,0.9244337616972955,0.20315416744836584,0.6235796619390351,2.4749727800982932,0.9834930347959427,0.3648121791805446
2166,V10 | V24 | V25,0.3559521495921948,0.36559157324230035,0.4966322433477816,0.5036654234342002,0.32150528626577846,0.8629987016469141,0.05291803459269475,0.6110166428476099,0.10066817242056944,0.983667343620883,0.2139217699401248,0.5708532818801578,2.9905281484397084,0.8298733173581941,0.3647519483621424
2167,V3 | V13 | V20,0.5168459594559874,0.43271991595600895,0.2768618012004503,0.5936619820248891,0.35865922913892556,0.8913716052221795,0.05345416907398691,0.38897348035684437,0.0113514308134112,0.8245514154701797,0.09845380050062708,0.34155627032586156,3.5271359504442685,1.1035407812174498,0.3643921459674041
2168,V10 | V15 | V24,0.3164263405241996,0.35446721075245957,0.4727498553652723,0.49938948931793786,0.3168367166238572,0.9172780140723541,0.07700795895758748,0.6268717659919947,0.1121603342876411,0.9568263007300889,0.2525340089942952,0.6208732531670875,1.6949169458213083,1.3184163250581546,0.3643375641306771
2169,V15 | V18 | V27,0.49789043266039656,0.3722098692084954,0.65407561464059,0.3136983704161691,0.3182070263962068,0.8257332297398093,0.0023572204110860724,0.6766045893960626,0.014072346441570766,0.9529408905325627,0.052033559235195925,0.1648549521352595,26.624239067017193,0.06705077875688595,0.3641249899464613
2170,V11 | V22 | V26,0.3471073389701515,0.31296441339417663,0.6264965582963203,0.3868554249249498,0.3012297474534215,0.4972148098456076,0.07316275479469167,0.7924081450608208,0.48761132306027316,0.9664945791042697,0.6299090132949733,0.33383313005705534,1.1520812837000292,1.4066640120252512,0.36380083865293206
2171,V6 | V18 | V22,0.4450762668251351,0.37730838169870123,0.6370767152087726,0.3787461250608189,0.2884879726984318,0.7418736090847773,0.0905149734674017,0.5907218502332514,0.07816638779632588,0.8797999738731468,0.11133334328842015,0.48656289547631615,1.3379006739700914,1.765578731433655,0.36368546393649187
2172,V7 | V19 | V23,0.6137378530965144,0.435623578221773,0.28031508276396294,0.5495118439468802,0.3628655957486152,0.9465452598613868,0.024857038130970423,0.19864843847083666,0.0025256337478104943,0.7829645891740297,0.08553091654884322,0.5655397791553577,15.251431250495655,0.25657029589799407,0.3635985647962117
2173,V11 | V15 | V25,0.37390188818901887,0.31427677610365995,0.6251729718173858,0.38390614706989856,0.29773201990754017,0.5090082563096157,0.07158994684923176,0.8073381022182715,0.44381727619623224,0.9613749158725535,0.527955771384106,0.30927627217013837,1.2742297559650437,1.4131500316839227,0.3633905162986772
2174,V10 | V15 | V25,0.3861037377094392,0.3359832273878233,0.44529900402974243,0.5023269237023082,0.313453630766774,0.891866354173901,0.05685253525895135,0.6480622930870881,0.10153775442096417,0.9592356682589233,0.2422950905127764,0.5547354765920873,2.7999624504955136,0.9410618683952,0.36337489245979904
2175,V10 | V23 | V24,0.4511283063321555,0.4078176242242832,0.4806708524829839,0.5177559226533347,0.3606804349659167,0.9426139481221975,0.044333576492872125,0.22762489703826386,0.006331217523866234,0.8530189497705097,0.10631148968902195,0.5523890457834838,4.733997550031509,0.6896837971757988,0.3632577263572155
2176,V6 | V9 | V22,0.4463350070190009,0.4101487298774704,0.5275532285463131,0.39755207392739195,0.3257601692400843,0.762501051934116,0.09133952790880731,0.5525107650825315,0.0763891948062468,0.9457732880058933,0.10752326361798242,0.4716456056784413,1.452997333540224,1.8231233557312763,0.3632057782853419
2177,V9 | V21 | V26,0.49004746130443205,0.43941237305167447,0.458452548552844,0.38376439096445586,0.377693943146457,0.9338687675369113,0.032966865385432496,0.3631016707355696,0.016808984114868003,0.8945870588497337,0.13138263204967515,0.5072199086588737,7.19626697173999,0.47628051501647856,0.36312900259277725
2178,V11 | V24 | V25,0.3437503000717747,0.343885121958137,0.6605512088808546,0.38559776543229984,0.30578367540654466,0.5038579001550554,0.07477732231218677,0.7541883793427204,0.4281987965740865,0.9953889650306847,0.427782382873947,0.357410763813998,1.0732832966959482,1.4095965147931093,0.36312736249381256
2179,V17 | V23 | V26,0.48349634720265744,0.36391186082563326,0.46533503347817373,0.5846098430049366,0.33346036202239165,0.9360421723474358,0.035810676603135264,0.15459929504733907,0.005319596016769507,0.9655959016692865,0.11268587231564273,0.5469169728302008,5.7052052464054785,0.4872517275129208,0.362886735861614
2180,V3 | V20 | V22,0.5034354391239397,0.4123471744083999,0.2743737724605912,0.6000976185695646,0.3562287220324301,0.8997386254878781,0.05751725317559258,0.3786304121532642,0.011232729597797973,0.8822440632000524,0.1080960446950152,0.39593316046881993,3.2502646730263036,1.1459301912750564,0.3628291342779365
2181,V17 | V23 | V24,0.4624543134248491,0.38120729037641277,0.49351182015431705,0.5877614387043465,0.33177889688470263,0.9360650483056473,0.0359714566672318,0.1551261287920186,0.005323845763943473,0.8493724312429566,0.11714650001878049,0.525820940157358,5.7608979609491096,0.5139748094349162,0.362817639499799
2182,V11 | V23 | V24,0.4389264568117354,0.38611117294011976,0.6494201416881031,0.4033348625783157,0.34495882410668294,0.9298035422755248,0.017754668401602832,0.25836138828768623,0.006919884468763375,0.8934211312051777,0.16433631054637363,0.3862801575066321,11.446288630512797,0.2227151071847019,0.36271348051948105
2183,V2 | V13 | V27,0.5699524179086478,0.44852545559147017,0.3946094663372705,0.4139558424684097,0.39507443878949006,0.9100665333520295,0.021739738739184056,0.2993159222095044,0.009639090285750876,0.8699646927386497,0.03978835177355171,0.456738379308606,15.196431339305692,0.27988142704390573,0.36261904195532574
2184,V11 | V23 | V26,0.45996849058954375,0.3688157433893403,0.6294993155594093,0.3987878362306078,0.34664028924437196,0.9285773577891816,0.018799753859098888,0.25739254140319756,0.006913671354290707,0.9724705161148318,0.15713055474522164,0.40785748178688747,10.876584830120049,0.22587458714010047,0.3625394545304355
2185,V2 | V25 | V27,0.5742268924560315,0.44177799305704196,0.4166994685929543,0.41756488783526374,0.39887932477380683,0.9103503317366801,0.028159910613257115,0.28280808941292235,0.009498554355672813,0.748769166944426,0.036555193912060024,0.5323692549672294,10.759563071911796,0.3565948071633841,0.3623305852882109
2186,V12 | V13 | V22,0.399058280236526,0.3310551178469051,0.5586574102764079,0.5396287166089708,0.31206751361187546,0.7272133209763333,0.07234327133053836,0.5571620401830519,0.15408473004460252,0.8309425185279491,0.20862416656623417,0.43879828285507616,1.4480110244944404,1.335451465335327,0.36232298608396035
2187,V5 | V20 | V28,0.6263481114796015,0.4318638950219455,0.5432462245742683,0.3888428716463408,0.32533818737460923,0.9346552825977406,0.027249223163605053,0.07158188748600598,0.000599482675382968,0.704269383856002,0.02065014582053285,0.4849689918619398,9.36405243728052,0.3676308165450847,0.3621588497739517
2188,V5 | V7 | V25,0.544632346181156,0.43920191787960206,0.23455191343168888,0.6512500082993854,0.35677147886267463,0.933823858325646,0.025560646654608683,0.32332393394603814,0.004323174630256177,0.59199513455896,0.1436920222222234,0.6358729999144288,22.802556630981424,0.2250067475697638,0.36214827132092675
2189,V5 | V7 | V13,0.5403578716337719,0.4459493804140302,0.20137874206036432,0.6489808796225632,0.35296659287835774,0.945648850716458,0.03210430674674251,0.3432700914002062,0.004367261563408071,0.6144278985541134,0.15975675568721248,0.6285471972575642,12.674246747626619,0.3802324267732683,0.3621303366047143
2190,V11 | V22 | V25,0.3957427023775828,0.3117758595803199,0.6278857369384465,0.3951451149573568,0.29616519645864925,0.4501168544452582,0.07042230068790761,0.8298250820306278,0.3471276806166567,0.976333270383074,0.6508868660393127,0.32244576124290775,1.1862622453846972,1.350344381383358,0.36209031083974486
2191,V7 | V15 | V21,0.5486392846696229,0.4650254396957674,0.15703202876088734,0.5641106143208575,0.41550171723174556,0.9543462834382687,0.031886682305761034,0.27202112361729114,0.004362150797926408,0.9174945011387797,0.14572701781045222,0.5503750046159701,9.833844809338425,0.433277809392439,0.36202820214837284
2192,V10 | V23 | V26,0.47217034010996356,0.39052219467350374,0.45167346423310595,0.5141340450998652,0.36236190010360575,0.94214246754708,0.04465333579108066,0.22680158820916693,0.006325771799161829,0.916606233029423,0.10239095716969845,0.5758387427007937,4.75221329116304,0.6755341680763387,0.36189982118639685
2193,V12 | V13 | V25,0.4167432751159571,0.344680396860086,0.5755494051144193,0.5352254155903218,0.3183029067026876,0.6901554484378604,0.06541266608772353,0.5328418542801475,0.14586439208347082,0.843261131145205,0.16444514648436273,0.43341937604750497,1.6737759576205011,1.1857187700295098,0.36176635997645584
2194,V8 | V19 | V21,0.6546258621917658,0.4556109824406533,0.23909660909452612,0.4468659205558082,0.36237773843485,0.9582180634099432,0.06934548463661849,0.11800886006207068,0.0071916200361205156,0.9086418135153563,0.05367234039634012,0.6226531602527315,3.1061977180640183,1.2345454234308515,0.3617631028041164
2195,V5 | V7 | V24,0.47495494899591634,0.45768590124423836,0.2771773574688666,0.6490643679070554,0.3601545647197578,0.9362067793947701,0.03230295154689647,0.3159897872468568,0.004362674332774549,0.6138774293356175,0.14820008886618707,0.6603768102794854,14.463969599508399,0.362300947776515,0.3616933841214511
2196,V8 | V19 | V28,0.6405900501235313,0.3880614140363042,0.5669860173247359,0.36877140907454137,0.31378738635454906,0.9261261734323843,0.04167336765853562,0.03396019602875639,0.0012402872398812263,0.8681599161252033,0.02726860495201079,0.4893569807354524,4.237878076988955,0.6634207671053749,0.3616158879434216
2197,V2 | V19 | V23,0.5998074946045335,0.423301008453919,0.32620407455988215,0.43907670713821545,0.3540562332206593,0.9505733163788194,0.09483304993822222,0.1479636822822125,0.005294498297515113,0.8584045588075156,0.07040846704448783,0.6151215448705252,2.4767047834593257,1.8952570674352847,0.3615817969409192
2198,V9 | V15 | V21,0.4991570156438681,0.4270994567479768,0.43456472542570646,0.38676599785333227,0.3679608225097635,0.9336125303746032,0.03188220759055017,0.3810025988852568,0.01686555364178745,0.9201956420031043,0.15090267352557454,0.44769817905352993,7.3311318018014004,0.5081038421689844,0.3614817317271563
2199,V11 | V22 | V23,0.4909188591175432,0.3540019105623027,0.6159274911043201,0.4125557054312732,0.33534034515878747,0.9368987749513098,0.020279354148283614,0.2724694344221848,0.0068742463311961145,0.7780884216554643,0.20092310884875067,0.40504005813824523,10.551529122751814,0.26680074258144515,0.36142822699136073
2200,V15 | V16 | V19,0.507137632363478,0.39394409672685793,0.6529200363021951,0.45097025980037614,0.338423693816409,0.28862882466357265,0.05474917488352894,0.7160794702177817,0.2639739601121405,0.9340366166050987,0.19319502752608436,0.24017567839292273,1.5263645226466893,1.0654139198586574,0.36124374950084526
2201,V5 | V9 | V26,0.44651471374797,0.40246448874566837,0.4767292025628276,0.4998644007919776,0.3142951351354647,0.8574726812667929,0.04024502026240168,0.45165325059780287,0.01684305869178418,0.9109552061770564,0.14698667417793648,0.580468751958517,6.0388013839754375,0.5820804381913313,0.3610277266191697
2202,V18 | V26 | V27,0.48878087832096023,0.384522785512193,0.6690655862765496,0.3102278888009486,0.32794014703290036,0.8205551619337669,0.0030191596624046116,0.6331486683885484,0.014031042647902269,0.8292684905617577,0.04654900219853954,0.1970843254892194,26.302247844265217,0.05250343658777739,0.36102188919620853
2203,V6 | V7 | V15,0.4739764618561916,0.45057562934860107,0.30935958315808987,0.5638299032136656,0.37486788741095745,0.851460938099903,0.10172166866416205,0.36539569309461695,0.006793351262043622,0.6786956658903154,0.09711262775752694,0.5029603175399473,1.6021238168670753,2.099200442555197,0.36085938890164343
2204,V8 | V19 | V27,0.6546180194021598,0.4335617430799411,0.404113584666234,0.40121043507466336,0.3498961388629458,0.9107250352382195,0.03707052691877868,0.16578427771934984,0.006430283427912381,0.8029840894375629,0.017502062722416837,0.4791197844115582,4.88780611337659,0.5688105051498231,0.3608152697367234
2205,V2 | V24 | V27,0.5045494952707918,0.46026197642167826,0.4458511539211339,0.414088800376244,0.40226241063089,0.909337688390217,0.02318316543713067,0.27670614109970354,0.009624399217038674,0.8561035418843871,0.03749083855216041,0.5091140691516899,14.732113293032551,0.2651719337698112,0.3606196829115717
2206,V2 | V21 | V25,0.5742347352456375,0.4638272324177542,0.25698940047690055,0.46182746979902395,0.411360924345711,0.948181128655606,0.05700130225806833,0.19591684696292172,0.010932526344778001,0.8201689046363205,0.10352985103302788,0.6180011614092655,5.079516901146404,0.9805398083422584,0.36060545182613707
2207,V5 | V13 | V18,0.4896168624141513,0.3751830492874705,0.5841807874292361,0.48828477705620554,0.26815350161472323,0.701749771275246,0.031895153179330796,0.5338178350844984,0.017012024746323646,0.967163366033466,0.17280168527431328,0.4257094168153414,4.872365904752421,0.4801893567251959,0.360583491317716
2208,V11 | V23 | V25,0.5086038539969748,0.36762718957548346,0.6308794973527981,0.4068855010724811,0.3415757382495997,0.9282996992905846,0.019383468315602507,0.2639272576727342,0.006844450319466957,0.6182482275545023,0.15908978521114397,0.41135257596702524,11.483123061461354,0.2424395537774057,0.3605716455319459
2209,V2 | V8 | V23,0.636373856755649,0.4384758711869396,0.20999428657725586,0.5495591298563263,0.3780615950560366,0.957240020044783,0.0661058846735355,0.040086915296310054,0.0031043268819010445,0.8570231994386046,0.03954776101905794,0.630190195373317,4.386277359810577,1.1962585648524724,0.36056160691894007
2210,V3 | V20 | V26,0.4724850705959398,0.4271610072354376,0.30237954960616054,0.5906408359609505,0.3675286661180146,0.8889821977724095,0.05581574033781541,0.354889412709575,0.011318655628162621,0.8613960940258534,0.08919962084806675,0.406218682411873,3.166918389359979,1.0843896067242997,0.360526625835117
2211,V20 | V21 | V28,0.6698808590360638,0.46881177932795165,0.5274654968601891,0.23958437705535232,0.38873699538560136,0.9554668579218872,0.03418854558283334,0.059452720718790986,0.0005986973148219408,0.6228192920390156,0.018382833584057817,0.6327338662949591,6.318152553144724,0.36954884718990383,0.3603110219656281
2212,V17 | V23 | V25,0.5321317106100887,0.3627233070117763,0.467303654534098,0.5902284725626195,0.3283958110276194,0.9360910893822045,0.033418882343996224,0.15813951880750546,0.005272182011522957,0.6142925077554293,0.11390503311988505,0.5483539385887247,6.904781820115925,0.44301356690225074,0.36028205684618214
2213,V7 | V13 | V19,0.5142872218091699,0.4001449897742183,0.27638236049641796,0.5334406120345476,0.31988556106416016,0.9031399552996222,0.025737089194516394,0.5364638844511342,0.007702209085470267,0.986294150108179,0.17960194890762052,0.5547270163704217,12.70767048888662,0.28004018433957467,0.3602733057344257
2214,V2 | V13 | V28,0.5559244486300196,0.4030251265478331,0.560328857893805,0.38235108502497783,0.35896568628109315,0.9306970040290065,0.04288453604251046,0.06910484361454143,0.001674213982420425,0.8602797614352953,0.05732315084421612,0.48036280365083855,5.71413221498013,0.747526834900434,0.36017153966443965
2215,V2 | V21 | V24,0.5045573380603978,0.4823112157823905,0.29767838701727534,0.4586439952240465,0.41474401020279417,0.9490917745859573,0.05633653168633309,0.19208010692987762,0.011091009617133704,0.8857860717161339,0.10637996464768464,0.6097499779272982,5.205425354579048,0.9739420204436945,0.3599690613456655
2216,V13 | V16 | V23,0.5073592792910767,0.3430639049801786,0.6005280254379383,0.4278385651271864,0.30273463015507424,0.9247850147016434,0.020269272762612863,0.24830075452534103,0.0067498651998215186,0.9658744146929309,0.12079981740879663,0.3834544576901096,10.986346163126148,0.2912509081484098,0.35989969900538116
2217,V11 | V15 | V23,0.4690780449289796,0.35650282708564274,0.6131432922214207,0.40170171949693384,0.3369071686076784,0.9313026189004554,0.017588353989274774,0.2684105382873545,0.006926810588391689,0.9218956210190267,0.1828208505459253,0.353828470229816,11.907223442635626,0.2534860983667637,0.35984874567758446
2218,V6 | V18 | V26,0.41412589829713514,0.39212221452573887,0.6500490202358863,0.36401095138439277,0.2997879167840164,0.7257126121453472,0.09120621469250358,0.5441853511641747,0.08130070382700434,0.919209237301675,0.09172074829639061,0.5107416772923998,1.2305729607138867,1.739729398189958,0.35970178610656467
2219,V2 | V25 | V28,0.560198923177403,0.39627766401340503,0.575864687458492,0.38619232032058987,0.36277057226541,0.9253636186693224,0.045011633714617375,0.06539508497344682,0.0016584904256411437,0.7744285917257284,0.05279888146644682,0.541889930947324,5.229063923250276,0.7325934535110916,0.3596165755507705
2220,V5 | V20 | V21,0.640383923547835,0.4994134634262946,0.18942472558314224,0.4641101865173977,0.37392853945491017,0.9509137135813226,0.03320609147386667,0.21317484593305985,0.0036643213582580837,0.8281837396826338,0.04236117945798055,0.5383997244532033,8.398554067192155,0.4672527287295678,0.35954560804862995
2221,V13 | V17 | V22,0.41499608444331276,0.313619439551041,0.4430967710772572,0.5794883148063906,0.2791803832523521,0.8969871308115243,0.0550913980503408,0.40507485062902093,0.0384411449717202,0.9749408350108134,0.380659227934533,0.4904893622947624,2.205126997910635,0.9082881641490211,0.35943271633471796
2222,V7 | V19 | V25,0.5185616963565537,0.39339752723979016,0.3047285169732102,0.5362914184086011,0.32369044704847694,0.8840884610221293,0.027513747282890494,0.49777495117507836,0.0076033670250178365,0.96273795851239,0.1605503935126301,0.5599588072905438,11.005597942018913,0.31307057992077086,0.35936422361704035
2223,V17 | V22 | V23,0.5144467157306577,0.3490980279985955,0.44584055862958305,0.5941791661336044,0.3221604179368072,0.9439158372910772,0.03447732824664657,0.16272104591729122,0.005292606347714522,0.7634956193841148,0.1388485244594342,0.5244292067404945,6.52090372359176,0.48943762431356647,0.3593629163807395
2224,V5 | V10 | V24,0.5122286437497698,0.5223740316350435,0.5123493312393844,0.6528757464383449,0.43031421409905357,0.26246575624683444,0.039877649699164616,0.4019024136083876,0.014635623777136314,0.8498299058291154,0.14402706215877978,0.24578318114662387,2.368097318115374,0.7518818008355572,0.35933499540160113
2225,V15 | V17 | V23,0.49260590154209327,0.35159894452193563,0.4418100206052659,0.5866284866514098,0.32372724138569814,0.9378687819650714,0.03347169631790119,0.16055057707740214,0.005328582036793899,0.9278061774147438,0.12830363723959146,0.4719677854907201,6.428474846115856,0.5127331453806906,0.35896593905259433
2226,V5 | V18 | V26,0.4452559735541041,0.36962414056689913,0.5974671401913122,0.48456006171843363,0.2770229385938122,0.7732589059930165,0.0332241142378107,0.47924222602052957,0.016946514010836557,0.9447170725583341,0.15291842675881326,0.5350661668286792,5.609882250556543,0.42619006285425703,0.3588353428907847
2227,V5 | V7 | V22,0.5269473513017245,0.42557663886642116,0.19844714242057873,0.6547526099552796,0.35053608577186235,0.9514602214325434,0.033853936993902496,0.33463959228784906,0.004338798187678685,0.6149539018598661,0.17919796970698657,0.6614500781332121,12.888496898467556,0.3963230797715758,0.35882999505263524
2228,V9 | V18 | V25,0.5186498561411198,0.43139696339634626,0.7325679596606104,0.4491838922588354,0.3488622673561319,0.06402042295242412,0.02597324017640224,0.7740271722919022,0.29978065716665225,0.9692549524870862,0.19436235776230995,0.09220142960990246,2.8977487247102047,0.5654197571626974,0.35872313187475446
2229,V4 | V13 | V23,0.49892096089491433,0.37902743841744835,0.4328187629421566,0.4515918818840499,0.37345666872446376,0.9143012601786334,0.05667566021684415,0.2652019630963873,0.006907927479075572,0.9748935296124772,0.10511774941925839,0.3886022659929775,3.3219265433846594,1.1341384305037436,0.35867915445743925
2230,V19 | V27 | V28,0.6736192425638746,0.4335895868883895,0.6630783428821128,0.19435151974430878,0.3737802647724574,0.9022777881768569,0.014168155579069362,0.11397285855535588,0.0011671562491161944,0.5716407975552896,0.011924526071939829,0.31328248940973635,9.882388919075606,0.18604863308209904,0.35850846774016
2231,V6 | V15 | V18,0.42323545263657125,0.37980929822204135,0.6344176015634597,0.3671319201327228,0.2900547961473228,0.7265724547185485,0.08765997841065926,0.5779303321038018,0.08239389794343333,0.9120611291817203,0.10352040977491418,0.4552602423449851,1.4709443564537865,1.7418066428414676,0.3584565359784519
2232,V6 | V18 | V24,0.39308386451932703,0.40941764407651837,0.6691198604295614,0.3688805700035128,0.2981064516463272,0.7282912694273117,0.08460514425062568,0.5470968467741354,0.08181448880854728,0.8085278975742389,0.09511911661376049,0.4529413737988242,1.4926170422605936,1.6640718823239513,0.35843739426971477
2233,V6 | V20 | V28,0.5952180362226327,0.4543619689807853,0.6019831748373905,0.2390504954577072,0.3481031655648133,0.9184540460821395,0.073179027003757,0.07841976623942273,0.0009811915314250758,0.7136834632952826,0.010811097450446306,0.5015864787202263,2.1482308359399114,1.3863835772290156,0.3583620796502233
2234,V2 | V13 | V21,0.5699602606982533,0.4705746949521823,0.22544573550658872,0.4585222662165753,0.4075560383613942,0.9492907495906752,0.05427541268223962,0.2061803440799178,0.011109537676438196,0.8572913118883312,0.1135678573176695,0.5613088769130673,5.505698854395731,0.9734341127529447,0.3583208141710397
2235,V9 | V18 | V22,0.5009648612616883,0.41777168438316536,0.7206117737053143,0.45440087513733596,0.3426268742653196,0.05458928750244714,0.033798641115315164,0.819707767297733,0.3360392305817452,0.9433560473381535,0.25308875552351806,0.18483463109048304,2.024736096704922,0.6128204507295376,0.35829532840545447
2236,V10 | V23 | V25,0.5208057035173951,0.3893336408596469,0.4537011090920385,0.5205887426177882,0.35729734910883343,0.9316691511208114,0.03873714812525691,0.2323485229475979,0.006265068670286152,0.5702822993903733,0.10346378596573805,0.5562904595638298,5.76534225747276,0.5592646782556661,0.35824709800917287
2237,V10 | V22 | V23,0.5031207086379635,0.37570836184646605,0.43158027729451814,0.5251209490482127,0.35106195601802126,0.9465218977462269,0.044758512258943506,0.23957775374711032,0.006291205299640764,0.7052055417622947,0.12520293970283466,0.5510081536138914,5.080934183466564,0.7126398251641275,0.35824481193389623
2238,V10 | V15 | V23,0.4812798944493999,0.37820927836980606,0.4274226671077144,0.5164542993745274,0.3526287794669122,0.9420550203832168,0.041553253677808176,0.23614577828974156,0.0063372876378474515,0.8910758133805303,0.11606137158267352,0.5052197051051409,5.299134398016221,0.6764370675070671,0.3580834416392338
2239,V7 | V8 | V23,0.65030421524763,0.45079844095479343,0.1500766692684066,0.6401173164389851,0.3868709575839925,0.9565803797435565,0.05833985579248305,0.05820153271675381,0.0015368182277918216,0.46043052879092716,0.04785347261362787,0.6201787656455731,4.287240560932517,0.9903337731725494,0.35778107127806197
2240,V2 | V5 | V25,0.530701987689175,0.42687934811174816,0.28497261105863153,0.5628497170429648,0.34796211633471874,0.9258162820760585,0.08521454619800785,0.2327519952171329,0.010948861048559695,0.6335790219051389,0.1146591892072717,0.6408481832676017,3.2594216911295524,1.6592478635946213,0.3577405601062065
2241,V7 | V19 | V22,0.5008767014771224,0.3797722482266093,0.273891738400563,0.5406854750075403,0.3174550539576647,0.9179204139449401,0.029623255995699843,0.5195643654581094,0.00763832022265581,0.9744934248293082,0.20301593822150807,0.6021034423488063,10.536993375444593,0.32525347296648743,0.3576315191038845
2242,V5 | V7 | V26,0.4959969827737245,0.44039047169345885,0.23128734897639266,0.6462740233405434,0.36183602985744684,0.9440495570168438,0.03297075916608071,0.31471625266840786,0.004359427717902662,0.6052674965481739,0.1420044454587064,0.6755074919057097,13.085919047265415,0.3591133355906659,0.3575190536451373
2243,V2 | V24 | V28,0.49052152599216386,0.41476164737804133,0.5967006754017291,0.3824926282247293,0.3661536581224933,0.9307407079562077,0.04531885067652789,0.06398479263186974,0.001672581861408395,0.8402820816116499,0.05410220681556308,0.5364240110181652,5.309734171988575,0.7485165243029912,0.3574173543195697
2244,V6 | V9 | V26,0.41538463849100127,0.4249625627045081,0.5439394921325836,0.3833631546378347,0.33706011332566876,0.7344432840175628,0.08984815314998709,0.5106077671673612,0.0793840227224748,0.9388383670601189,0.08875233218482674,0.4876574565853808,1.3932147439401332,1.7561278428182376,0.35740762477017196
2245,V6 | V9 | V24,0.39434260471319293,0.4422579922552876,0.5678151877170453,0.3880505489340857,0.3353786481879797,0.7298002894453762,0.08408490177674209,0.513237711006363,0.07987445145080556,0.8667136021688616,0.09201221849576406,0.4267258882088531,1.585834022043635,1.6905172169091862,0.35707041672642886
2246,V2 | V22 | V27,0.5565418975765999,0.4281527140438611,0.3926829469699692,0.4231170967132398,0.3926439316829946,0.9109498315844543,0.023008408074080385,0.29218874558114755,0.009548190292328467,0.7891493001440312,0.04335436698400267,0.5052880368355414,14.983187761845397,0.2652155621740334,0.35693314775916557
2247,V1 | V19 | V20,0.5232997932257332,0.4341655962233127,0.27957735370065595,0.5141820366892046,0.31142449153967483,0.9045562771128878,0.1441865549760647,0.3216176157891555,0.011023697118148138,0.6087520245864441,0.06276395273266153,0.4872193239840519,1.2694302808791529,3.220334032195578,0.35688728566822864
2248,V18 | V19 | V23,0.5629968438768935,0.36485724709521317,0.6202865987446241,0.3458499708840957,0.2780525044849806,0.9046828207646834,0.018996992475780662,0.2813030709915371,0.00687760261840965,0.8449122662698804,0.09097713668859184,0.4431918020639292,11.443469484427043,0.1997720596381843,0.3567935782370113
2249,V10 | V24 | V26,0.3073167861847635,0.3667801270561573,0.49478509209470584,0.4969893037739464,0.3265698372605508,0.8419945092989803,0.061716441219268094,0.5884557134027574,0.11017276046906824,0.9720550537847762,0.21083250788799737,0.614176333362274,2.132700621920124,0.9586321017686011,0.3567600029034401
2250,V9 | V19 | V23,0.5642555840707595,0.3976975952739824,0.5061596788652958,0.36589687510862384,0.3153247010266331,0.921987914578709,0.02402091647717232,0.2684551885261129,0.006853998088056294,0.8750213114341219,0.08803861001552678,0.4460586727707577,9.601124403775076,0.3203806840887823,0.3565697884877196
2251,V5 | V9 | V24,0.42547267997016186,0.4197599182964478,0.504238845947855,0.5035896937557306,0.3126136699977757,0.7645859728920209,0.038032005039814,0.4538236125677845,0.016869882433258963,0.9373694980978685,0.15350633631439292,0.4976945866135614,4.5444188322707095,0.5660202725297178,0.3564353048883648
2252,V13 | V17 | V25,0.43268107932274413,0.3272447185642218,0.46468491840200254,0.5754205388305024,0.28541577634316434,0.8414984487122159,0.04379519196885576,0.39015971985265846,0.03786055555157063,0.9849608654298143,0.2716830009117848,0.4396163154943317,2.920546055729654,0.7070595982311736,0.35635989088267256
2253,V10 | V15 | V26,0.33746837430200766,0.3371717812016801,0.44323401820464614,0.4956329684057608,0.31851818176154634,0.8809387112825474,0.06731308139823164,0.62324058770651,0.11121108725553329,0.9463980345225208,0.2385217824842668,0.6095806619299027,2.0005954212818584,1.1022836975293404,0.35628891032103344
2254,V17 | V22 | V25,0.4192705589906967,0.30687197701661273,0.463030314185447,0.5820913234917993,0.28298526923666895,0.8770465542201087,0.047184186539313853,0.37977018032232146,0.03685082238742101,0.9672098634159282,0.31905046677155385,0.509973016988578,2.9351328908032412,0.7303625803916279,0.3561466915775869
2255,V2 | V6 | V25,0.4995719124322064,0.44937742207058784,0.3833310429849297,0.461483717868887,0.3707270945249228,0.832930291900961,0.08549344667796037,0.2550536911221646,0.025891056828122767,0.8318743298644171,0.07163999389939275,0.5104433507553271,2.207867687160374,1.720322797503026,0.35597961436869313
2256,V2 | V22 | V28,0.5425139282979718,0.3826523850002241,0.5589844435859659,0.39209830410764424,0.35653517917459776,0.9323537903113827,0.04358033928730576,0.06752172053481993,0.0016640721600037836,0.8115932583685489,0.06238114828590812,0.5281129255870018,5.694374698888752,0.7183725303470224,0.35569320502139007
2257,V2 | V5 | V13,0.5264275131417913,0.4336268106461763,0.2553458817419146,0.5601453477791105,0.3441572303504019,0.9214666264859387,0.08316270823649197,0.24547608130791293,0.011126312418500341,0.6780033104502304,0.12621648971118896,0.6038890248319281,3.3885792021686556,1.6469834746098113,0.3556751521967606
2258,V12 | V13 | V15,0.37721746604796186,0.3335560343702452,0.5555040512954844,0.531209548755492,0.3136343370607664,0.7124861615982296,0.06900843188200091,0.545517603537286,0.1708840677897634,0.7787460501357509,0.1894532720586394,0.4175964663095816,1.6750088073124896,1.300084976952685,0.3555860123528802
2259,V11 | V25 | V26,0.3647923338495828,0.3265896924073575,0.6411153027399498,0.38088744336649727,0.3074651405442337,0.4699151028021105,0.07461079442194483,0.7492450540321801,0.4150722190872542,0.9516174847578381,0.39405855297287656,0.3715972037772204,1.0085646818738785,1.3753130920300558,0.3555459438162289
2260,V2 | V26 | V28,0.5115635597699719,0.3974662178272618,0.5743094535745331,0.37775311873131684,0.36783512326018225,0.930926844258268,0.04662166719954756,0.06373728046969883,0.0016714261793121998,0.8434422226951509,0.05230393723588405,0.5537383782196096,5.100624096491882,0.761411501446353,0.3553879220642593
2261,V2 | V6 | V13,0.49529743788482256,0.4561248846050161,0.3595410825734417,0.4581762563940704,0.36692220854060614,0.8340051656303162,0.0848360258805426,0.2694005987756958,0.026706442858927867,0.885504710747004,0.077946384569452,0.4604292591173882,2.282224386430625,1.7594136674113352,0.35530671532828706
2262,V3 | V15 | V20,0.48159462493537614,0.41484809093174,0.26851783925964295,0.5926355635465983,0.3577955454813211,0.8916393371783342,0.05294957000323138,0.37219398829593414,0.011347370389358766,0.7923226703119208,0.10057892172111764,0.3596042108780808,3.5288894566819606,1.0717738293385735,0.35514375684619975
2263,V18 | V21 | V22,0.5197390896385661,0.39175819204586754,0.5684436310997758,0.3791510449214984,0.32912180251922,0.9210579176672866,0.02098067864571221,0.40944790746000764,0.01674154802773239,0.36902181982578935,0.1713342547183885,0.471347476476541,12.634124608805042,0.23290301270044195,0.3551147929931365
2264,V2 | V5 | V24,0.4610245905039358,0.44536333147638446,0.3233642825513757,0.5602448912539773,0.35134520219180193,0.913766182684161,0.08038065377037674,0.2280180381009421,0.01110773802529311,0.6885188496385604,0.11793010312641898,0.6335158812429144,3.427981303843259,1.543274379308738,0.35498328994651296
2265,V2 | V21 | V26,0.5255993718382062,0.465015786231611,0.2538802969922008,0.4545705581627487,0.4164254753404833,0.9489958502730275,0.05742899992732098,0.19141037260969251,0.011077911911040706,0.8613670962086216,0.10245612554721509,0.62484263202929,5.069479444911763,0.985127027328674,0.35494837056502593
2266,V6 | V9 | V15,0.4244941928304371,0.4126496464008106,0.5241791842328147,0.3863671401449929,0.3273269926889752,0.7268799312607048,0.08559218190081598,0.5410211304322413,0.08042735537346395,0.9387651175819879,0.10005791235005879,0.432834411303621,1.6471007992441227,1.734594647697401,0.3549206737559625
2267,V4 | V23 | V24,0.4335180382570588,0.3907639592476564,0.4801901921455297,0.45171529267778143,0.3806446405658637,0.9131525305616298,0.05684154082020115,0.2459298583476342,0.006899184232583361,0.9086715544957717,0.098622013683451,0.4337532796456345,3.213936286456121,1.0875959688562709,0.35480713156759053
2268,V1 | V25 | V27,0.4664357298016352,0.37071761097663736,0.3526735754846222,0.48726298453167094,0.3172197047326432,0.9384800637277741,0.13505088270843507,0.35410160944198427,0.01212185723448757,0.7996919831394679,0.04791473901341397,0.5220449350067157,0.6605653476070041,2.7740145434135886,0.35479882552449016
2269,V2 | V26 | V27,0.5255915290486002,0.44296654687089876,0.41450213647228584,0.4096379980781502,0.40394387576857904,0.9099741607903014,0.024485165478642084,0.2756448045596261,0.009614011240964277,0.7322310152636134,0.0361989696154073,0.5281739943286599,13.70396879761163,0.27728679138835927,0.3545179745704635
2270,V7 | V19 | V26,0.46992633294912217,0.39458608105364695,0.30192591437063243,0.5300355579218174,0.32875499804324926,0.9013583731858389,0.031068380483933962,0.48147299515817793,0.007684598089642935,0.9776429357356548,0.158564351879153,0.606054348719603,9.30587195655535,0.3504830996583703,0.3544358062449594
2271,V12 | V24 | V25,0.35134035247810164,0.35641691769029404,0.6107850153439648,0.535329993640736,0.32549087854408765,0.6175252047877693,0.06225061152733165,0.4807925832288578,0.14363498365891664,0.9999999998615305,0.1523905274609878,0.4268522331253332,1.3875300357363944,1.0609402276687887,0.3539696849892169
2272,V16 | V23 | V24,0.44195635665322125,0.3548004258103868,0.6339726599849654,0.42796791835424813,0.3099226019964742,0.9188255123699782,0.02423622855524516,0.23058818643502071,0.006741419238674332,0.8617163368062972,0.11299297925681812,0.46477226469748223,9.596641139638596,0.30751756897142757,0.35374022312379305
2273,V2 | V15 | V27,0.5347010833880363,0.4306536305672012,0.3881578847097062,0.4124901202707276,0.39421075513188564,0.9087035101735619,0.02179878664663226,0.28772905904281165,0.009635984133676126,0.8407364527907611,0.04058910110677699,0.4691721724478727,15.358513709657542,0.26967478123928024,0.35373350037275586
2274,V16 | V23 | V26,0.46299839043102964,0.3375049962596073,0.613358308378314,0.4236382869634874,0.31160406713416333,0.9217985654353711,0.02536417807236926,0.22975136082547276,0.006735444110107054,0.9307436331371479,0.1087434056816203,0.49136586987978925,9.250665840404194,0.3085966564401124,0.3537132149576075
2275,V14 | V24 | V25,0.38341464122330765,0.3829427418951186,0.5535141676521163,0.5715437502793843,0.3726065843227612,0.5642504363826407,0.025296620315774277,0.5100112783717848,0.1269350007136856,0.9560578406192545,0.16258279661071015,0.3792988620377863,5.207169389458089,0.3552660663939833,0.353475760163216
2276,V8 | V20 | V28,0.6368438238061147,0.40123436711515426,0.5171619901255883,0.35101083972014707,0.3162625173957888,0.9489394604490015,0.049460166044278296,0.020844124456409267,0.0005716497540417006,0.6948879100737642,0.00988829889656196,0.6137987002347235,3.9313754017679385,0.7401396989808282,0.35347302576525264
2277,V8 | V20 | V27,0.6508717930847427,0.44673469615879113,0.33146465306960265,0.3845732191367131,0.3523712699041857,0.9429734765514982,0.04686782155177026,0.12648912587175673,0.0032495652895884546,0.7544866664819263,0.003688913732718887,0.6054733482527612,4.216602540728136,0.6886326915394665,0.35337453859519474
2278,V12 | V22 | V25,0.40333275478390973,0.3243076553124769,0.5742486732166199,0.5424449014577089,0.31587239959619223,0.6181111089539195,0.05979386001135617,0.516122045198329,0.1329936771177767,0.9669768280315179,0.1847886001468596,0.4073889987762478,1.5240259984757822,1.0358435086942852,0.35337401983977285
2279,V7 | V19 | V24,0.4488842991713143,0.41188151060442646,0.34157375651810123,0.533545560290275,0.3270735329055602,0.8508505860138277,0.028860420069872855,0.48387028452131947,0.007691894184814135,0.9474017518768283,0.1658699467199492,0.5544539018355014,12.625214027721011,0.3653181325455506,0.3533107497107739
2280,V7 | V21 | V22,0.5704800988581871,0.46252452317242737,0.16447543897442798,0.5720029042932895,0.4139348937828546,0.9499173796383432,0.03118429551061663,0.27615347838663445,0.004334690942902074,0.40017931352781594,0.15845270888272264,0.5839100399421441,10.545332565734746,0.38621551923114567,0.35302497363421176
2281,V4 | V23 | V26,0.4545600720348672,0.37346852969687694,0.45116161294667456,0.4475853539036595,0.38232610570355274,0.9176329236824248,0.055377799965906443,0.2450212974325748,0.006892998960268115,0.9417134974389916,0.09506413897977312,0.4508115851925632,3.3278576912816242,1.0367400785217034,0.35282322247727604
2282,V17 | V22 | V26,0.37063519558326546,0.3080605308304695,0.4610433382687269,0.5763809129146272,0.2880498202314412,0.9055679474300738,0.05838299879418857,0.36893385987829974,0.03815076577696957,0.9544522774906512,0.31308959768058575,0.5681660226925871,1.852567226900797,0.8820999598629706,0.35282116730421037
2283,V1 | V24 | V27,0.39675833261639587,0.3892015943412736,0.3860108181113263,0.4842363447562969,0.3206027905897264,0.9252392835152918,0.1323686644647408,0.3457570410125733,0.012310299616267997,0.8868547287540595,0.04910104474913237,0.4866948669204879,0.7185088561689221,2.7562907228557467,0.3522373703160296
2284,V2 | V5 | V22,0.5130169928097436,0.4132540690985673,0.25273876157317277,0.5670195950637605,0.3417267232439065,0.928427342455079,0.08471982523987881,0.2399972970614141,0.011011475831722786,0.6619692736055605,0.13984388097943032,0.6381620154981353,3.4326487196550337,1.6575746427194158,0.3521759066958308
2285,V5 | V9 | V15,0.45562426808740586,0.39015157244197074,0.4537924585518341,0.5022509930304095,0.3045620144987712,0.7798883714728244,0.033679671932480164,0.47665350434060977,0.016899830387516926,0.9199353304881782,0.1701337764913435,0.492348669349197,6.0353689725209145,0.49052011977179594,0.35212481037836946
2286,V9 | V13 | V28,0.5203725380962457,0.3774217133678966,0.6768169304441435,0.299722367418129,0.3202341540870669,0.8994776701008759,0.03331849400074141,0.12503243852160512,0.0020637480437322503,0.8731869277856937,0.07123574113056456,0.24423214934096057,3.993582009699561,0.6706376444214052,0.3520977121029745
2287,V5 | V7 | V15,0.5051065371131606,0.4280775553897613,0.19153600184772726,0.6480610505538792,0.3521029092207533,0.9364813813603505,0.03361176379615895,0.32925381207745047,0.004366292094404274,0.5667648397857111,0.16395623687576819,0.6287586491287731,12.098082155535376,0.41804424837231513,0.3519858276621989
2288,V5 | V15 | V18,0.45436552789353996,0.3573112242632015,0.5799127721474233,0.4870199063470578,0.26728981795711876,0.7074602326528703,0.03029664313551655,0.5067067510708259,0.017003901736290645,0.946622338227632,0.17753474457094784,0.45766810466777974,5.491615161268471,0.4207437830505885,0.35195074961726414
2289,V2 | V15 | V28,0.5206731141094083,0.38515330152356414,0.5558333262604901,0.38079055928667993,0.3581020026234888,0.9296274891520327,0.0435771696665211,0.06651686586856993,0.001673869124139048,0.8254254877348944,0.05845266965521056,0.4965955908462853,5.571345794516081,0.7470064721260272,0.351861385803566
2290,V9 | V25 | V28,0.5246470126436295,0.3706742508334685,0.6889318283625033,0.3042433708221468,0.32403904007138373,0.8891601154757295,0.030728127264464028,0.11903379673939267,0.0020448030254276734,0.8559416869438234,0.06554015655038466,0.31925976488976887,4.272977619173204,0.5353551215027449,0.3518007216916826
2291,V2 | V5 | V26,0.48206662428174385,0.42806790192560495,0.28204702709748414,0.5569162313801528,0.353026667329491,0.9223910116613994,0.08630029625341296,0.2271929423114786,0.011094607603919613,0.665335145430465,0.1134290995597256,0.6505121852864367,3.2253234105419275,1.677392578820257,0.3516795450141876
2292,V8 | V18 | V25,0.5043870492880488,0.3378060588462509,0.5759034520947934,0.46073825397188733,0.26288271762021964,0.8943326807242462,0.04651329049526043,0.18064324830562148,0.01552186636714568,0.8826440059044525,0.08801941918388057,0.5478189588109523,3.989676679029299,0.7278698807413175,0.3516255700649352
2293,V1 | V21 | V23,0.5616197293312015,0.4349929013193323,0.13018172237441988,0.5395209464486292,0.3688764530046856,0.9592342217301264,0.16282390539536098,0.10959905552783242,0.003711051141872633,0.6222080734476702,0.07715275497180298,0.5607496808684923,1.2424508806248757,3.6513723486784277,0.35153484962221637
2294,V15 | V16 | V23,0.47210794477046547,0.3251920799559096,0.5964092256372288,0.4264126420233321,0.3018709464974697,0.9216227167196264,0.022105375308153034,0.23925079024658466,0.006748079878067009,0.9298574136882348,0.12359874682435827,0.4165196775019964,10.960324594609057,0.30823523250856394,0.351335812527093
2295,V16 | V22 | V23,0.49394875895902907,0.32269116343256954,0.5992959226820352,0.43675359224374977,0.3003041230485788,0.9279090678988516,0.02390340366226389,0.2427407906891254,0.006697525586374954,0.7298137938985627,0.13359180997499853,0.4694676050440447,10.264534623372798,0.2993123236051156,0.3511806174020196
2296,V16 | V23 | V25,0.5116337538384607,0.33631644244575043,0.6147875454637997,0.43135009095262994,0.306539516139391,0.9134544441993147,0.022956555411794442,0.2353899652163666,0.006668863972118147,0.5986186747094042,0.1099054154120619,0.4744002100264569,10.672112723979103,0.27157628251181676,0.35112781475809324
2297,V9 | V21 | V22,0.5209978298324319,0.4245985402246368,0.43865876458813585,0.3979421984546374,0.3663939990608725,0.9269065204778644,0.025284422863534852,0.3876662618888508,0.016640278070710782,0.3819815694298918,0.16431818176074153,0.4773933658161325,10.258045687071565,0.3291165375834709,0.35111145458762305
2298,V17 | V25 | V26,0.388320190462697,0.32168580984365036,0.4818262698698153,0.572287928760537,0.29428521332225344,0.8583633033510701,0.047917514284366115,0.35592603193725875,0.037578363863175895,0.9502122656164964,0.23220300605080874,0.5352727343860996,2.4989551359871696,0.6934462467361415,0.3509052212713828
2299,V4 | V22 | V23,0.4855104405628669,0.35865469686983925,0.43104563269059515,0.46010073716009975,0.37102616161796825,0.924323028624068,0.05354125395024241,0.25914398444075387,0.006853750172577519,0.7927595616788925,0.11564977270516213,0.4348331816341247,3.6828945321683157,1.0199933569143125,0.3508361866147171
2300,V5 | V8 | V19,0.6110931146353032,0.4186630981346473,0.26815205496754,0.5506337687951601,0.29897893042385776,0.8775078753920985,0.0384437366532929,0.138967164325568,0.007200024188629948,0.9195331227906347,0.05876162462497519,0.5062434368785439,6.882156703774995,0.6222280674609314,0.3507259945191408
2301,V12 | V13 | V24,0.3470658779307177,0.3631643802247223,0.5963993169689495,0.5324737395522066,0.3216859925597709,0.6144108363222149,0.05894705112753515,0.5173707488730872,0.1684787305612942,0.8428447582415336,0.16996195986551382,0.39521095631225367,1.9088429695977043,1.0772681648741906,0.35072519483292314
2302,V2 | V5 | V15,0.49117617862117996,0.4157549856219074,0.24659985911082105,0.5590484215645377,0.3432935466927975,0.9402935344268563,0.09938827897506144,0.2365576529274746,0.011122384735747183,0.6520734486561058,0.12919292922017633,0.6370844812895585,3.112436729054793,2.0423773543936066,0.3506621043049791
2303,V2 | V6 | V22,0.4818869175527751,0.435752143057407,0.35746210591707894,0.4665758065974604,0.3644917014341106,0.8362752536981033,0.08615957245643122,0.26321564118493523,0.026175945387862515,0.831845031935313,0.08510988304253225,0.5021903046467736,2.2343495497625137,1.7493517148833424,0.35044129326609563
2304,V12 | V25 | V26,0.37238238625590975,0.33912148813951454,0.5890829725705042,0.5318324145047415,0.3271723436817767,0.6160342565426216,0.06396018866766358,0.4784190547740029,0.14209544685700487,0.9486096973074282,0.1459396647693209,0.4486043907475974,1.2657747188060609,1.0634504686413129,0.35040837211351306
2305,V2 | V15 | V21,0.534708926177642,0.45270286992791337,0.2161082817041216,0.4571805104598887,0.4066923547037897,0.9482331226695796,0.054922629566170285,0.19899403724725653,0.011105619796641993,0.8647338582765113,0.11613842452544997,0.5721871032066425,5.396192468295585,0.9776304553157404,0.3504066967477785
2306,V13 | V14 | V25,0.44881756386116334,0.3712062210649105,0.5134145832682138,0.5714464093720355,0.3654186124813613,0.47952281805489244,0.030903147006582067,0.5673523433458462,0.12868032741826815,0.8951778178055888,0.1758950648949553,0.2934770221917899,3.9252301085595436,0.5525359245645505,0.3503491003013214
2307,V2 | V6 | V24,0.42989451524696703,0.46786140543522414,0.4145963593066954,0.45829806882113683,0.374110180382006,0.8167420704813654,0.08560307667004734,0.24973137108626814,0.026619924678739134,0.7891909316334967,0.07344703667540554,0.47915426022378416,2.103668672450098,1.7441452982843155,0.35022600384633684
2308,V2 | V6 | V26,0.4509365490247751,0.4505659758844447,0.38096850929404386,0.4542218293187655,0.3757916455196951,0.8290447240278628,0.08737184368631386,0.24880457999361086,0.026558931126692473,0.8645462842374708,0.07095579287776306,0.5183459173796463,2.115359791832847,1.7545516979719922,0.3499311421870552
2309,V8 | V9 | V25,0.5056457894819146,0.3706464070250201,0.4485157388410157,0.4767701797486594,0.3001549141618721,0.9079236556203657,0.051369926853026486,0.17320820664156394,0.015433120703386437,0.9221604306684754,0.08519831055846938,0.5442004814324101,3.9448656641464974,0.8625372943412607,0.3497291431988628
2310,V9 | V22 | V28,0.5069620177641981,0.35704897182028755,0.6757727889449834,0.31118272458720114,0.3178036469805715,0.9049146999938752,0.0340059957601063,0.1224652103294919,0.002051526675124344,0.8859155054024949,0.07767197873408137,0.3043404069723057,4.010235591343552,0.6300033080616216,0.349676481829204
2311,V20 | V27 | V28,0.669873016246458,0.44676253996723936,0.6230404381035546,0.169078532458529,0.37625539581369727,0.9355684676180958,0.029979023424241465,0.08644901527296028,0.0005233120211399184,0.3042837107129272,0.0,0.5941697112962132,6.100759820637673,0.28876778459747626,0.3496750853686425
2312,V4 | V15 | V23,0.46366962637430303,0.3611556133931794,0.4268831808420671,0.45023156141260534,0.3725929850668593,0.9028321204363454,0.0642328242717365,0.2553453457102662,0.006906079292905702,0.9258225792942972,0.1074339768457828,0.421729694843714,2.769779847314239,1.2738664400445223,0.3495943320594188
2313,V15 | V17 | V22,0.3797447499227013,0.2957476145267719,0.43729275766989695,0.5784326508707188,0.27831669959474775,0.8755795656181552,0.05313820944175888,0.387264662621267,0.03840502077272307,0.9735895404255924,0.39837310516824165,0.48456279799461127,2.151606229264353,0.8554820936752133,0.34953106511604964
2314,V9 | V24 | V28,0.4549696154583903,0.3891582341981047,0.7053191756821677,0.29988906711186636,0.327422125928467,0.904301596699194,0.03528768540574597,0.11676902418420791,0.002061780850213191,0.8781987431103802,0.06717500834828649,0.2916957863725641,3.566252127260361,0.6583051004695475,0.3493284922395492
2315,V8 | V13 | V18,0.5001125747406646,0.34455352138067924,0.5603689497907822,0.45742589069071116,0.25907783163590287,0.9019748031269005,0.045413434025846765,0.1899662097726885,0.015844380724410963,0.8201381981471443,0.09612855258286433,0.48228632023093804,4.10419358437833,0.7678097208141489,0.3492130859845428
2316,V14 | V22 | V25,0.4354070435291157,0.3508334795173015,0.511926064950341,0.5781695456822109,0.3629881053748658,0.5186429930925809,0.022320551628378527,0.5488822746283097,0.11851951097949914,0.9445695241230565,0.19853625246038265,0.3437386175126183,6.058389032954725,0.3288373482833887,0.3491911443455796
2317,V13 | V18 | V28,0.5191137979023799,0.34458136518912746,0.7585774275417422,0.2768041972450386,0.2829619575454144,0.8838098994236636,0.009178183905709198,0.13030119369080295,0.0020691117772927525,0.9723989669900046,0.0735150766561531,0.14557977239692618,9.10015874146674,0.2101217691288258,0.34915025257638255
2318,V18 | V25 | V28,0.5233882724497633,0.33783390265469926,0.7687467088926928,0.2815341125334493,0.2867668435297312,0.8677575859842787,0.016003849468322374,0.1240593810558906,0.0020501203159762724,0.9376813054349155,0.06761535101571682,0.2576064686250246,6.941382421527693,0.2579134574747102,0.3489546790503753
2319,V12 | V22 | V24,0.33365535759867004,0.3427916386771132,0.5951561259310221,0.5397323868982857,0.3192554854532754,0.5982971837249972,0.06563902473675134,0.5014080026725829,0.1516031596124778,0.9797169712296134,0.19139573403293572,0.40692586302582384,1.1496279953666122,1.1272110192519575,0.34890753841187255
2320,V8 | V18 | V22,0.4867020544086172,0.3241807798330701,0.5590246524536925,0.46583782683279806,0.2566473245294074,0.9114903501726855,0.05104798232235285,0.18596310466129592,0.015635326754209696,0.8851426083318717,0.10547013160978842,0.5433968677658865,3.76175283908078,0.8467565944637506,0.3487361025691154
2321,V13 | V17 | V26,0.38404571591531284,0.3284332723780786,0.4627050696043127,0.5696337630820345,0.29048032733793666,0.8210351736003981,0.05131342448488768,0.3788858697920896,0.03922957952313107,0.9807735393386736,0.2671301315881605,0.4693112831875833,1.8213213584129941,0.7836668472254237,0.3486178007238899
2322,V4 | V23 | V25,0.5031954354422985,0.37227997588302003,0.45319150321416796,0.454942603977161,0.3772615547087805,0.9076759870107612,0.04477988983398443,0.2511466474203669,0.006824086853783295,0.5901448379074437,0.09603855782297459,0.4300577345287528,4.263494858332618,0.8086356604114917,0.3485928523309307
2323,V1 | V22 | V27,0.44875073492220385,0.3570923319634565,0.3249732239094226,0.49210287668410585,0.31098431164183094,0.92645246127079,0.13128452827357415,0.36701154798230595,0.012196076243053853,0.8327532244742587,0.05660593043423704,0.46791590140647843,0.757791114331817,2.758414516654755,0.3480708102590191
2324,V6 | V8 | V19,0.5799630393783347,0.44116117209348704,0.3697873548844184,0.44651182882636536,0.3217439086140618,0.866732926853392,0.08266554245401629,0.15114225774047743,0.013027044962524386,0.5789258099530777,0.03774500325777717,0.4896736734416969,2.097398331732932,1.6526102276216765,0.34792338120927213
2325,V15 | V17 | V25,0.39742974480213283,0.3093728935399528,0.4591477792714124,0.574356328562968,0.28455209268556,0.837237129475811,0.04414113462181825,0.3733053073913511,0.03782545302865883,0.9727548675724743,0.28152924652056976,0.4585221353680641,2.9521701577199733,0.6996588490097445,0.34781667957115003
2326,V8 | V9 | V24,0.435968392296675,0.38913039038965647,0.4757814223983669,0.4736798031547206,0.3035380000189553,0.909734429208015,0.052153199251083616,0.1698781755769145,0.015718846885546995,0.9814246597249764,0.08741945168497713,0.5385756161163728,3.8549693734961235,0.885845923256442,0.3478118177018586
2327,V1 | V25 | V28,0.45240776052300696,0.3252172819330005,0.5314518091578191,0.4600457671683356,0.28111095222424637,0.9478654009661093,0.1365691771398507,0.0804100700523032,0.0019162640168318796,0.7462911328824441,0.06895577410814303,0.5358018709709259,0.641199382048096,2.794688303239896,0.3476132165784838
2328,V8 | V9 | V22,0.48796079460248304,0.35702112801183933,0.4261387720771014,0.481711186309773,0.2939195210710599,0.9224199513790976,0.056161063603925865,0.17827792658109837,0.015545450710369235,0.9850878326479605,0.10192241646179535,0.5403704934218222,3.718591652569539,0.9877428145917488,0.3475340875900458
2329,V18 | V20 | V23,0.559250617559477,0.3780302001740632,0.5761664979541634,0.3272493595915354,0.2805276355262204,0.9447680121609048,0.031712121411272214,0.2095617701227178,0.0034271322737257437,0.662044234410865,0.04364760760233529,0.5193610184801117,6.8930699502158825,0.4251261749629222,0.3475182697540319
2330,V9 | V26 | V28,0.4760116492361983,0.37186280464732524,0.6877150160059381,0.29430266883604866,0.32910359106615594,0.902591179447859,0.03708217408291628,0.11637243044710817,0.0020603880034609843,0.8781282964811644,0.06492055727742266,0.3155636531984186,3.3674931963459014,0.6735635273232852,0.3475165999425598
2331,V1 | V21 | V24,0.39676617540600173,0.4112508337019859,0.21298775918192278,0.5232304553252891,0.33308439016163055,0.9471609647356716,0.17105773725328097,0.23417481943940263,0.014574308512969484,0.9264829081753666,0.14577254695097422,0.5666721148637779,1.1784388354886677,3.857602748565015,0.3473634968069682
2332,V12 | V24 | V26,0.30270498907067034,0.35760547150415084,0.6093433079843785,0.5290621380842652,0.3305554295388599,0.6037625952894677,0.06938442484480181,0.46534398182891745,0.16349088783194302,0.9896990551773177,0.15055195613071296,0.4435804927239328,0.9833265559529057,1.1540142947256133,0.3473122311667318
2333,V7 | V15 | V19,0.47903588728855845,0.3822731647499494,0.2680296458363619,0.5322840530188717,0.31902187740655574,0.8748986892273746,0.02563686007960775,0.5091420600324432,0.007700028535408287,0.9161212839085059,0.18462608031252795,0.5441296680690588,11.797763676835588,0.2827087250941814,0.34728918794992525
2334,V8 | V18 | V26,0.4557516858806172,0.3389946126601078,0.5743483490744278,0.45346556062144006,0.26794726861499196,0.9037588821752879,0.04976959267318167,0.17654127461883026,0.015786538400136108,0.9209414705182347,0.08714599811935682,0.5642504151513952,3.6723510054091397,0.7869112694674911,0.34718575600213747
2335,V9 | V20 | V23,0.5605093577533428,0.4108705483528324,0.44886238215828256,0.34803311200072495,0.3177998320678729,0.9492520658611242,0.03774507171832665,0.20071839165252406,0.003417924872820379,0.7672690549694813,0.04230463320919551,0.5134904874304576,5.79934274673359,0.5756631278610572,0.34712826224542237
2336,V8 | V9 | V13,0.5013713149345305,0.3773938695594484,0.4279308208019429,0.47356164532799294,0.29635002817755535,0.9135278997407745,0.05300955925747736,0.1820901461148393,0.015752403285338692,0.8421822021979481,0.09297992506309094,0.49304879190159484,3.9277287093238096,0.9578418336647808,0.34651519148645465
2337,V7 | V20 | V23,0.6099916267790975,0.44879653130062297,0.18279696053361008,0.5371604839495403,0.365340726789855,0.9573801302856305,0.034076183853553044,0.150962293193936,0.0013637752210555753,0.5517660017865267,0.04114435261787851,0.6039130796709363,8.79768849174539,0.42987732413103014,0.34648266012185874
2338,V2 | V19 | V22,0.4869463429851415,0.36744967845875537,0.3203926103281653,0.42806928654654647,0.3086456914297089,0.9243655313184508,0.08673595660576155,0.3491442512666144,0.037454114867418634,0.9460196970583487,0.15602587866244522,0.6487669927444156,3.0343257550803604,1.6798517013785417,0.3464176960137258
2339,V2 | V19 | V24,0.43495394067933346,0.3995589408365725,0.3820002081574928,0.41912987228369125,0.3182641703776043,0.903327496261832,0.08073292243037002,0.329347552004971,0.03832470395593679,0.9465540726631173,0.13054324428835293,0.6416963820490476,3.0522005222245627,1.5237880952255687,0.34623602465814035
2340,V8 | V18 | V24,0.43470965210280915,0.3562900422108873,0.5967377286911223,0.45754788422007436,0.26626580347730283,0.884989206736377,0.042896756629714455,0.1771512212017324,0.01581048193526009,0.8892670449470118,0.09033217410853749,0.5398254827637261,4.264886645908408,0.6474004423388183,0.34618146249246673
2341,V19 | V20 | V27,0.6143054309336273,0.4315598334257706,0.423263915583733,0.22396714150767774,0.32836590806880844,0.9015498553775201,0.0243050450619026,0.47398808782923624,0.005584295432877674,0.7080409607863387,0.014126404345669601,0.4258727181734836,7.280655370991496,0.3219058961302909,0.3460298561656034
2342,V1 | V26 | V27,0.41780036639420387,0.37190616479049415,0.35014830594803875,0.48036496217963975,0.3222842557274154,0.9247530718650339,0.13399404619872454,0.3443098819352834,0.012294710585064659,0.7756967458194873,0.04746388733018795,0.513646454874129,0.6695939532287775,2.7567572084934224,0.3459608308948434
2343,V8 | V20 | V21,0.6508796358743486,0.46878393551950337,0.13131942468536698,0.4316886119294449,0.36485286947608986,0.9627648568161763,0.062471891310339,0.08963440955404753,0.003547950126335124,0.8403146359530497,0.025160588004402077,0.6682120866653809,3.5666001833215475,1.0254956294577546,0.345872729658527
2344,V7 | V8 | V24,0.48545066132243,0.42705637333744706,0.22967292234554654,0.6268081567047917,0.35107889474093745,0.9351302855271242,0.061533899906745654,0.12828981635729075,0.0042178139771488305,0.6481276716045766,0.08493336435240749,0.6052421439022412,3.812906827916442,1.0740111804364818,0.34561044920740663
2345,V8 | V9 | V26,0.4570104260744834,0.371834960838877,0.44646512969204794,0.46972632404168835,0.30521946515664444,0.9129722714065078,0.054625532968405104,0.16929634581532302,0.015695144805513064,0.9745425104600207,0.08435911454849143,0.5576164264630629,3.646794256421296,0.9252142186007697,0.3452505506031234
2346,V2 | V6 | V15,0.4600461033642109,0.4382530595807471,0.3525762339062944,0.45683357981199496,0.36605852488300156,0.8212870664304813,0.08494667702086307,0.25933838540428455,0.026688124863722996,0.8422312136738588,0.07953563408661248,0.47181069791305535,2.269302677383842,1.7498551656808403,0.34515823323897044
2347,V2 | V20 | V23,0.5960612682871169,0.436473961532769,0.23885211160101896,0.4236598595266447,0.3565313642618992,0.9611663819030711,0.07868292947496229,0.11292298559888295,0.0027674779770709692,0.7285998068294405,0.033856587525621366,0.6270721597221994,3.1129436956713175,1.4859744019983814,0.34513123067145246
2348,V9 | V15 | V28,0.4851212035756345,0.3595498883436276,0.6733281353104792,0.297883937958105,0.3193704704294624,0.9007332588832828,0.034174557406843734,0.12084138906770105,0.002063332373294546,0.8823533826063886,0.07266670579970105,0.2667881354755251,4.008747216306722,0.6721076841844831,0.34511887831257926
2349,V6 | V23 | V27,0.5779625442256652,0.4179373281746239,0.43108109236549547,0.2676366396081225,0.34518403971303097,0.9135766492487053,0.07531172621686494,0.18928660338957173,0.0033170097460434125,0.8607294104872435,0.011139465096452531,0.5128475858136039,2.0533265045407836,1.4235947159416356,0.34510191335790114
2350,V7 | V8 | V25,0.5551280585076691,0.4085723899728107,0.18217977307974811,0.6290920492753924,0.34769580888385426,0.9335531856921699,0.060355442780610905,0.13076812226287346,0.004180006994123701,0.5783245417854751,0.08278897628522933,0.61347486837517,3.911044831665436,1.0376908779629914,0.34499897327612367
2351,V2 | V19 | V25,0.504631337864573,0.38107495747193626,0.348361090946259,0.4225715518532287,0.3148810845205211,0.8819503091451102,0.06422344767989392,0.33712691846384757,0.03690112190589369,0.928832746341915,0.1267803952879354,0.6013305974259562,3.517305519264206,1.13790559532294,0.34496252142835937
2352,V18 | V22 | V28,0.505703277570332,0.3242086236415184,0.7577029859801108,0.28879034682798627,0.280531450438919,0.8839743139042663,0.013238506060423875,0.12762917881771335,0.002056860425306105,0.9072263243415213,0.08019374557401154,0.22675456493674748,8.363327295089011,0.23223567797673814,0.34484615686718156
2353,V12 | V22 | V26,0.3546973913764784,0.32549620912633376,0.57268797408481,0.536265268866507,0.32093695059096455,0.5872431765175165,0.06631122340091165,0.49887306663962333,0.14989190514024656,0.9505511269833276,0.18233131251520923,0.42001930685184646,1.1006517494401862,1.1216612433592759,0.3447965451366367
2354,V2 | V13 | V19,0.5003568633171889,0.3878224200063644,0.3226450636568987,0.4189982351151367,0.31107619853620433,0.8826286759975893,0.06688774130585388,0.3583219794721468,0.038495616118257754,0.9743804624876424,0.1401229901984807,0.5817529841113542,3.5220642060543454,1.230604401923431,0.3447746556103627
2355,V14 | V25 | V26,0.4044566750011157,0.3656473123443391,0.5288665193233499,0.5682889733607827,0.37428804946045036,0.5029844217900644,0.022079292967957014,0.5074074195863816,0.12572618458398566,0.9275234042288827,0.1554903798832727,0.3785700356513408,6.110194643052118,0.28843797355388173,0.34446915008261436
2356,V13 | V14 | V24,0.379140166675924,0.3896902044295468,0.5371935429832185,0.568885660341299,0.36880169833844456,0.4465150178931379,0.03324632215890924,0.5502600426903915,0.14604603166639743,0.9048769407485876,0.18201313694935847,0.2713777221836493,3.3639226620666944,0.612623052674339,0.3443720807861051
2357,V5 | V23 | V27,0.6090926194826337,0.39543925421578424,0.3433755403653121,0.4102449521419106,0.32241906152282684,0.9371115016754279,0.019335025794733597,0.17373030927956207,0.002285096674576051,0.8631422803683307,0.021085910605447712,0.4927464093252052,19.139669397431195,0.19017536771715174,0.3442966851930084
2358,V5 | V23 | V28,0.5950646502040057,0.34993892517214725,0.5251607559007847,0.37839960341759266,0.28631030901443,0.9473755923763979,0.024005963243386125,0.03643128790120409,0.00028930577013006894,0.8333269823528016,0.03192836397749572,0.5038495452244068,12.95572370632054,0.28485515848706566,0.3442671718637768
2359,V1 | V15 | V27,0.4269099207336403,0.35959324848679647,0.3197289267419361,0.48284527493516244,0.3125511350907219,0.921810490704892,0.12880640723485637,0.360861600323541,0.012327692083503278,0.8680003588593176,0.05305135642233839,0.42930793641388787,0.8446212651963095,2.7560065535070817,0.34406856950216685
2360,V8 | V15 | V18,0.46486124022005326,0.32668169635641026,0.5558738106301855,0.45608121500856574,0.2582141479782984,0.8996534817139135,0.045074361777473995,0.18344125851237253,0.01583720984770759,0.9248670620093545,0.09818895379858804,0.4979875352832003,4.165350599249363,0.7451519921823677,0.3440204917904386
2361,V18 | V24 | V28,0.4537108752645239,0.35631788601933556,0.7825697723970022,0.2769786347906544,0.2901499293868145,0.8818204267944794,0.012750691788938801,0.12170432308184187,0.0020671397518640744,0.9072971715875306,0.06930780220324557,0.21211280587230352,7.432685051712892,0.22174554066304505,0.3437660882954445
2362,V18 | V19 | V24,0.3981432899516935,0.34111517947786674,0.6506251532708822,0.3217613293740758,0.24226044164192556,0.42577732359142817,0.029271518219107232,0.8455578621721201,0.5162878077930494,0.9154334773735582,0.17969537362656587,0.2440752212698899,3.4198396618586244,0.5340841950604813,0.34375767319317035
2363,V5 | V18 | V24,0.4242139397762958,0.3869195701176787,0.618787324768424,0.4883995402931053,0.27534147345612314,0.5648214399133673,0.0359091220898088,0.48162214738994025,0.016973628587633956,0.9325747896429674,0.15983498575460003,0.3545692879842243,3.756402013904121,0.6211875421651649,0.34347539738021926
2364,V1 | V24 | V28,0.3827303633377676,0.3437012652976367,0.5543414597203927,0.45685100590670613,0.28449403808132956,0.9373582323727184,0.1338730365063289,0.07878073164798674,0.0019322514992824742,0.7919729934429967,0.07068596777221653,0.49959667329027163,0.6998277628436106,2.7781496020296905,0.34343865847669525
2365,V3 | V13 | V23,0.4855624981803917,0.3507949461062107,0.24413812215785,0.5867245453607529,0.3196313507787465,0.9434549363879906,0.0666820263867306,0.2093047674307197,0.006437676327203182,0.8804647390688697,0.15416349759671952,0.4169325364258428,3.1024110829930533,1.3671758734555752,0.3433903743504725
2366,V5 | V6 | V23,0.5344376394588083,0.4030386832293301,0.30400875120629683,0.4547775262231307,0.2942668312739429,0.926222308796799,0.09754920469165024,0.15832281976476648,0.00362615728547349,0.8662372921708908,0.043725739638033174,0.5438769942019818,2.0627239835191564,2.001930589832323,0.34331685274451873
2367,V18 | V26 | V28,0.47475290904233225,0.33902245646855605,0.7677233806137463,0.27113146578248115,0.2918313945245035,0.8822641540115539,0.012599033276952883,0.12129200493426359,0.002065743485256969,0.9457832997944938,0.06697413148726229,0.21733055805918125,7.130601457140942,0.20797286055838335,0.34310770997295603
2368,V13 | V14 | V22,0.431132568981732,0.35758094205172963,0.4940360252269429,0.5755461917211077,0.3591832193905491,0.41939449609921314,0.033369878216269036,0.5943040317600856,0.1350634452758037,0.9145095563688176,0.22534789793223703,0.26773767429221534,3.4114755973871516,0.6221133879589504,0.34273048446761417
2369,V2 | V8 | V24,0.47152030283044916,0.41473380356959305,0.2806010323280789,0.5335943649520478,0.34226953221298156,0.9377142468059431,0.052576326552083545,0.09570948016246066,0.010534188657543873,0.9684326934050572,0.0699331061145174,0.606010894264853,5.892575229511188,0.8908771913961974,0.34264593376768765
2370,V12 | V15 | V25,0.3814919405953458,0.326808571835817,0.5712004250634852,0.5340729414218512,0.31743922304508315,0.5550102274472052,0.05317543434458515,0.5058083031697452,0.1453878266672606,0.9360795025384955,0.16883265169906644,0.36872125936595623,1.919615345240406,0.9471296598843578,0.34258890699010064
2371,V5 | V8 | V20,0.6073468883178864,0.43183605121349733,0.16772453845650623,0.5383101544584429,0.30145406146509757,0.9317432893994515,0.0418572089094943,0.10599325365124476,0.0035511415115052365,0.9050942389083034,0.027879600960444027,0.5366469047168473,6.138050950136335,0.6719830092880833,0.34254856595825595
2372,V3 | V19 | V22,0.5071816654413566,0.39917422132955,0.3557915185472409,0.6110172984826662,0.3537535909911903,0.3013466537971302,0.07445099394109735,0.556451779966343,0.11790209759178334,0.9785361154542164,0.2994747907885457,0.3329790309070956,1.1480517032598,1.4418893508036903,0.3424677588000382
2373,V3 | V19 | V24,0.4551892631355486,0.43128348370736713,0.41312063321938364,0.6048113173483463,0.3633720699390857,0.29796886018840274,0.07706329203685533,0.5167398315927956,0.12622883742487528,0.9455613547871808,0.23284291125970658,0.35164629955292404,1.067135663317681,1.4764648132996847,0.3423178519475712
2374,V3 | V23 | V24,0.4201595755425362,0.3625314669364188,0.31370876125317737,0.5868189858429939,0.32681932262014635,0.9438208257609688,0.06999977285971977,0.1949501069742057,0.006429802440855824,0.8063084610058633,0.14318788387130266,0.46760668251678406,2.8947536125702324,1.3942702004994423,0.34229568138473265
2375,V3 | V19 | V25,0.5248666603207882,0.4127995003427308,0.38175168788855013,0.60719664595717,0.3599889840820025,0.2585279522988766,0.07536959546113071,0.5321806456157185,0.11298568961568016,0.9628181476652868,0.22385746552757213,0.36507350365590224,1.0042734735692234,1.401529692119502,0.3421192075542967
2376,V8 | V9 | V15,0.4661199804139192,0.3595220445351795,0.4219316190531746,0.47225930825535173,0.29548634451995087,0.9097291610291496,0.051614098172758895,0.17587515965187564,0.01574530488991627,0.9855429605929642,0.09495430514396261,0.5017329577271822,3.9652321931503236,0.9125142315277611,0.34188380376796856
2377,V6 | V23 | V28,0.5639345749470367,0.3724369991309871,0.5860969375276278,0.2249505846479275,0.30907528720463406,0.9270616328320855,0.07681110712971229,0.0411082746869146,0.0005896359668716152,0.8880547172312857,0.019150690325334865,0.52472866515015,2.0242579750785663,1.4495848791478614,0.341820059886506
2378,V1 | V22 | V28,0.43472276564357565,0.3115920029198196,0.5128313028617215,0.46515230209965247,0.27487555913343414,0.9384770951304316,0.1327049338844165,0.0828702843755009,0.0019225959067845977,0.7761369076604506,0.08182734957133604,0.48009092737646175,0.7395420331926541,2.7791300070619096,0.341629027652269
2379,V1 | V26 | V28,0.40377239711557594,0.3264058357468573,0.5297391582910037,0.4527630223641699,0.2861755032190187,0.9377692570615545,0.13550475841469084,0.07849495415327067,0.0019309400382290795,0.8078476782126989,0.06830039344474284,0.5266085684983143,0.6512677226507813,2.7784770131269787,0.34160879832440944
2380,V1 | V21 | V26,0.41780820918380984,0.3939554041512064,0.15984008611195646,0.5196477663572525,0.33476585529931957,0.9469444815176024,0.17160908174384787,0.23332148684796772,0.014553519289529474,0.9147784763540556,0.1397224688565162,0.5783549596617897,1.1590889663359,3.856889295155592,0.3415881343387343
2381,V5 | V10 | V15,0.542380231867014,0.4927656857805664,0.46283075140208835,0.6518799800078996,0.4222625586000491,0.12736875773574066,0.033736665255206646,0.42081525214437293,0.01465899512375047,0.8183343638012419,0.15911569318362434,0.2755424351528044,2.906616092389349,0.5950484909373488,0.34157488742740244
2382,V14 | V15 | V25,0.41356622934055204,0.3533343960406416,0.5084353604427017,0.5703737826380482,0.36455492882375684,0.45225199966751645,0.03508154287109987,0.5375126948128417,0.12830775290659027,0.9505853254717964,0.18075943086364332,0.28401554164966664,3.223208978278059,0.6425570290848401,0.34137226674688953
2383,V15 | V18 | V28,0.48386246338176836,0.3267095401648585,0.7556569113192232,0.2748802542086602,0.28209827388781006,0.8855214248453871,0.010627352365603896,0.12593963217015477,0.0020686950856848778,0.9429335272778944,0.07499886258843541,0.18135728280320734,8.938300918679072,0.21237731387988312,0.3413658174967774
2384,V2 | V8 | V25,0.5411977000156886,0.3962498202049567,0.23830556442419368,0.536339958447383,0.33888644635589843,0.9314125003955545,0.05049943785183278,0.09760898702305766,0.010388534681923738,0.8655720306291919,0.06822358120575456,0.6094503829486013,5.867215262414988,0.830083575714104,0.3412638360963058
2385,V13 | V14 | V15,0.4092917547931679,0.3600818585750697,0.4904067878915263,0.5677095113702635,0.36075004283944007,0.4494070429141565,0.035932390799826554,0.5813869482344376,0.14785762921168671,0.8992262148183822,0.2037590928300115,0.2571879115634801,3.3236921205119225,0.6981646297070975,0.3411991148628363
2386,V3 | V13 | V19,0.520592185773404,0.419546962877159,0.3578780183126293,0.6047201825452475,0.35618409809768575,0.24197682338793294,0.06987519923872683,0.5753389849698634,0.12795501609939658,0.9815975907791207,0.2566615313327928,0.2962514761906586,1.2056141806180303,1.3655845908831576,0.341122366999624
2387,V7 | V8 | V26,0.5064926951002378,0.40976094378666755,0.17852129614138168,0.6238917288469895,0.3527603598786266,0.9370784219070822,0.06256453057634433,0.12785604077855148,0.004214706859686171,0.6590498814729896,0.08197847143874784,0.6212182964543267,3.7304901597823674,1.0826104984272504,0.3410236503778663
2388,V5 | V10 | V22,0.564221046055578,0.4902647692572263,0.4666825505367296,0.6585214593737718,0.42069573515115816,0.06853837079645321,0.033890867862163596,0.4285558341886698,0.014482354312801605,0.8313327742721262,0.17366572046363254,0.24648634112829176,2.587033257485267,0.6055172679213209,0.3410095406332916
2389,V1 | V19 | V23,0.4920163319501372,0.35224062637351433,0.2470526105026159,0.5060526253621782,0.2723966131794957,0.9396794176004764,0.1758175073152225,0.17891230941727396,0.006302183913402834,0.7917934558077824,0.09288545140773852,0.5531403548232788,1.0837554917334764,3.9804911848054108,0.34094253300380484
2390,V7 | V8 | V13,0.5508535839602855,0.41531985250723896,0.14485423702223219,0.6267209065119418,0.34389092289953754,0.9373493631441826,0.059679512267234225,0.13734226301079028,0.004222203996044596,0.5449607176327067,0.09029651093749909,0.5493977408614,4.0477599717811845,1.0887912615640005,0.3407026622675482
2391,V6 | V8 | V20,0.576216813060918,0.4543341251723372,0.2910220736631305,0.43132371335740927,0.32421903965530163,0.9191185889693918,0.07529504977857561,0.11535826085041226,0.005341762227131659,0.5842524941453868,0.016194480645914305,0.5184141112425706,2.4588298922926075,1.4559685010530488,0.3405799052288994
2392,V2 | V21 | V22,0.5565497403662059,0.45020195340457336,0.22266356456957592,0.46691611109073006,0.40512553125489875,0.9434674933400786,0.055641396313941896,0.20176978038653845,0.010994986524714347,0.3091254335408472,0.12528849533601222,0.6012192703025148,5.259188715825915,0.9648398010323311,0.3405483790099928
2393,V13 | V14 | V26,0.40018220045373204,0.3723947748787673,0.511633530825268,0.5656136516043361,0.3704831634761336,0.42789874123513827,0.034101547435089107,0.5473215159177015,0.14445548318171467,0.9202937386019354,0.17361645128280884,0.3001772365672994,3.2331325610811605,0.6001402638611394,0.3404564588452829
2394,V5 | V10 | V13,0.5776315663876254,0.5106375108048353,0.46832413397644584,0.6527928859153014,0.4231262422576535,0.014543264585652542,0.026861148957750308,0.44103429569850394,0.014665264700911474,0.8589226664336316,0.155098857786397,0.08951005722871651,3.1829706061503664,0.6098958373463362,0.340301797507354
2395,V6 | V19 | V20,0.5396504509098022,0.4391592624393165,0.3903840176288983,0.28716457460976047,0.3002136778199243,0.8539954748507135,0.07718581582504531,0.41671739219567294,0.010598525826225558,0.7393819397138801,0.032264390314088336,0.4543158286652726,2.04936937236047,1.5329717489894559,0.34015612494964376
2396,V21 | V23 | V27,0.6526253670390962,0.4323871385217903,0.3188092791892862,0.2681411555689419,0.38581786953381914,0.9526288916238852,0.027426418727996817,0.14736026830067522,0.002283135726214799,0.7326412391696377,0.018792497080278643,0.6353322190838379,10.314015783848848,0.230216612701865,0.3401095645652272
2397,V7 | V20 | V25,0.5148154700391371,0.4065704803186402,0.21277235129738878,0.5236083087631453,0.32616557808971686,0.9233016456277133,0.030816302579189873,0.34554835550788515,0.003701800485730806,0.7944961834017601,0.07096173620361357,0.5478153044785328,8.68004739357468,0.39555272109890943,0.3400567514622016
2398,V18 | V20 | V25,0.46407446081951625,0.3358041491920804,0.5891857763635284,0.3065684295674409,0.24135248682608218,0.8643758909338125,0.02599515875404322,0.5382846577034398,0.012321222923881355,0.8740385552035203,0.07531313317265592,0.4223288662191703,6.529165203994163,0.3596334620831179,0.33991635745945187
2399,V7 | V8 | V22,0.537443063628238,0.3949471109596299,0.14153924259428718,0.6327511815870848,0.34146041579304204,0.940622180449073,0.06322963285818978,0.13452697494964783,0.004194962183261097,0.643011307549594,0.09890616008424932,0.6007227250354319,3.8002734327156915,1.1243746799343286,0.339836563176499
2400,V17 | V24 | V25,0.36727815668488867,0.33898123939442987,0.5090424594658925,0.5755171168207,0.29260374818456436,0.6970170750440653,0.042611378524565036,0.35744438307305537,0.0376949116219051,0.9568096603726673,0.24560279301672508,0.4102116471798768,2.5208211002687744,0.675120022145581,0.3396600087986421
2401,V9 | V20 | V25,0.4653332010133823,0.36864449737084964,0.465941989075147,0.32820260352376995,0.2786246833677346,0.8858363599591311,0.03260994660484138,0.5052742651159355,0.012261429448702161,0.9360674530884842,0.07296971243731581,0.4369725689773921,5.675253031621393,0.508963179941771,0.339365911655882
2402,V15 | V17 | V26,0.34879438139470154,0.3105614473538096,0.4571439784269132,0.5685572754048266,0.2896166436803323,0.810735911093784,0.0506374149280569,0.3627369601036171,0.03919204445490641,0.9648966941108792,0.27669906617427154,0.47667443153291994,1.905596601115786,0.7680902618432652,0.3393576405546061
2403,V3 | V23 | V26,0.4412016093203443,0.3452360373856393,0.27147665401565546,0.5836614848302853,0.32850078775783537,0.9421116455337862,0.06845011960125787,0.1942685591432934,0.006424231723001831,0.8723815192240915,0.13729094797929814,0.47975413852079646,2.881453040293015,1.338848382277656,0.3392677700640911
2404,V13 | V15 | V17,0.3931552702547492,0.31612035607438094,0.43904209021220203,0.5717130396475391,0.2807472067012432,0.7385649021462785,0.04518299699411484,0.3979624190132249,0.03949762029546342,0.9591866962681841,0.3305576689450955,0.39552957983132836,2.5957985432429846,0.766077286263068,0.3392333716869113
2405,V21 | V23 | V28,0.6385973977604678,0.38688680947815335,0.5087379053743384,0.22549957369552126,0.3497091170254223,0.9583043033067381,0.028046078325126452,0.02800350062869202,0.00028867915672732395,0.681475102611763,0.02893909694222511,0.6328156002153826,9.182645704336316,0.23986517153906442,0.3391410951968565
2406,V7 | V20 | V24,0.44513807285389745,0.4250544636832765,0.2573613931864765,0.5207924230625034,0.32954866394680005,0.9244176889874283,0.03144460508215114,0.33749101799906606,0.003734223610526248,0.825632830614634,0.07274920058406661,0.5276248969804606,8.04329759888557,0.4256580205066549,0.3389698430857778
2407,V13 | V18 | V19,0.4635462125895489,0.32937865864765864,0.6184083029641076,0.32160169636508107,0.2350724698005256,0.2533799048521785,0.00815732102679726,0.9845995517820791,0.5455813737222425,0.9883639827769118,0.1952687388975788,0.18316080581134087,14.306036153709185,0.17828718936925964,0.33884452210273597
2408,V5 | V19 | V20,0.5707805261667708,0.4166611884804768,0.2936854336165166,0.4250383349353149,0.2774486996297203,0.8900406353913014,0.02738824384600327,0.3730962072910998,0.006206854616939696,0.7526236187338701,0.05059777066920647,0.4609210342242727,8.934059438803244,0.39130559513896457,0.33884244772655425
2409,V2 | V19 | V26,0.4559959744571415,0.38226351128579306,0.34581204534719995,0.4147234697507238,0.3199456355152934,0.8749999678462088,0.06755790028686544,0.32799747297949017,0.03820446280340164,0.962221485101292,0.12536801298591121,0.6207801690418828,3.3682570435374632,1.202124738275899,0.3386603926885792
2410,V14 | V22 | V24,0.3657296463438763,0.3693174628819378,0.5357799009689859,0.5756427456873634,0.36637119123194906,0.427429303215771,0.02034926766341189,0.5326674457437971,0.1331451150120614,0.9674251631678219,0.20593745399213004,0.3172617822708604,5.996227906525004,0.3001261326340659,0.33799434403945566
2411,V19 | V20 | V21,0.6143132737232333,0.4536090727864829,0.26624150688324744,0.28764996377436475,0.34084750764071253,0.9418484927513849,0.03273913676005629,0.30531973890592806,0.0062001143055833655,0.7096898463372392,0.04620370214073188,0.5227692930168997,6.483807072615253,0.44288599194950806,0.33784987765136665
2412,V6 | V21 | V23,0.5779703870152711,0.43998656753533627,0.277189960559458,0.32633872444169937,0.35766563928493506,0.9364277170710253,0.09149318970986801,0.13442155682096388,0.0036228836429803507,0.7247995001731503,0.03987889226987511,0.5728376076952377,1.8075918715225712,1.7776225496818476,0.33783614082844005
2413,V13 | V18 | V20,0.4597999862721323,0.3425516117265086,0.5740993272164858,0.30206828523582413,0.23754760084176543,0.8580801431791959,0.022562788852976842,0.5822630790736664,0.012537623828479534,0.8237353710116176,0.08200310447888631,0.31630280707635827,6.689835429963403,0.3745337404118448,0.33776256336785054
2414,V2 | V8 | V13,0.5369232254683046,0.402997282739385,0.20541095528136968,0.5334894268389331,0.3350815603715817,0.933469281562918,0.04758912846927699,0.10262632165289573,0.010551207509991037,0.8541997310263614,0.07418385358311119,0.5537317180407179,6.4008339515652315,0.8166831681567138,0.3373905903415982
2415,V1 | V15 | V28,0.41288195145501205,0.3140929194431596,0.5093474653060583,0.4553823085006235,0.2764423825823251,0.9370805967542012,0.1303611365061124,0.08170732010890455,0.0019337123358050977,0.7736291187651249,0.07650782989212979,0.4412514559524981,0.8255040779499516,2.780919241331014,0.33728215627781566
2416,V2 | V8 | V26,0.49256233660825716,0.39743837401881354,0.2350675406621362,0.5300847029501107,0.34395099735067075,0.9331148072671253,0.049866624366447905,0.0953765541189464,0.010522156647199202,0.964781131852818,0.06757595498939377,0.6132095748189446,5.995612333777527,0.811684921063907,0.3371986981233525
2417,V2 | V8 | V22,0.5235127051362571,0.38262454119177586,0.20250494114479783,0.5407335945654249,0.33265105326508615,0.942249955060186,0.05438991490959064,0.10048151628224015,0.010445955787953619,0.9356902807928259,0.08093454854751987,0.6036009682405957,5.860785664093324,0.9422299949290635,0.3371518336631398
2418,V7 | V13 | V20,0.5105409954917529,0.41331794285306833,0.1779339034270015,0.5206847905579534,0.3223606921054,0.9229330116612033,0.028621015469617768,0.36752486372688453,0.0037379866686540176,0.7733349828143975,0.07719859688250404,0.4611918548753345,8.734775146767495,0.4226995170155139,0.3363781947529563
2419,V9 | V13 | V20,0.46105872646599844,0.37539195990527785,0.44613655663395047,0.32389197344012394,0.2748197973834179,0.8781700809010358,0.03178149585661317,0.5449152966774632,0.012476051696515108,0.8682918481833628,0.07941359058887856,0.3546234582691254,5.5045177710099145,0.5647157600770961,0.3363203122158606
2420,V14 | V15 | V22,0.3958812344611205,0.33970911702746065,0.48884204215302873,0.5744822464820944,0.35831953573294456,0.4185265017196669,0.03669097059731408,0.5621808471857352,0.13465373062103667,0.9807717673071441,0.23256162539048877,0.26434779568323363,3.019472354259281,0.6942524821586352,0.3360904744226289
2421,V9 | V20 | V22,0.44764820613395107,0.35501921835766886,0.4444139629246123,0.33482252637008625,0.27238929027692244,0.8922082644325382,0.03401297500895358,0.5275928141786242,0.01233709519143561,0.962100286492394,0.08674156212746206,0.4164506763834349,5.3155574996832895,0.5593362367614135,0.33608363047601303
2422,V18 | V19 | V25,0.4678206871369331,0.32263119611323043,0.6321338437529963,0.3259318357871365,0.23887735578484237,0.3579373300890661,0.009484010498217342,0.8809541302711373,0.352057871431101,0.9939497747856625,0.17369529220633434,0.2567346929784898,13.227945170817831,0.13605760646320234,0.33604221817343555
2423,V1 | V15 | V21,0.4269177635232457,0.38164248784750876,0.11308389594501238,0.521942883572003,0.3250327346626261,0.9455989277928255,0.168692246950903,0.2430105587402912,0.0145975108720794,0.901943413934628,0.16113849535425714,0.5380396716021826,1.2446131064266617,3.835054701452089,0.3358509375477405
2424,V8 | V23 | V28,0.6055603625305187,0.3193093972653559,0.49800263713730997,0.33974607653488204,0.2772346390356098,0.9524745268326225,0.05130875507874682,0.0,0.00026707669459984914,0.8092051221927626,0.01797774808582269,0.6225559635949554,3.6726930261656605,0.770728921715741,0.33545934237732294
2425,V18 | V20 | V22,0.44638946594008466,0.3221788701788996,0.5727944956430473,0.3134761258727953,0.23511709373526993,0.8679772250712579,0.025612558386862137,0.5630105661426628,0.012397512750184964,0.839642589055364,0.08962616576004535,0.38956255081502045,6.250561000534499,0.3768292999044261,0.3353471893834469
2426,V3 | V22 | V23,0.4721519778483438,0.3304222045586016,0.24146671901762726,0.5932486249708697,0.317200843672251,0.945461795263379,0.07015859345251926,0.20481344833229176,0.006388873704776188,0.6839517447934422,0.17255741507797004,0.470489181138119,2.9728529985843246,1.4007799957915608,0.3353306588664698
2427,V3 | V23 | V25,0.48983697272777554,0.34404748357178244,0.27446980774196655,0.5892906166207174,0.3234362367630632,0.9335979245510164,0.0619590249448716,0.19885499739182919,0.006362140732313591,0.5050072571890879,0.1388980495956614,0.45961194412430234,3.1947469680324208,1.2006529521619131,0.3351653824352618
2428,V9 | V20 | V24,0.39565580382814297,0.38712848073548595,0.4922254402558657,0.32405088426626993,0.28200776922481785,0.8798845387999243,0.03365848727019009,0.4910414733855486,0.012453559811290647,0.9566651995387575,0.07481545244156475,0.40866948265785485,5.123308325645149,0.5524482932225516,0.33513779196587157
2429,V1 | V21 | V25,0.4664435725912411,0.3927668503373496,0.16364908791822994,0.526032817455238,0.32970130430454736,0.8665195136689235,0.12806379965858622,0.23907206006834347,0.014323464944677464,0.8810373704209224,0.14137083707537226,0.4844830996520763,0.7109311594565859,2.6381552039205065,0.33510797022664257
2430,V5 | V10 | V26,0.5332706775275782,0.505078602084264,0.48533328405695764,0.6501064388132589,0.43199567923674265,0.021461208705795525,0.03376204438279903,0.4000976861146722,0.014614683339793245,0.8284460934283651,0.13808061336761124,0.21531658717289012,2.2687582999374043,0.6060180913061943,0.334772956393083
2431,V2 | V15 | V19,0.4651055287965777,0.3699505949820955,0.315095694857312,0.4175470955285164,0.3102125148785999,0.8758852147966776,0.06443957197528245,0.34342226817178856,0.03845939531384065,0.9259407932622467,0.1435805938882087,0.5828804033151942,3.7221267432160827,1.1718703106469108,0.3344276693776461
2432,V7 | V8 | V15,0.5156022494396741,0.39744802748297,0.1337132787838012,0.6257595877023614,0.34302723924193307,0.9352856407467599,0.05994199844185032,0.13274761471662241,0.0042212762168631944,0.6225675505323488,0.09219904630202762,0.5641372549820405,4.014220531149513,1.0799075804608245,0.33435775520572336
2433,V7 | V20 | V22,0.49713047515970554,0.39294520130545935,0.17484899847050628,0.5281136178131973,0.3199301849989046,0.9292454136376934,0.03123391220829222,0.3580044259876638,0.0037146293307342843,0.8222883805903036,0.0842790250916556,0.5251170180028599,8.507216918517651,0.4277977623279425,0.3342524113705003
2434,V14 | V15 | V24,0.34388883215531246,0.37181837940527784,0.5324656900566351,0.5678075751495988,0.36793801468084,0.4009053665274325,0.038713685428726545,0.5218267825912064,0.14556829898569695,0.9517595195720407,0.18714260535494937,0.2641011597258718,2.6827701837353657,0.7270895527842863,0.3338818925943013
2435,V7 | V20 | V26,0.46618010663170556,0.40775903413249703,0.20934942559819245,0.517192334653686,0.33123012908448907,0.92274480521138,0.032116217251895667,0.33609318148534423,0.0037315600092645376,0.8176116037846523,0.0702848758404484,0.546966669407334,7.854409592502673,0.4223308884104093,0.33378178043775275
2436,V14 | V22 | V26,0.3867716801216844,0.3520220333311583,0.510139246883628,0.5724143633892126,0.36805265636963813,0.4060456143576551,0.023644937416993726,0.5298776791221629,0.13181793496869343,0.9611151850852667,0.19578964604163776,0.3242019292196336,4.835982217842844,0.35493045961193986,0.3335884615485438
2437,V3 | V15 | V23,0.45031116365978013,0.3329231210819417,0.235174973371283,0.5856839151666493,0.318767667121142,0.9427829094622654,0.0649186573745129,0.20198742955870383,0.006436011973808973,0.8183242526962633,0.15814415448784655,0.435107613101856,3.1977478348625685,1.3062956556847238,0.3335564584060403
2438,V14 | V24 | V26,0.3347792778158763,0.3841312957089754,0.5518816149036306,0.5657121231573113,0.3776711353175335,0.40190470032575537,0.02281591388406634,0.49308061044787205,0.14226795797396255,0.9787282579454422,0.16055914752738557,0.3400190259031537,4.576826455823103,0.30847071629636813,0.3335140497374169
2439,V3 | V15 | V19,0.48534085125279275,0.40167513785289005,0.35088783173893434,0.6037160168250901,0.3553204144400812,0.2746865915787953,0.07163526723052414,0.5448310478158929,0.12758655049796472,0.9038568624212708,0.26560828745473275,0.2907968314323893,1.1905807274334634,1.4160786798069245,0.3334690036600293
2440,V15 | V18 | V19,0.4282948780689377,0.31150683362338966,0.6144467194131255,0.31984134939739234,0.2342087861429211,0.3176295606915005,0.010463807208233035,0.9105995112848911,0.5391213675855837,0.9453131475398069,0.20099726596001874,0.23893449500583747,15.228806265553615,0.18932792028891265,0.33273721549130847
2441,V17 | V24 | V26,0.3186427932774574,0.34016979320828666,0.5072444187889633,0.5697314539629468,0.2976682991793367,0.6908490313745939,0.04676480317127574,0.34751955697768755,0.03905247636813639,0.950176830811368,0.2417453489657914,0.40710875045652256,2.0204942048811287,0.7448029679495767,0.33273123345400957
2442,V14 | V15 | V26,0.3649308659331208,0.35452294985449834,0.5066349480320572,0.5645285513591439,0.3696194798185291,0.41285181826395456,0.038741232408125624,0.5191267667477529,0.14398792345722766,0.9720303988976884,0.1783839175668848,0.2922811571196491,2.7113489596137033,0.7017540891015684,0.33255083393043433
2443,V18 | V20 | V24,0.3943970636342769,0.35428813255671676,0.609441696235323,0.302234212503146,0.24473557268316537,0.8464506994789831,0.025233784353925877,0.5225631045021762,0.012514944316508401,0.8419951116398515,0.07722808359355264,0.3917544473114925,6.2049778160650275,0.3634025472850269,0.33240193711888233
2444,V4 | V13 | V15,0.36421899508695865,0.3256770249456247,0.4240239682829517,0.4306003552601464,0.3296129503824043,0.32043810562685304,0.037222045740716456,0.814493930989729,0.6694914184446226,0.9279915355126874,0.24820185525470514,0.292928967428476,3.3933358452161744,0.7013715654074817,0.33224993767690886
2445,V6 | V13 | V27,0.47851191293832057,0.3824587397270694,0.4282478522851117,0.23921027663925587,0.3022040050285759,0.8524025243501149,0.06946852255185512,0.4995341616030376,0.011821200388360016,0.9370387258773838,0.026255946874219768,0.3664718007337669,2.1592111183049107,1.4210923700014364,0.3319702561575652
2446,V2 | V20 | V25,0.500885111547156,0.39424791055078623,0.26549568973852344,0.4066343609820517,0.3173562155617609,0.9306106304752689,0.06788816532194242,0.24691560635442114,0.008677287255581584,0.8619848066407131,0.05869147851758601,0.5851643743930156,3.4220114090638076,1.249558560767512,0.3318865138343109
2447,V2 | V8 | V15,0.501671890947693,0.385125457715116,0.1956547589455452,0.5323329797373713,0.3342178767139772,0.9325453284607579,0.04796568492273362,0.09912299050341412,0.010547608925022099,0.9535397609002809,0.07568332149973203,0.5655654705963943,6.313861414671182,0.8135442603503024,0.33186454665864523
2448,V5 | V6 | V25,0.4392614827188479,0.36081263224734733,0.32723051572548717,0.43878569664192274,0.25509168257380466,0.8582932146345491,0.10249100642202942,0.3667407718707283,0.013690694404555726,0.9766451808722082,0.07545011160357426,0.5467712202768349,1.701438792575772,2.090565003983102,0.33182431206120866
2449,V3 | V19 | V26,0.4762312969133569,0.4139880541565876,0.37938103354534003,0.6017646616927044,0.36505353507677474,0.2201835879555554,0.06969935818071779,0.5140814272750336,0.12503313392739998,0.9655144339920153,0.22053634996419513,0.33293377601784613,1.0645993458263145,1.2931247066870504,0.331515213757994
2450,V9 | V20 | V26,0.4166978376059511,0.3698330511847065,0.463967537911411,0.31872684410386576,0.28368923436250687,0.8772834213442134,0.03593529986503849,0.4885883626756792,0.012437663846770822,0.9308396135754069,0.07227100585550512,0.4370797155795231,4.816073068786702,0.5776989060975132,0.3314774726072456
2451,V5 | V6 | V13,0.43498700817146374,0.36756009478177554,0.30027366048783405,0.43532566957684204,0.2512867965894879,0.8692266113501209,0.10700492274377314,0.39074933684492147,0.013949874125991722,0.9792686497269217,0.08215461757495893,0.509294747907607,1.6493713860472397,2.2442557315157945,0.3314576433337412
2452,V5 | V25 | V27,0.5139164627426732,0.35321320323380134,0.36474165188217705,0.3927531173964751,0.2832439128226887,0.8621819106237288,0.027958862536810316,0.4136539015156913,0.006641775963278646,0.90487458694286,0.038519290722373395,0.3982725846010498,7.278707912564065,0.44943669463907265,0.33142215857223317
2453,V12 | V15 | V22,0.3638069457159145,0.31318329282263624,0.5541454856151147,0.5384862585283303,0.3112038299542709,0.4660652868937723,0.0501752336793416,0.5281647832601727,0.1535539135846504,0.9346155931933582,0.2149905211643525,0.339233978956673,1.8897868962392186,0.8910037411589864,0.33135826247973843
2454,V5 | V13 | V27,0.509641988195289,0.3599606657682296,0.3399470171123455,0.3889616477914343,0.27943902683837185,0.8677967163624166,0.021839401606117758,0.4424969818184348,0.006722286744171345,0.9750632007092102,0.04189664685214124,0.32346726633766737,9.933571984580327,0.3861596382249638,0.3312287652155501
2455,V18 | V20 | V26,0.4154390974120852,0.3369927030059373,0.5876748693243287,0.2966738383382515,0.24641703782085442,0.8521943218119231,0.026493037903272135,0.5198570388449275,0.012498915921642796,0.8547261005126802,0.07458849452677131,0.4132833060578967,5.866321544824999,0.36947818000737365,0.33092553269351704
2456,V2 | V20 | V24,0.4312077143619169,0.41273189391542253,0.3054727706015831,0.40308195014398274,0.3207393014188441,0.9282395818190745,0.06759036468280323,0.24181192374420138,0.008786149052731625,0.9261789868103508,0.06014340419334155,0.5696301132423164,3.4110804034361726,1.2563853640476526,0.33077562224789364
2457,V6 | V25 | V27,0.4827863874857045,0.3757112771926412,0.4488189432018274,0.24430388608141623,0.3060088910128927,0.8467127769301538,0.0706603588801985,0.4648773292164982,0.011625047250494014,0.8576440197735381,0.023875689164560492,0.45061792226961594,1.9868457079676223,1.3512851925666147,0.33073789325358566
2458,V17 | V22 | V24,0.3495931618054573,0.32535596038124903,0.4894754557223542,0.5795841180934955,0.2863683550937522,0.6324559605058545,0.04220792366246557,0.3705339674923041,0.038270687902290206,0.9388252139390053,0.335425148708337,0.33692597932561646,2.2954187032113675,0.7179412791525625,0.3304594609850298
2459,V13 | V17 | V24,0.3630036821375048,0.3457287019288581,0.49103805871009953,0.5728799123677211,0.28879886220024753,0.5906459325832218,0.039726690237463,0.38054997972317406,0.03935599266441578,0.9434196998511246,0.2840953712580004,0.2824710683623155,2.5542178289743016,0.726611728923484,0.3298038577941013
2460,V8 | V23 | V27,0.6195883318091472,0.3648097263089928,0.3025099631231011,0.37404035423744253,0.31334339154400653,0.9459198993114544,0.04978976085276447,0.07255664113582518,0.002215974715581894,0.7426018390790488,0.010207375800908565,0.6228985264946112,3.908490092094433,0.7391112862842922,0.3297825873065104
2461,V6 | V21 | V25,0.4827942302753104,0.3977605165533534,0.30176495232170536,0.30561969360306057,0.31849049058479684,0.8993940670291242,0.09811874687786222,0.30054043311049156,0.013666908605542014,0.9359078018523009,0.0687891198037708,0.5630140330089178,1.5169951265009307,1.9275823562164132,0.32937710908561213
2462,V21 | V25 | V27,0.5574492102991353,0.39016108753980755,0.34131563399405834,0.24483224576332357,0.34664272083368086,0.929987400514603,0.020754581205705672,0.335446722311039,0.006634329581974198,0.8750739587220007,0.03506372688722554,0.535795677875649,13.856581078938076,0.16830450421322313,0.3293555599511551
2463,V5 | V21 | V23,0.6091004622722396,0.4174884935764965,0.14957141402998897,0.4551258716898773,0.33490066109473104,0.9574953868627104,0.027600897237973737,0.12360348763749462,0.0024869802246770666,0.6713928408323718,0.06200084317999288,0.5697393995188065,13.24845480995898,0.31878561490712165,0.32926752835310397
2464,V15 | V18 | V20,0.424548651751521,0.3246797867022397,0.5697365944153513,0.3002383912504699,0.23668391718416099,0.8570809892712421,0.023178267195232485,0.5511700359671025,0.012532827540756995,0.8261965189741036,0.08369211613383368,0.34165334531518937,6.764227277070059,0.3672670878165464,0.32909796482127285
2465,V5 | V24 | V27,0.44423906555743364,0.3716971865984377,0.3972479488867529,0.3891013505698583,0.2866269986797718,0.8652299740505365,0.027059991826409727,0.4031727148772091,0.006713892126547428,0.9447790858189499,0.039496128355458196,0.3894818787307777,7.645300480039568,0.43875862060259824,0.32903612725146675
2466,V9 | V15 | V20,0.42580739194538697,0.3575201348810089,0.4403708902265496,0.32213960540450026,0.27395611372581335,0.8793981000234526,0.0335859489485398,0.5169151357715539,0.012471295112072945,0.9093848906786545,0.08103856660004993,0.37784834086366487,5.326411245747952,0.5865278852424624,0.32896380024828836
2467,V18 | V19 | V26,0.4191853237295018,0.32381974992708723,0.6307574141527804,0.31641296896131504,0.24394190677961464,0.2951880784319109,0.01394336582198341,0.8395491387678883,0.49735786862272924,0.966426876935195,0.1714598427349934,0.1913493130882225,6.368763009030424,0.25801573866745653,0.32857519405822366
2468,V2 | V13 | V20,0.4966106369997723,0.4009953730852144,0.23454792973616065,0.4029460622464803,0.3135513295774441,0.9288353134400347,0.06553611257304913,0.26065864630124086,0.008798847008208476,0.8628151306032885,0.06373997657301105,0.5184966930508388,3.669453589132673,1.26386372662678,0.3285496445881155
2469,V19 | V20 | V28,0.6002774616549991,0.38605950438213377,0.5805237500274152,0.17724198984355524,0.29225715556041154,0.9180051425805292,0.026713386800844525,0.10079248859598465,0.001092409599104187,0.5457733453984518,0.022937328453365265,0.4382636660553916,6.3728610610534115,0.3605318311435193,0.3280051463322577
2470,V13 | V21 | V27,0.5531747357517516,0.3969085500742357,0.3151925495781262,0.239743989441124,0.34283783484936414,0.9285751424176913,0.012940954982134968,0.3564876411703736,0.006714705804384849,0.93796069119527,0.03818955998032545,0.37099808421060737,19.039389142292585,0.13674984548418154,0.327529036433901
2471,V5 | V6 | V22,0.4215764878394163,0.3471873532341665,0.2979090296521243,0.44411063819164004,0.24885628948299243,0.8732552540967795,0.10890507310584842,0.3803366608907042,0.013781983455796292,0.9560945438720944,0.08979513497954972,0.5495657502994235,1.636488393463405,2.2541235985547976,0.3274272669327177
2472,V21 | V24 | V27,0.4877718131138959,0.4086450709044438,0.37545361126823235,0.23993170669950517,0.35002580669076405,0.9356196281874104,0.018098630265846825,0.3277222407877477,0.006706325272988853,0.9256557969444822,0.035968689752230276,0.48781673816092336,15.365870135450772,0.1498309069049956,0.32739015042826075
2473,V6 | V13 | V21,0.4785197557279265,0.4045079790877817,0.27323039906781,0.30111104946557815,0.3146856046004801,0.9044853456304638,0.09918305999607889,0.3185114662572148,0.013925311885243066,0.9312293894139336,0.0748059798819613,0.48159271565003536,1.562287120495417,2.0451433659245666,0.3273181867658978
2474,V7 | V15 | V20,0.47528966097114167,0.3954461178287994,0.1675723628682527,0.5194986124499533,0.32149700844779555,0.9228724826790705,0.02958170266864057,0.35207212610085503,0.003737191421593618,0.748674099814315,0.0787697923543784,0.4810068005576398,8.69367533362004,0.42873097124329523,0.3272989694438387
2475,V18 | V19 | V22,0.4501356922575015,0.3090059171000496,0.6172230886586082,0.33258139571984485,0.23264196269403012,0.2527250601094156,0.013057625615857766,0.9383607833180414,0.4030100309708869,0.9435170777658812,0.22210718939042298,0.19620642193583998,8.335279688688788,0.2575145192665873,0.32707815361969517
2476,V2 | V20 | V26,0.4522497481397249,0.3954364643646431,0.262443561914531,0.3985326358115368,0.3224207665565332,0.9344212556181345,0.07241276587546785,0.24092290657577967,0.008777169070010277,0.903583988559717,0.05814061358576043,0.598112231914198,3.2599604711965937,1.3517896388910777,0.32688812723063826
2477,V15 | V17 | V24,0.32775234761689326,0.3278568769045891,0.4858100289406541,0.571810329181579,0.28793517854264317,0.6471213434913611,0.04207735355226106,0.3642978509031155,0.03931822887366753,0.9226887731510306,0.29471839025424246,0.310848515524347,2.4063780981806873,0.750331314436769,0.32654905367779113
2478,V16 | V24 | V25,0.3467801999132606,0.31257437482840394,0.6454779704786652,0.41108948078991525,0.270747453296336,0.4428022982763766,0.032265520940441494,0.6236886798220317,0.2218487286639055,0.9664129584435073,0.2331090774507185,0.3033922418325954,2.9024908838000227,0.5266813650126388,0.32624238511106984
2479,V5 | V22 | V27,0.4962314678632416,0.33958792422062056,0.33777765009329874,0.3985833105172093,0.2770085197318764,0.8684370765629169,0.024043633085498794,0.42995569600543193,0.006670264538489857,0.9247333810714554,0.045627766422936505,0.37925416317385774,9.689892086977988,0.38858996453166256,0.3261910697725946
2480,V12 | V15 | V24,0.31181454341010645,0.3452925552004533,0.592243332833591,0.531314961623414,0.3208223089021664,0.42453509425691593,0.04232679260525359,0.49155200244921043,0.1678459034340049,0.9271382007920699,0.17457609352345946,0.27253815950516685,2.3871293783209877,0.7937973712855779,0.3261856336741433
2481,V6 | V22 | V27,0.4651013926062729,0.36208599817946036,0.4264570367209667,0.2521109907323846,0.2997734979220805,0.85224578510301,0.07137080614321609,0.4844229863591075,0.011694230464007561,0.8490832642726079,0.028854010691088956,0.42647250111328533,2.054694430755222,1.402303000459848,0.3261216172177019
2482,V2 | V20 | V22,0.48320011666772467,0.3806226315376054,0.23182026069159936,0.41230736996670514,0.31112082247094863,0.9320326060376548,0.06809754624605557,0.2547366094369897,0.008720243985940054,0.8952084882287719,0.06941206447344601,0.5670837450741536,3.495659105059857,1.277071954380275,0.326103039401594
2483,V6 | V24 | V27,0.41310899030046483,0.39419526055727744,0.47606723579510396,0.23939819234699128,0.30939197686997594,0.8483282914218138,0.07628108317174223,0.4523678033200479,0.011800655858658384,0.7999252926852866,0.024566950035537855,0.4595383340838137,1.8412530226675747,1.4789773461335565,0.3258595516603288
2484,V1 | V21 | V22,0.4487585777118098,0.3791415713241687,0.1212645074660627,0.5305166447909552,0.323465911213735,0.9410855468223117,0.16206905557674905,0.24657147716176755,0.014422141527452985,0.36267500746063497,0.17597549170424442,0.5547200970725185,1.2885769849018371,3.645739079506443,0.3256913660946624
2485,V4 | V13 | V25,0.40374480415495384,0.3368013874354655,0.4504912051253948,0.4354972285345629,0.33428152002432543,0.3052688170034732,0.026314766233323638,0.7899865607057284,0.4036151365687003,0.9316016329467784,0.21060601100116502,0.30423196219571497,5.4687642483453445,0.4647018246387531,0.3256470252168408
2486,V5 | V6 | V26,0.3906261193114166,0.3620011860612042,0.3245616856708626,0.43118745636074896,0.2601562335685769,0.8619186196479072,0.10811671814148643,0.3564411667780542,0.013903461524862246,0.9542902443733571,0.07472394263334368,0.567393894247694,1.5415970478803025,2.200567081203527,0.3252544719154899
2487,V5 | V25 | V28,0.49988849346404524,0.30771287419016446,0.5396779435143934,0.35974798619231474,0.24713516031429184,0.8929297729899034,0.03260873038686597,0.09119057037408561,0.0012746347946729396,0.9253581851816228,0.05554039151531344,0.4314286943195165,6.407246413442554,0.5292779031095992,0.3252179465071473
2488,V12 | V15 | V26,0.3328565771879145,0.32799712564967387,0.5696293645447046,0.5277893675267378,0.3225037740398555,0.4258184335102529,0.050528639981232325,0.4890948933230113,0.16575684629470547,0.9245532139539869,0.16669116687726704,0.3485736272372193,1.742962778782184,0.8728093681810987,0.324761228365098
2489,V5 | V13 | V28,0.49561401891666107,0.31446033672459267,0.5228513823341502,0.35569942452075554,0.24333027432997503,0.904801216328141,0.028244088947771032,0.09593133278021126,0.001287455578058633,0.9602024428633165,0.06030482899844957,0.36015681603531485,7.674693956594211,0.5008694803620158,0.3246575647167382
2490,V5 | V6 | V24,0.3695840855336082,0.3792966156119837,0.36238725324901283,0.43545311949084,0.25847476843088785,0.8415191032881012,0.10159823495920099,0.35796271473261315,0.013922677530679632,0.866531906577417,0.07736914752232632,0.5169877009730257,1.6333462265216996,2.0863527203910732,0.3244229454260355
2491,V6 | V21 | V24,0.41311683309007075,0.41624449991798973,0.33883829664260895,0.30127729148310023,0.3218735764418801,0.8972692728148457,0.10285511532404486,0.2939129173884435,0.013898197349282609,0.836471866903902,0.07051459798606187,0.558920717478038,1.4392734767051887,2.0485915696995676,0.3244067723436014
2492,V5 | V21 | V25,0.5139243055322789,0.3752624425945135,0.1817084908488902,0.4391452451805876,0.29572551239459277,0.9352178460516939,0.027402436096763325,0.27291013331917313,0.007442111842018206,0.9273188397997573,0.10956372630360807,0.5598353387343441,13.71014061224454,0.3254630213252616,0.3230684031442955
2493,V8 | V19 | V20,0.5812762384932844,0.38603166057368543,0.24793600672651117,0.3899160920367523,0.2683730296509,0.9301741338210722,0.04675082644680291,0.14674280596888187,0.005972195687096577,0.7774951290378073,0.030638647178848278,0.5352887556734159,4.548592658646464,0.7670863643697394,0.3229175935666514
2494,V6 | V21 | V26,0.43415886686787886,0.3989490703672102,0.29894423744698806,0.29570631310708206,0.32355504157956916,0.9022036825187094,0.10308938309981618,0.29276100729192034,0.013879039240603607,0.9229949334004248,0.06813550816371373,0.5710396697620694,1.3874373297257465,2.0339805533222326,0.3227449744469604
2495,V21 | V25 | V28,0.5434212410205073,0.3446607584961705,0.5237725791469818,0.2000845866080852,0.310533968325284,0.9382772560552611,0.022295273596938805,0.07672355608499733,0.0012734420138156663,0.8742067184184179,0.0507312458016997,0.5254425283606537,10.513927768588026,0.20126594745553814,0.3226959060037647
2496,V5 | V26 | V27,0.465281099335242,0.35440175704765825,0.3622817421910653,0.3844237444651941,0.2883084638174609,0.8678632690955222,0.025002970658819238,0.40135944263335943,0.006707953292353338,0.8333095443901426,0.03814749795421425,0.3993659960301788,8.685634996848679,0.38502377757470174,0.3225388755052858
2497,V4 | V15 | V25,0.3684934696343426,0.31892956241119663,0.4447800290006499,0.43409279627068714,0.33341783636672095,0.37739686026185043,0.035855785445509644,0.7388999689278244,0.4000583139443274,0.9008572613724987,0.21706995201242346,0.30789024922592045,3.465038869974991,0.6526881630622237,0.3224913300443975
2498,V9 | V19 | V24,0.3994020301455596,0.373955527656636,0.5446644579108791,0.3427675100483569,0.2795326381835781,0.2531732034659801,0.02903551427163974,0.7770396631640061,0.4504021545234594,0.9549877898780892,0.17215794841872464,0.13600637299869484,2.9424139553420043,0.6082974325651164,0.32231819000987616
2499,V6 | V26 | V27,0.43415102407827294,0.376899831006498,0.4467696839914399,0.23309648811696138,0.31107344200766496,0.8508663345027375,0.0740251079425683,0.45020815086667026,0.01178613450172266,0.7869948080685482,0.023611983475306318,0.4596730545644713,1.8510957519643563,1.4183399797468101,0.3222103626230706
2500,V6 | V15 | V27,0.4432605784177092,0.3645869147028004,0.4222527976364537,0.23713734423224656,0.30134032137097144,0.8503166815620535,0.07150845805163931,0.4750826532619515,0.011816855861663185,0.880421297755362,0.026841815271211347,0.39926347439375176,2.1069829611417425,1.4387871730162636,0.3219959020685246
2501,V5 | V24 | V28,0.4302110962788056,0.3261968575548008,0.5621728620598193,0.35584863688823404,0.250518246171375,0.9025105813520923,0.03248217289856365,0.08939429036449485,0.0012861252258315288,0.9237817990036735,0.05691184250166213,0.42748026079002915,6.826132720105635,0.5369899520038276,0.32177134417425246
2502,V5 | V15 | V27,0.4743906536746778,0.3420888407439606,0.33267766804510557,0.3874214466374875,0.2785753431807674,0.8673815163587487,0.022159728934555575,0.422176837781775,0.006720512279474014,0.935789407866209,0.042733916363757694,0.3452340025046771,10.130616967625317,0.3747753748087674,0.32172090552485855
2503,V9 | V19 | V26,0.4204440639233677,0.35666009810585647,0.5195263194919361,0.33763815946722153,0.2812141033212671,0.2587349655980865,0.04598544588659193,0.7718395706401757,0.43590943846255104,0.9674246146035472,0.16443607268094987,0.23187049649147337,1.6168474190892634,0.8476524478926246,0.32165929195950166
2504,V5 | V21 | V24,0.44424690834703956,0.39374642595915,0.22924775364906919,0.43581504763522144,0.2991085982516759,0.9357940620316686,0.026772339893954396,0.26709224441441054,0.007527768605144013,0.9255061308156999,0.11263831892916466,0.5535785288383112,14.394708321665725,0.3175049457128911,0.3213394030629242
2505,V5 | V22 | V28,0.48220349858461337,0.2940875951769837,0.5213930430863476,0.3659695150752731,0.2408997672234796,0.9067778845022285,0.030140019148059184,0.09390544999449438,0.0012791871956756235,0.9420015127534339,0.06564359666433921,0.4208426753291366,7.5729136352948565,0.49068279298577533,0.32115469462210466
2506,V16 | V22 | V25,0.3987726022190686,0.28046511245058675,0.6116871859344042,0.4201710748803211,0.26112897434844057,0.37596022891744446,0.026609467201528635,0.6780612983764907,0.19768913804162896,0.9307874304378754,0.29987900273803514,0.29932616005107776,3.7756349078842586,0.4228626793536044,0.3210370752012651
2507,V13 | V21 | V28,0.5391467664731231,0.35140822103059877,0.5063446449089587,0.1945223018741538,0.30672908234096735,0.9435385425986355,0.016297834891744068,0.08087024278783593,0.0012862542401224234,0.9017490948070306,0.05507865831865911,0.3641291953734887,11.932961501014795,0.20803426730044447,0.32091960570038536
2508,V5 | V6 | V15,0.39973567365085244,0.34968826975750655,0.29234603830140815,0.4339207594742422,0.2504231129318834,0.8612736229659262,0.10609545262003847,0.3738576253324972,0.013944121901292371,0.9259495997586635,0.08384741476620895,0.5209534961253981,1.6999620196335687,2.2147886594851083,0.3209186420730493
2509,V21 | V26 | V27,0.508813846891704,0.39134964135366435,0.33872726068730175,0.23363669782158103,0.3517072718284532,0.9356587688505364,0.01952251282417441,0.326381594348072,0.006700396396295773,0.8129509842162582,0.03471910318695035,0.5256782530447752,14.601752957414178,0.14793057443309696,0.3207631335675374
2510,V2 | V15 | V20,0.46135930247916107,0.38312354806094545,0.22539467469351945,0.4014479876642587,0.3126876459198397,0.9277515986026057,0.06587150119058591,0.25102217106383806,0.008796162445878391,0.8598874445774837,0.06500405736842217,0.5306195583627069,3.626370261803513,1.2589218770498702,0.3201935793608489
2511,V1 | V20 | V23,0.48827010563272066,0.3654135794523644,0.1413459771989307,0.492576371812251,0.27487174422073546,0.9559849790047408,0.16330129448139785,0.136348908065567,0.0031974890206967967,0.5449086996201579,0.04451028839909292,0.5641964834397306,1.1879863770099468,3.6498850985124878,0.32013935960792006
2512,V4 | V13 | V26,0.3551094407475226,0.33798994124932236,0.44844937524010237,0.4278489729160938,0.33934607101909775,0.2196719558792506,0.031896076344153146,0.7555423382834132,0.6063664864283846,0.9276795724733282,0.20759227801997188,0.17860088227481175,3.5004394828994427,0.6754117414177786,0.3199794648914691
2513,V5 | V26 | V28,0.4512531300566137,0.30890142800402137,0.5379956081630486,0.350851092242067,0.2521997113090641,0.9068530072900033,0.031356470638872064,0.08907937305114945,0.0012851831578608256,0.9393449252791406,0.05501980083502402,0.4430941471208988,6.9259526617374965,0.49218897150267854,0.3198695687463502
2514,V13 | V16 | V24,0.34250572536587665,0.3193218373628322,0.632149362601531,0.4074336932781697,0.26694256731201915,0.3136877275275224,0.030447515536916374,0.6800099846150341,0.2863408799455786,0.9762324916449366,0.2682711843102324,0.20187798008010194,3.0460952632577327,0.5875543900086417,0.31979479909372416
2515,V15 | V21 | V27,0.5179234012311403,0.37903672504996666,0.3075192399225391,0.237673251066985,0.34197415119175967,0.9340554101098619,0.014691017722690916,0.34169699234555084,0.006712934318342749,0.9320593065345738,0.03896316227759495,0.4066611200236836,18.191445205546266,0.14675920746448548,0.3196915807738055
2516,V19 | V23 | V27,0.5830219696580315,0.3496348635759723,0.3996686905310895,0.20943355185541682,0.2893380297086292,0.9221953043442267,0.017817840373680238,0.24403421004787842,0.003650516557296003,0.8833927277145898,0.02340024483026192,0.43159513958423273,12.188221776474837,0.18364835059144186,0.31965012925875896
2517,V6 | V13 | V28,0.46448394365969237,0.3369584106834325,0.5840738736580882,0.19393856444650762,0.26609525252017907,0.8807022147203966,0.07417825306654027,0.10451486295957677,0.0018901353836204009,0.9793185727910615,0.038764451579433576,0.38933597320683205,2.0300103036944233,1.513577179365295,0.31923285844267857
2518,V5 | V13 | V21,0.509649830984895,0.3820099051289419,0.14434322794555599,0.43568768903792476,0.29192062641027605,0.9387882774995316,0.02300237574981098,0.28862927474722616,0.007537747436450786,0.9134343350238943,0.12041128410508432,0.4993925077891653,16.43888912680063,0.2761687020710076,0.31913493545379407
2519,V16 | V22 | V24,0.329095205033829,0.29894909581522305,0.6309989645544956,0.41671294108526064,0.26451206020552376,0.3854331812397443,0.030038848862003774,0.6552385131327764,0.24121290701348566,0.9304205195703183,0.31458125610137805,0.2717301282357502,3.1129524164304674,0.510539690386958,0.31913104187158836
2520,V6 | V25 | V28,0.46875841820707626,0.33021094814900426,0.598842827000479,0.1995072468047508,0.2699001385044959,0.8687930954931097,0.07366224923191785,0.09941812469698447,0.0018726630508366523,0.9352682227718723,0.03560022819050259,0.46986040092013615,1.9190358248467454,1.4063892195215537,0.3188927425567163
2521,V21 | V24 | V28,0.47374384383526763,0.36314474186080686,0.5470368110386742,0.194727600034318,0.3139170541823673,0.9397126456676003,0.0200470589862593,0.07514945138190623,0.0012849247772447343,0.8833076715868605,0.05198435273612737,0.4659857299076319,10.21062600873516,0.19686761202313036,0.318482826065371
2522,V4 | V22 | V25,0.3903342838229062,0.3164286458878565,0.4487848207542213,0.4442792391475329,0.33185101291783003,0.3191497842795753,0.02450846515659485,0.7582039343982717,0.3196981387627763,0.9265597976311768,0.2410486201728544,0.3192672633765568,6.799447940497885,0.42662558838608144,0.31833406447301427
2523,V6 | V15 | V21,0.4432684212073152,0.3866361540635127,0.2648199107367698,0.29927767744317296,0.3138219209428756,0.9006304095663001,0.10015180551164143,0.3058912554199252,0.013919577027965346,0.9112827476279806,0.07632011076132025,0.5071702662466526,1.5685426969447025,2.0470187088878022,0.3182980603974285
2524,V8 | V21 | V23,0.6195961745987532,0.3868589656697051,0.0858463985087706,0.42210291487131174,0.3258249911159107,0.9671648234037445,0.06879250839836054,0.04866588551062074,0.0024116946213030093,0.6687833507249866,0.037957081856191774,0.689572516067886,3.1886444228412056,1.1572916359715277,0.3179557326848896
2525,V1 | V19 | V25,0.3968401752101768,0.31001457539153165,0.27323995166218706,0.4916270200255628,0.23322146447935752,0.7358656019442836,0.11473170145846767,0.4302638905815873,0.09668704152726725,0.9349497219867768,0.17843527142867907,0.3851965356555778,0.8736996818755699,2.423483355641601,0.31750281446832246
2526,V6 | V19 | V23,0.5083669896342067,0.35723429258951817,0.3649974202786023,0.2743623589933377,0.2611857994597452,0.8787614934708784,0.09096239307344695,0.22105657588438524,0.0061228513736028365,0.8708026921802012,0.047679955296340136,0.5099231524210439,1.7042999241075965,1.8124114257579942,0.3172387085136934
2527,V13 | V16 | V25,0.41218312255111605,0.3008378539981959,0.6128866859660137,0.4109557307933063,0.26355948145493596,0.25925957003035216,0.023149461839370677,0.7043091473028329,0.22715149380787075,0.9897559186142604,0.2569737409114542,0.22073570069721174,4.071727893772329,0.41902104809503743,0.31716409558188485
2528,V16 | V24 | V26,0.2981448365058293,0.31376292864226074,0.6441408309608629,0.403059480400261,0.2758120042911083,0.4017274206620613,0.03480506237277105,0.6003661857058981,0.2723745157313432,0.9406016933960946,0.22956462300583796,0.3020881915687263,2.4905779199294327,0.5672218376453735,0.3170875020406331
2529,V9 | V13 | V19,0.4648049527834151,0.36221900682642777,0.5037529743062609,0.3426143816898966,0.272344666342178,0.08316852922232844,0.0337057950308121,0.8961366209071643,0.4725661732701866,0.9578046845542822,0.18671216167933066,0.13373845675744148,2.4875530199422875,0.7052499571219826,0.31705148920163656
2530,V5 | V8 | V23,0.5760634270422906,0.34991108136369903,0.12586265744562034,0.5305629287199258,0.2624261831049185,0.9405207449096563,0.04703797631064211,0.059445401595429034,0.0024137670158508257,0.8039647416042925,0.04164514598340779,0.5715303545569025,5.423213953054608,0.7632410287319952,0.3169608356769535
2531,V21 | V26 | V28,0.49478587761307596,0.3458493123100274,0.5220311345080986,0.18783910624114952,0.3155985193200563,0.9433259146235939,0.022129387722752903,0.07487331935174915,0.0012839833388537092,0.8976355265629106,0.05025521745628507,0.5131878501487515,9.645896598669049,0.20190084331082248,0.31662551852978404
2532,V6 | V8 | V23,0.5449333517853222,0.37240915532253877,0.25932208607701507,0.42173102153521086,0.28519116129512256,0.9237448653602253,0.08231188729849645,0.06548950956705989,0.003511254893624075,0.5284366522805793,0.026079637192150642,0.549339399314808,2.2412306264813937,1.597596211089828,0.31660643893982454
2533,V16 | V25 | V26,0.3678222336910686,0.29527894527762444,0.6253824563625817,0.4066120487430257,0.27242891843402506,0.3678024406076033,0.03512520145811582,0.6200877311956482,0.21823725665779975,0.9126193895918573,0.22078016627786837,0.33122880792370996,2.3186136908720036,0.5319942728735242,0.3162926254654172
2534,V5 | V15 | V28,0.4603626843960498,0.29658851170032374,0.5179734863032387,0.3540541951764887,0.24246659067237056,0.9068154390103748,0.02849879355175,0.09262171428813046,0.0012871744907147825,0.9153026162678026,0.061495922744688916,0.3884040660774249,8.037718351880395,0.4842207411239422,0.31622148522253923
2535,V5 | V21 | V26,0.4652889421248474,0.37645099640837054,0.17804626071379215,0.43155245336149484,0.30079006338936504,0.9383598451736641,0.025734659313948242,0.2660799031603484,0.007520710019615665,0.9134901405001536,0.10840653585808432,0.5705964329897654,15.071771560666999,0.2748352538268629,0.3157580497352824
2536,V4 | V15 | V22,0.350808474754911,0.3053042833980157,0.4222166530046709,0.4394671866355912,0.3271824432759088,0.2740834904855538,0.03469411355735929,0.781034263964579,0.4670536855503497,0.9551035463683801,0.28856463426401974,0.2819916014664373,3.43284873900114,0.6451800958579768,0.3153643993075062
2537,V5 | V19 | V23,0.5394970648911752,0.3347362186306785,0.26217425544561124,0.4153243462007404,0.23842082126954114,0.9323133647814291,0.02344763664333777,0.20238501674831177,0.003998562891877959,0.8387307157609879,0.07414321689251695,0.531314142936317,19.64642492013698,0.26533682939298914,0.3150862215912112
2538,V6 | V22 | V28,0.45107342332764444,0.3165856691358235,0.5827969827654779,0.20803242195351748,0.2636647454136837,0.8798776110995452,0.07648227931403197,0.10233590387787088,0.0018788647288904407,0.9234920007141576,0.042251681268106,0.4531919687827276,1.9340541622105398,1.5019599749227015,0.31497152730473743
2539,V4 | V24 | V26,0.28970651810966686,0.34972646207953045,0.4943189182735129,0.4279783234777407,0.3465340428604977,0.23491673046663622,0.03386828870758581,0.6653016578905365,0.5704256190901703,0.9398272116023446,0.19049450305212925,0.13073637477072045,2.8993032699163885,0.7429753693753831,0.31446229650281754
2540,V4 | V13 | V24,0.33406740696971454,0.35528537080010186,0.47764377470340563,0.43214280795322896,0.3376646058814087,0.07432872477646256,0.03873218627974105,0.7605565697027455,0.6346911869155435,0.9735072604688894,0.21874263513540268,0.21532081047726043,2.4251558895274017,0.7559532514039747,0.31434370216038937
2541,V8 | V25 | V28,0.5103842057905583,0.2770833462833732,0.5133853456522718,0.31958084259920544,0.2380594903354715,0.9286335270272302,0.04634461648810556,0.031728155987209156,0.0012324543091127406,0.8243843508613476,0.03384776767361658,0.5562219526099464,3.7933883533430572,0.7066454929966941,0.31402763082163854
2542,V6 | V26 | V28,0.4201230547996449,0.3313995019628611,0.5973632611830354,0.18724758805358924,0.27496468949926817,0.8778492190066682,0.07865912948505745,0.0971509140337148,0.0018870369743596471,0.9501707937171178,0.03525145362334375,0.48643843886498356,1.7630213205258858,1.5071692281022002,0.3136315918000958
2543,V19 | V23 | V28,0.5689940003794033,0.3041345345323354,0.5638674793013094,0.1612770770865041,0.2532292772002324,0.9360411949151247,0.02006683892049381,0.056049327258345986,0.0006755854778383293,0.847327151848579,0.03497166656880682,0.43535701290179274,9.841466682636131,0.22500009958780512,0.31358801600772024
2544,V4 | V13 | V22,0.3860598092755226,0.32317610842228467,0.4282121742153029,0.44085677277788315,0.32804612693351326,0.12933080829476862,0.03228814772823702,0.837328079359309,0.4719007049068892,0.9749932146705406,0.2783075990065593,0.2711893691578174,3.466333234794218,0.5918525325937428,0.31322904347949165
2545,V4 | V15 | V26,0.3198581062269113,0.3201181162250534,0.44271271425526076,0.42642307923968126,0.3384823873614932,0.26269568246648206,0.0336729660454578,0.7080941645456178,0.5984039753719158,0.8932643535285942,0.2139081231132697,0.20985059468372846,3.2822907765002096,0.6814538210509018,0.3132056358570875
2546,V6 | V24 | V28,0.3990810210218369,0.34869493151364056,0.618688136539396,0.19414409999228913,0.27328322436157904,0.8751796431747348,0.08012568552025526,0.0974890049564675,0.0018883213894679246,0.8360686106295814,0.03651616821211138,0.4807026157968675,1.7881454996641892,1.556287573099816,0.3131416609175908
2547,V15 | V21 | V28,0.5038954319525117,0.3335363960063298,0.5012881249119712,0.19225715076592592,0.3058653986833628,0.9394543423951071,0.0167487319377789,0.0779765371219504,0.0012859733407147825,0.8902216763938214,0.05616291459775752,0.3866802370676133,12.184863165290942,0.19929587375200958,0.31275717333022496
2548,V4 | V22 | V26,0.34169892041547495,0.3176171997017133,0.4467354096669957,0.4367638179207657,0.33691556391260236,0.2769225312478137,0.032376792016491504,0.7260462880091408,0.43534268235996043,0.9140674773235904,0.23730678024720028,0.1485117087316264,2.9680996176947905,0.6888427817965271,0.312614015068022
2549,V4 | V15 | V24,0.2988160724491029,0.3374135457758329,0.4722608686775578,0.430729003120712,0.3368009222238042,0.18033227164335397,0.037937173011882444,0.71258663591195,0.6259756635254318,0.9342379600518557,0.225615199179729,0.25059466808327424,2.7962461230577365,0.7274692690830722,0.31246242524266027
2550,V4 | V25 | V26,0.35938391529490626,0.33124247871489415,0.46815787489634625,0.4313604266257973,0.3431509570034146,0.28807244615619176,0.0313849464751113,0.6887184633620894,0.3765270275800432,0.8564158533066725,0.18393513951735185,0.19624599949032562,3.260008090810898,0.631242605467379,0.3124565751343778
2551,V13 | V18 | V23,0.42851652499653664,0.26062664187671036,0.5572052160367327,0.2896429733489326,0.19851972248158628,0.928913748580148,0.017098569203263355,0.28328939130738595,0.006909107684607316,0.9040194313801568,0.12466702434708435,0.3655276723564642,11.394739196406677,0.22518424738135678,0.3118927086291431
2552,V9 | V19 | V25,0.46907942733079894,0.3554715442919997,0.5212772246409336,0.3467687756862746,0.27614955232649485,0.1318514120372642,0.026974195379582344,0.8075821738704728,0.32000484233025434,0.9808628972762519,0.1665338312123176,0.11760371507214652,3.2341311754911657,0.5877834318943136,0.31182676279871885
2553,V15 | V16 | V25,0.37693178803050476,0.2829660289739268,0.6088772065774983,0.4094812627260547,0.2626957977973315,0.2914877287499753,0.030949638778251142,0.6620369395443187,0.22601061420789664,0.9720654963534646,0.26593874133023016,0.26008517309955437,3.0891116136986714,0.5456839717060697,0.3114561650610628
2554,V8 | V24 | V28,0.44070680860531897,0.29556732964800947,0.537165773887145,0.3153573368451682,0.2414425761925547,0.9335787428963387,0.04576064029818894,0.030751899714859848,0.0012436751451325547,0.8707287997258423,0.034728098646370914,0.526599954345913,3.7655562930973874,0.7190730028999006,0.31145111259788444
2555,V7 | V23 | V24,0.413854611578302,0.34312949383347824,0.22317159984402385,0.5127695707553076,0.2905207855866209,0.9518779134594975,0.02544922525718573,0.18632503177110502,0.0025319253725390044,0.7572470721677094,0.1090361540791946,0.5886745527164154,14.993391191949476,0.24864345854058628,0.3109647685193931
2556,V8 | V13 | V28,0.5061097312431744,0.28383080881780137,0.49555289710834993,0.31519566637819096,0.23425460435115467,0.932519692898799,0.040765228652040124,0.0342851352881854,0.001244974229052082,0.8034320203951192,0.036887487705158005,0.4309159292743175,4.357619435805077,0.7012844089300133,0.31095330429550266
2557,V13 | V19 | V27,0.4835713383706873,0.31415627512841765,0.3966352098905938,0.177422569549948,0.24635799502417424,0.8069352371346635,0.008935232744786897,0.7501312183171271,0.014134135102917124,0.9814644578396807,0.04570152568244086,0.17144718552948032,11.082736217401159,0.1938534698233374,0.31075461401092347
2558,V1 | V19 | V24,0.32716277802493715,0.32849855875616796,0.31257928420565984,0.48862649909069505,0.23660455033644073,0.6874405084371599,0.11158167312465168,0.4191442384674349,0.1062944895191784,0.9324994189826104,0.18469106170518806,0.3542615402632147,0.92287466297777,2.3818904180062477,0.3107082266223088
2559,V5 | V15 | V21,0.47439849646428367,0.36413808010467286,0.13318977504875965,0.43428378706812865,0.2910569427526716,0.9376217475955407,0.023391148901849224,0.2775990809850431,0.00753563795897779,0.9108313285169617,0.12319769396603641,0.5140363764167136,16.716274457622898,0.2730584957598192,0.3105621220447872
2560,V7 | V13 | V23,0.47925753421615747,0.33139297300327003,0.13702986235086848,0.5126602145470327,0.2833328137452209,0.9521051761711583,0.023074528925783648,0.19992222793046602,0.0025343390371730303,0.834259512470127,0.11646944328276583,0.524185682497613,15.769049131733123,0.2510588818282341,0.3104394587873183
2561,V19 | V21 | V23,0.5830298124476375,0.37168410293668447,0.232727620120495,0.27486020381365434,0.30181962928053346,0.9506588061363411,0.027674767161274413,0.17113145015671802,0.0039948654080930405,0.7253951554403051,0.06761253616793123,0.5429034004742191,9.184834458204818,0.3196403552163705,0.31040022416814833
2562,V6 | V15 | V28,0.42923260913908073,0.31908658565916354,0.5798048648164528,0.1916707877274904,0.2652315688625746,0.8786170042964807,0.07606050162669951,0.10095590752388169,0.0018897520898081106,0.9170751109165267,0.03954776101905794,0.4221208260257791,2.0151558535241687,1.5306598853671989,0.31020346327789095
2563,V21 | V22 | V27,0.539764215419704,0.37653580852662666,0.31290333234522993,0.2526312495265239,0.34040732774286864,0.9293499621282125,0.017719066581547267,0.3473774857057499,0.006662770681569993,0.35549903005470124,0.04163295382414752,0.4836544828063727,17.1957200667688,0.14975406470381555,0.31001159351886914
2564,V8 | V25 | V27,0.5244121750691866,0.3225836753270101,0.3258053989177607,0.35522399350148914,0.27416824284386826,0.9169420314375244,0.043847883902450445,0.15876227160053194,0.006382889889541032,0.7074821714933415,0.022547951445245063,0.5564959500502917,4.14232487767964,0.652223419125529,0.3100094510653007
2565,V1 | V20 | V24,0.32341655170752054,0.3416715118350179,0.22233652929519418,0.47467052630746687,0.2390796813776805,0.9165590378982669,0.1508733043268553,0.29882626242614796,0.011071701775327366,0.7950443289202941,0.07878992192321506,0.5071688734110508,1.1824460469575417,3.3657545403814644,0.3099558341421976
2566,V8 | V26 | V28,0.461748842383127,0.27827190009722996,0.5116041801400723,0.30994035681260834,0.24312404133024376,0.9342948098760941,0.04720760338307441,0.030580322844910798,0.0012427552124415367,0.9058240686571658,0.03351246012147858,0.5546806937904147,3.5983076518248733,0.7229452399876795,0.30989781171446146
2567,V8 | V22 | V28,0.492699210911127,0.26345806727019233,0.4940055335970015,0.3263139946619276,0.23182409724465927,0.9315239018205654,0.04365459744021529,0.03319590886484919,0.0012369000005598375,0.8827556768963712,0.040232660178040815,0.503965917194014,4.020752103008129,0.6947568541269469,0.30983707265342836
2568,V19 | V25 | V27,0.4878458129180709,0.3074088125939895,0.41863072082454256,0.18317532733813094,0.250162881008491,0.8020932283167514,0.019422021283318457,0.6840873189832469,0.013869094129739232,0.910152416472695,0.04205626376340445,0.28326954514673636,6.110659884337892,0.3110515295796098,0.30977635090155214
2569,V2 | V13 | V23,0.4653271757241763,0.31907040323541613,0.19855604456637369,0.39279330745346647,0.27452345121726507,0.956341083297757,0.09947618151382581,0.14887876222259153,0.005316064277900995,0.8999196763336684,0.09443269944325676,0.5899171508070806,2.498654645719911,2.04929015537859,0.30949434494955186
2570,V25 | V27 | V28,0.5434133982309013,0.3226115191354584,0.6200406285005707,0.12338529518004224,0.2980523687533799,0.9068428961507263,0.02161374937689486,0.10914599815499415,0.0011596427599578278,0.5011239025246587,0.016191663549274576,0.4167689480826984,6.195786507663418,0.2391758933136691,0.30943536458612586
2571,V8 | V24 | V27,0.45473477788394695,0.3410676586916464,0.36106682890071207,0.35128941987064577,0.27755132870095156,0.9210650599692859,0.042394774209942684,0.15573610562727785,0.006450877207050114,0.7953075054118757,0.02321577557935188,0.5247371604514681,4.295298483890129,0.6498466587671413,0.3094279206295299
2572,V13 | V16 | V22,0.3944981276716844,0.28721257498501496,0.5973300268058558,0.4165806723365312,0.25732408836412374,0.17397488559269875,0.024881078952469823,0.7430976901862363,0.24748425074949867,0.9617278957557325,0.3548537637354207,0.20433707436326934,3.7631245004756715,0.47001751448617013,0.309060143121576
2573,V13 | V27 | V28,0.5391389236835177,0.32935898166988653,0.6059450064267868,0.11690485038858649,0.29424748276906304,0.9092308547945754,0.009205817702262628,0.11468062557932318,0.00117165176665416,0.6127393974554843,0.018120201511292462,0.22427520072875426,12.618375389783616,0.1577604775559894,0.30893873058373156
2574,V13 | V15 | V16,0.37265731348312087,0.289713491508355,0.5944309667077909,0.40581377255405165,0.25889091181301477,0.20472704062888605,0.027041468255012892,0.7244347408689217,0.29327920783072314,0.9817068187721467,0.3102178292258732,0.2256682627003816,3.5038312476792974,0.4957020729613271,0.3088402089685757
2575,V6 | V21 | V22,0.46510923539587884,0.38413523754017254,0.27072265999473133,0.3125402903167458,0.31225509749398467,0.8958160924952535,0.0973270483744357,0.3107451390287222,0.013757925596631613,0.37592344205629263,0.08162404163100968,0.5357061562951279,1.5894704701913454,1.944351192056711,0.30877806133779684
2576,V2 | V23 | V24,0.3999242530863209,0.3308069240656242,0.27478335236074114,0.39293195444797757,0.28171142305866503,0.952766005096134,0.09725094153510748,0.1390553388414219,0.005310080338138968,0.8339732444380767,0.08876396511462581,0.6348942756680075,2.3629490202610697,1.9319022648785031,0.30858958225352834
2577,V7 | V13 | V24,0.3144039802909571,0.30765090538592355,0.21871792472314436,0.49546450304865675,0.24754075090216585,0.9202456567333287,0.026097076065618157,0.48827416445404265,0.007729245704843089,0.9774364807017808,0.2538615739526586,0.6089580629714313,17.41677603643002,0.2543109907164438,0.3085030849867075
2578,V8 | V21 | V24,0.4547426206735528,0.3631168980523586,0.17623400658758467,0.40146015113633887,0.2900329282728557,0.9625638452336726,0.07496367683171509,0.11086631590657282,0.007215964849140856,0.8939655015905221,0.06715824315781434,0.657186660945832,2.8417441480946053,1.3369471142424827,0.30844812639064434
2579,V7 | V13 | V25,0.3840813774761965,0.28916692202128724,0.17002143338119258,0.49842478878917656,0.24415766504508266,0.9130673618446017,0.022251258193043,0.5023798715143794,0.007640058754370066,0.9508357797086779,0.2435353024242134,0.5615659316151773,17.842372413160447,0.1977178576282529,0.30840985553120903
2580,V1 | V19 | V22,0.3791551803307452,0.2963892963783507,0.24014555104797802,0.4964254667631266,0.2269860713885453,0.6927470258728154,0.11108987989882747,0.44758435117318457,0.10028992475432401,0.9448177808383965,0.22910675431375238,0.3458568768245278,0.9619858413911211,2.3872079032290547,0.3084044699084078
2581,V9 | V15 | V19,0.4295536182628035,0.3443471818021589,0.4986678177752246,0.3409258954500805,0.2714809826845736,0.09788750787024882,0.03769339084411694,0.8330442392301063,0.46770561013710543,0.9533857438499828,0.19205012465955043,0.19975706341586263,2.0163851963204245,0.7035330891361359,0.3083610423379354
2582,V9 | V13 | V23,0.42977526519040243,0.29346699005547955,0.4237105498114739,0.3119984019160788,0.23579191902323876,0.9269359740380924,0.02770085055487556,0.27032035762006595,0.006885341120569534,0.901592836991094,0.12022632438017543,0.3967030599042571,8.210804504319643,0.4561713202615631,0.3081074387970856
2583,V13 | V16 | V26,0.36354775914368476,0.3020264078120527,0.6114515400943523,0.4029235864558116,0.2686240324497082,0.2198955146109448,0.025628392756441656,0.6758555879323453,0.2803799475627328,0.9663901570370065,0.25282007937182643,0.20467150350577484,3.290452144882895,0.4669982291633283,0.3080728667232267
2584,V8 | V21 | V25,0.5244200178587924,0.34463291468772234,0.12255786214815755,0.4050239480863194,0.2866498424157725,0.9591061069059443,0.0738907876518206,0.11302544315532168,0.007135632031520504,0.8478573755321357,0.06552384023309128,0.6740592523289275,2.89676677962112,1.2943984601383256,0.30776454350755567
2585,V20 | V23 | V27,0.5792757433406147,0.3628078166548223,0.32625758975843566,0.18492250541834804,0.29181316074986907,0.9501680360771072,0.03263621878675816,0.18364495688008164,0.0019782423994080135,0.7146492145661959,0.007471222435745376,0.6393977901603316,6.973408315362203,0.3316468727847557,0.307651520058189
2586,V7 | V23 | V26,0.43489664535610983,0.32583406428269873,0.1712518128310109,0.5091116249263925,0.29220225072431,0.9517114353441658,0.02626542443552117,0.1856786759513954,0.0025302165490472205,0.8336082350399296,0.10498300169921732,0.6088801298383035,14.791207281145974,0.2499664430145707,0.3076108492428152
2587,V16 | V22 | V26,0.35013723881163733,0.2816536662644436,0.6102482988549883,0.41228530696800025,0.26619352534321283,0.2886378373974878,0.031192697712614507,0.6513323838523517,0.23695643326811364,0.8988514090264849,0.2945104759814494,0.27723620073441013,2.648430949335657,0.5056438815813932,0.3073626521771426
2588,V7 | V24 | V25,0.318678454838341,0.30090344285149545,0.25070915833776986,0.49853727100454814,0.2513456368864827,0.898564783457583,0.024891290541988333,0.4548050106883132,0.007629871508445132,0.9546384571221413,0.22161527794300118,0.6084231146527235,16.972658633901503,0.220516989530016,0.3073127788673597
2589,V19 | V22 | V27,0.4701608180386393,0.2937835335808086,0.3947171468450559,0.19197827613789537,0.2439274879176788,0.8212365812138128,0.015280603716942287,0.7209868849300674,0.013962436720174698,0.9188079096173023,0.04974044683120147,0.2561581198207112,7.946750035334467,0.253725887156319,0.3069079161104937
2590,V1 | V19 | V26,0.3482048118027455,0.3112031292053884,0.27023878394438455,0.4847887521736501,0.23828601547412984,0.6860473886801937,0.11293912050670818,0.4172218169561242,0.10543967555527552,0.9608813751069859,0.17610630529754112,0.3752548176727083,0.8775290772322726,2.3854731951955177,0.3068987681105261
2591,V7 | V13 | V22,0.36639638259676516,0.27554164300810646,0.1282452639275074,0.5031593794093395,0.23792227195427043,0.9435183335442568,0.026183744240891607,0.5244934205503446,0.007675271752281815,0.9665946237933346,0.3319399649291101,0.6157001149619398,15.203466912124963,0.24252309016291518,0.306777034841348
2592,V7 | V22 | V24,0.30099345995890975,0.2872781638383145,0.21589476829138113,0.5032708121466208,0.24511024379567045,0.9392017084026723,0.02743821325532807,0.47368883914013843,0.007665012277512842,0.9624328851921368,0.29585473272081403,0.6545626493694335,16.61020546336801,0.24290954292318212,0.3063979363423131
2593,V9 | V19 | V22,0.4513944324513677,0.3418462652788188,0.502232909775622,0.3531512526073424,0.2699141592356826,0.05806098182426564,0.035676271163844614,0.8567910500654131,0.36161520497297006,0.9908589998085364,0.211648432358753,0.16372870942588005,1.9340898937080409,0.6750796817748074,0.30637719378878947
2594,V15 | V16 | V22,0.35924679315107344,0.26934074996074603,0.5931824542423856,0.4151225593733204,0.25646040470651926,0.24228124314127117,0.029182545565609733,0.6969327845912155,0.24613281569135464,0.9548921767670557,0.3704894676962681,0.23730062303209182,3.235321945014898,0.5285677212900862,0.30620473343351673
2595,V8 | V13 | V27,0.5201377005218026,0.32933113786143825,0.29876267169494763,0.35113885415103013,0.27036335685955154,0.9134031115597906,0.03456972563351152,0.16681870914102878,0.006458789150023725,0.7218741971117698,0.024846660751419856,0.41860263588889923,5.168223853367237,0.5686334712787998,0.3060029880294105
2596,V18 | V23 | V26,0.3841556361364892,0.25506773315613895,0.5712793361322858,0.28411341985704186,0.20738915946067535,0.9260953133011001,0.021136476383963647,0.2612908745256024,0.0068941753440266386,0.8900822624807673,0.11209077360582988,0.46958879973408135,10.14073702288281,0.22250862394341578,0.30593573580142236
2597,V19 | V21 | V25,0.48785365570767686,0.32945805195470174,0.25971696346488377,0.2518664737783716,0.2626444805803952,0.9176804091048569,0.027204304166905932,0.40548641206797176,0.01668835508216188,0.9663485365912662,0.1209394146743429,0.5135174546863599,8.444586971440385,0.3284600844654409,0.3059244628366796
2598,V1 | V20 | V25,0.39309394889275995,0.3231875284703816,0.1740410328503087,0.47775486478543183,0.2356965955205973,0.8972149612446125,0.12704448848994956,0.3056078989796267,0.01091367231452701,0.7510217780760251,0.07682949834730783,0.45702361249148893,0.7262817675065071,2.642926295164969,0.30572677236970197
2599,V8 | V15 | V28,0.47085839672256286,0.2659589837935324,0.4903760554967376,0.31341280811157,0.2333909206935502,0.931506669258647,0.0413655462906052,0.032503037642025306,0.0012446997492714534,0.8838020854676496,0.03763932991086874,0.45489677120236716,4.31507511667259,0.6922326841839492,0.30544850297417087
2600,V2 | V23 | V26,0.4209662868641291,0.3135114945148447,0.22864230808274727,0.38828985678126776,0.28339288819635416,0.9525642493397106,0.09838381736700484,0.13858531602133087,0.005305845908542402,0.8957606358896452,0.08564584886602462,0.6498949334108861,2.319782599491235,1.9440277006638726,0.3054441173371055
2601,V7 | V22 | V25,0.3706708571441491,0.26879418047367826,0.1668829939026563,0.5061858223532444,0.24172715793858726,0.9200953730721755,0.027856303517442917,0.4871343609618411,0.007576958466921875,0.9226756680972672,0.28258115540059664,0.6101857783150166,14.314196303616567,0.29021065687181363,0.30537501996402133
2602,V9 | V23 | V24,0.36437234255254697,0.30520351088568765,0.471978568026953,0.3121610989893672,0.2429798908646387,0.9291514757346294,0.028086394159269196,0.2505636215836909,0.0068766406693412056,0.8606559002438342,0.11246945958901736,0.4564167492558788,7.835841105021512,0.40239784752287006,0.3052269899153434
2603,V6 | V20 | V23,0.5046207633167894,0.37040724566836825,0.28533510675484697,0.25287232061931486,0.2636609305009851,0.9295524716559327,0.08222859149299486,0.1672564312850256,0.003123638685612166,0.7558832861797525,0.02187071784267086,0.5501319014796766,2.054196100081083,1.575631339989191,0.3051140903240983
2604,V18 | V23 | V24,0.3631136023586811,0.2723631627069184,0.5938145291903822,0.28981303294278116,0.20570769432298627,0.911500178300789,0.0234085395137021,0.2622791204932755,0.006900362199049506,0.7929688839057367,0.11651920714767881,0.44975833459415615,9.702226870777087,0.30081907840787814,0.3050715479644742
2605,V6 | V13 | V19,0.40891635834686213,0.32175570414196364,0.36172639664215944,0.24632269604804868,0.21820576477529025,0.7226612140484385,0.0830618442877177,0.6340351814019713,0.08407289814407391,0.9699848595204438,0.08994873003608099,0.41109172073084876,1.570718830682645,1.6758893236722534,0.30476409881948047
2606,V19 | V24 | V27,0.41816841573283126,0.32589279595862586,0.44766440736019464,0.17763493650577852,0.25354596686557423,0.8069573165230953,0.012703530570149231,0.6609295599631215,0.014106318967798329,0.9128384139365657,0.043109544570678546,0.2536547492873589,9.542718781677308,0.20264738494270754,0.30473363414408816
2607,V18 | V23 | V25,0.4327909995439205,0.2538791793422821,0.5728447986834214,0.2942546998858128,0.20232460846590308,0.9255102474107043,0.02167244035423853,0.26795737671494185,0.006825245676058699,0.5529271846229596,0.11330121914562022,0.4734488261096858,11.43055973391962,0.2426249648023668,0.3045835278079171
2608,V22 | V27 | V28,0.5257284033514698,0.3089862401222775,0.6047273017466561,0.13328385713883917,0.2918169756625677,0.9061541083862017,0.015887160694332932,0.1123132311494719,0.0011639072317952083,0.529757111595653,0.020212055225564993,0.32062100746799227,8.181769813446255,0.20871780847704244,0.3045790755492916
2609,V6 | V19 | V25,0.41319083289424585,0.3150082416075355,0.38540679554357465,0.25134542613205074,0.22201065075960702,0.7211791543785623,0.07992585665099652,0.5836965708401797,0.07722537048683191,0.9662379630650945,0.08247637641835547,0.4636074660081136,1.6337502371749286,1.5468905330476983,0.304404708236839
2610,V24 | V27 | V28,0.47373600104566216,0.3410955025000946,0.6390129849330128,0.11714424676027851,0.30143545461046306,0.9023396177917536,0.012129645835364054,0.10705375444665002,0.0011704057771205498,0.5519420635532488,0.016752932515953937,0.3160296432491315,10.508049991003508,0.1325289753265929,0.3042356444956006
2611,V1 | V20 | V26,0.34445858548532865,0.3243760822842385,0.17031719469062814,0.47072482563732354,0.2407611465153696,0.9151140648883228,0.15068973242743872,0.2976478105677548,0.01105864177836033,0.7851638743558617,0.07608782939232359,0.5203601817753931,1.1663123128979567,3.3441286942355686,0.3041758867397915
2612,V1 | V20 | V22,0.37540895401332863,0.3095622494572008,0.13264393705068545,0.48268629367481464,0.22946120242978507,0.9205918541574046,0.15199712783025632,0.31605462117456656,0.010975954285248158,0.7769265677992702,0.09149887960990198,0.5068430458722409,1.216784019378649,3.403922834396957,0.3041722231687591
2613,V8 | V22 | V27,0.5067271801897549,0.3089583963138292,0.29639026539464264,0.3615011587246466,0.26793284975305603,0.9149154428619025,0.03865386069799822,0.16336347739470183,0.00640975120564383,0.7690689640851495,0.02735299046674018,0.492200511830553,4.679497453442311,0.5928163612248704,0.3041567475092975
2614,V7 | V23 | V25,0.4835320087635411,0.3246455104688419,0.17496814667143912,0.5156304197005837,0.28713769972953773,0.9442002145233991,0.025188689608269685,0.19002694159291697,0.0025111040119508267,0.4540252821083896,0.10609178680486737,0.5934972975599438,15.489962675297324,0.2385760019300263,0.30414043050873546
2615,V1 | V15 | V19,0.35731436614218165,0.29889021290169077,0.23383564199295073,0.4872474858643743,0.22855289483743624,0.7078918179334824,0.10848485206794115,0.43931551096750704,0.10726213927954628,0.9083988587806231,0.20695630877365712,0.3046658082039908,1.0427720894402601,2.3772888962279697,0.30392000560983806
2616,V18 | V22 | V23,0.41510600466448916,0.2402539003291013,0.5558516568942042,0.3013317043220857,0.1960892153750909,0.9343690810202067,0.021859113412539585,0.27667516151055815,0.006854916538028101,0.665721007418603,0.13805254938722306,0.4529415619975325,10.339043393828389,0.2604951642332431,0.3037080734214717
2617,V21 | V22 | V28,0.5257362461410757,0.3310354794829897,0.5048331076082678,0.20860010303971555,0.3042985752344718,0.933794495850794,0.019430675541385802,0.07909959421782316,0.001277991379873378,0.351416323194334,0.0599305254350451,0.4656715042057541,11.868740820277667,0.19181257208016886,0.30367151425130495
2618,V9 | V23 | V26,0.3854143763303551,0.28790808133490814,0.4424117396488237,0.3067095404184661,0.24466135600232786,0.9263185606990103,0.030157413026563763,0.24963281532595133,0.0068704856474137346,0.9192127039826858,0.10824613407694995,0.4782873383787579,7.454454007536866,0.4320795893751629,0.30350591772358265
2619,V15 | V18 | V23,0.393265190475925,0.24275481685244135,0.552678999954693,0.2877674144541251,0.1976560388239818,0.9273503510870227,0.018281254378027214,0.27253235183877783,0.006907259024956619,0.8765688381282954,0.12759211989906788,0.39787621390655725,11.745082384429066,0.22740869362325022,0.30343028708010267
2620,V8 | V26 | V27,0.475776811661755,0.32377222914086684,0.32312828989477277,0.34624632735049965,0.27923279383864064,0.9218156009145165,0.04374980750904305,0.15520705187735068,0.006445279585193325,0.7033701066389245,0.022293133411129963,0.5503072157446292,4.095629740155152,0.6539470078847022,0.3034204893583412
2621,V7 | V13 | V26,0.3354460140687655,0.2903554758351441,0.16626488307473938,0.49167856294622053,0.24922221603985492,0.9288614231107054,0.02488225137294023,0.48584267061635217,0.007721895008917289,0.97492801263522,0.23973055519269915,0.6278730473235605,18.667512764740135,0.20561456908082915,0.30325791972530447
2622,V7 | V24 | V26,0.27004309143090977,0.3020919966653522,0.24755730566206083,0.49179255763874496,0.25641018788125497,0.9207678376906602,0.029967628363141974,0.4406189359276608,0.00771153950844085,0.9762851865785247,0.21834720894831244,0.6660131331659405,13.177747686319478,0.28690955724505146,0.3031452268022341
2623,V13 | V19 | V21,0.48357918116029314,0.33620551448912994,0.22836565876290857,0.24684894894472348,0.2588395945960784,0.9249035237839439,0.020776552673181393,0.43345432144672297,0.01705489029037349,0.9535874594160391,0.13340459071605656,0.4191564705711431,10.63006864400285,0.2668710166657837,0.30313745345676646
2624,V15 | V16 | V26,0.32829642462307346,0.2841545827877837,0.6074295169602565,0.40142544510202416,0.26776034879210386,0.2624839361040205,0.031471640484426355,0.6363352818220593,0.278650355904387,0.9450288874057561,0.26154392006968835,0.24747780920106635,2.8480284393789295,0.5572505204278734,0.30298689830661885
2625,V8 | V21 | V26,0.475784654451361,0.34582146850157913,0.11839251161648227,0.3968961376093623,0.29171439341054484,0.9629374201190838,0.07617875071873202,0.11048812802203621,0.007209346663733965,0.9014816539308326,0.06490440948900783,0.6795314002896328,2.7692310681389594,1.3428360157556567,0.30281075322764045
2626,V7 | V25 | V26,0.33972048861614934,0.2836080133007159,0.20196189865880235,0.4947743819719304,0.2530271020241717,0.9145075769707443,0.02562145798176461,0.45262741426865205,0.007622665629243061,0.9081787548118607,0.2102338003009033,0.6336645834857284,16.469634983692806,0.21364891905322175,0.30231617693125673
2627,V7 | V22 | V23,0.46584701388411004,0.31102023145566104,0.13365797203080348,0.5202071405727712,0.28090230663872545,0.9549106256793239,0.025804368836272264,0.19567123948223247,0.002519347715608393,0.6290072682407326,0.12861390626956312,0.5862458962974296,15.065850061058027,0.26106993104558873,0.30202201547325663
2628,V20 | V23 | V28,0.5652477740619868,0.31730748761118543,0.5136865438107053,0.13424695752094085,0.2557044082414722,0.9559189670009633,0.03532384228517571,0.039436089761130895,0.0001883354429577682,0.5538090556043821,0.014558168994531717,0.6481633317969782,5.961568879681712,0.37817891507022955,0.3019247914908061
2629,V5 | V21 | V22,0.4962393106528476,0.36163716358133285,0.14102454723873187,0.4444664169070843,0.2894901193037805,0.9289355125780594,0.024075510915534733,0.28184622961728323,0.007475934695940231,0.39575402963327444,0.1331444425325608,0.538390932117476,17.198797113188093,0.2689229184224392,0.3016490648418001
2630,V8 | V13 | V21,0.5201455433114086,0.3513803772221505,0.07983892752532307,0.4013238260962597,0.28284495643145574,0.9630846597493238,0.07201633873252204,0.1187398476699233,0.007225320565969721,0.7781762826083509,0.07121783465504658,0.5827840626554612,3.0935190732877245,1.346727951340347,0.3016322561097553
2631,V8 | V19 | V23,0.5499927772176888,0.3041066907238871,0.2130133125818313,0.3794952234762235,0.2293451512907208,0.9401376816797321,0.05295020255536863,0.08510127951771303,0.003868937145517682,0.8488618396871241,0.045429724540137134,0.5682589175342683,3.919463631642085,0.8806669174461182,0.3016263457690061
2632,V9 | V22 | V23,0.41636474485835534,0.2730942485078704,0.4219020041766092,0.32318656643520144,0.23336141191674328,0.9358444401098527,0.028080245023219607,0.2641074107072096,0.006831428342081833,0.7411956332948246,0.13293152610407502,0.459698080629456,8.136668973466275,0.40267462984732844,0.3014950301024881
2633,V19 | V21 | V24,0.41817625852243717,0.347942035319338,0.3001763647615377,0.2470340442554873,0.2660275664374784,0.9150171089096775,0.02333633483472387,0.395312381051713,0.0170163237096168,0.9273173261949896,0.12446082305997475,0.4958051290265148,10.581073895066467,0.25988766860712537,0.30149364605566586
2634,V26 | V27 | V28,0.4947780348234703,0.3238000729493151,0.618627594126469,0.10910275433399128,0.30311691974815214,0.9134293800778104,0.017424269213621474,0.10668722281025382,0.001169523431274381,0.46681636741603755,0.015977289436707773,0.3945352323259447,7.971889408436507,0.17430715156512014,0.30132893554511153
2635,V2 | V23 | V25,0.4696016502715605,0.31232294070098787,0.2319255721446298,0.39655622612932284,0.27832833720158184,0.9482383648506553,0.09185436177443487,0.1417419576917998,0.005258602222734922,0.4976939214219931,0.08650076143347801,0.6361384853348611,2.5264786196331515,1.7968105423150313,0.3011502916629912
2636,V7 | V15 | V23,0.4440061996955459,0.3135211479790011,0.12569602866343554,0.5114550153926898,0.2824691300876164,0.9513249608021873,0.024496232691189,0.1929948858798466,0.002533829007326433,0.7796868882556971,0.1191304480156042,0.543388458673794,15.454212807687496,0.269609237728037,0.3009180116374048
2637,V2 | V22 | V23,0.4519166553921289,0.2986976616878071,0.1956063997813658,0.40234292910068453,0.2720929441107697,0.9584897979766522,0.10040869428018703,0.14582072726358214,0.005278953321023528,0.6781073919538515,0.10355818159414813,0.6326672827863875,2.4784638081275085,2.0303921064532244,0.3006052574664696
2638,V4 | V22 | V24,0.32065688663766684,0.3349126292524928,0.4760350699789153,0.4409828346256155,0.3352340987749132,0.06314352267049016,0.03488130351417314,0.7307327799826261,0.44979731667986467,0.9816219412550546,0.2512001314047683,0.1389755485433769,2.594819710781308,0.7407276865256667,0.3005741429157551
2639,V9 | V15 | V23,0.3945239306697912,0.2755951650312106,0.4176558666939738,0.3102042005511066,0.23492823536563429,0.9265936182027541,0.028525414033224464,0.2602128298722903,0.006883501984026279,0.912774138272038,0.12300678437318373,0.41772271599973715,8.139695980809424,0.45686492541277834,0.30054171340065566
2640,V7 | V22 | V26,0.3220354937367178,0.26998273428753505,0.16310070200539897,0.49954315750876244,0.2467917089333595,0.9436391138012024,0.028717652557782723,0.4713697039441828,0.00765775535266373,0.9381976411896727,0.2777208712992244,0.6705668180292818,13.685950169406466,0.25060051447253257,0.3004539969975486
2641,V15 | V27 | V28,0.5038875891629062,0.31148715664561755,0.6018744871508444,0.11426240241662228,0.29338379911145857,0.9094965518506151,0.011098810430497492,0.11081484290604934,0.0011713885066057773,0.5645411927062067,0.018593113160312504,0.26172304628584186,11.61905276015265,0.1662850041079828,0.3004216298786229
2642,V9 | V23 | V25,0.4340497397377866,0.28671952752105134,0.44448040018844764,0.3164113071343967,0.2395968050075555,0.9201207272425468,0.02346123470929552,0.25590918805433693,0.006801909199917065,0.5679730109471157,0.109401033347033,0.4596827120471453,10.291756932304564,0.29721462628923667,0.30037208891351563
2643,V5 | V20 | V23,0.5357508385737582,0.3479091717095285,0.160281567682435,0.39915307623527,0.24089595231078095,0.9515239159855807,0.03234961063638193,0.15370112825971577,0.0021553742631892432,0.7040457416858988,0.03570431925751891,0.5571200156278154,8.982738472501651,0.43132775057774875,0.30026657122180644
2644,V8 | V15 | V27,0.48488636600119134,0.31145931283716927,0.29080882319241874,0.3494786758390285,0.26949967320194707,0.9120867559210675,0.03508154381278914,0.1611836476663986,0.006457116749490321,0.807870295936813,0.025412091015373835,0.43830772880589913,5.118088025250154,0.561601877780875,0.30014473849673556
2645,V6 | V19 | V22,0.3955058380148145,0.3013829625943546,0.3596572642494774,0.259045251408127,0.21577525766879477,0.7256108717865734,0.08479766454876102,0.6119435423841094,0.07953434959056749,0.9344840250809927,0.09851573065416429,0.46055024978703535,1.516320163264594,1.6655089303314785,0.30005788064747924
2646,V15 | V19 | V27,0.44832000385007575,0.29628445010414867,0.39021208581274164,0.17507922743549637,0.24549431136656974,0.8094617589473704,0.01134004847442362,0.7032430743925683,0.014128251754271948,0.9196808575654086,0.04660678344326501,0.22000674490193836,9.974086580686633,0.20272245315553342,0.3000155176155277
2647,V2 | V15 | V23,0.43007584120356507,0.3011985782111472,0.18865225913070516,0.39126476538424343,0.2736597675596606,0.9530625181783022,0.095667481514094,0.14388932866692872,0.005314799529773867,0.867080249093516,0.09644653862733467,0.5975085164844383,2.482019771314136,1.9361370422944153,0.29981111234734065
2648,V5 | V19 | V25,0.44432090815121433,0.2925101676486957,0.28754013100984566,0.39801059362592145,0.19924567256940295,0.7253921602434408,0.03981129071816442,0.5113737998143837,0.016722000554314196,0.9789836839341157,0.13477045328686585,0.45506043566251236,4.096251205176031,0.6414700034630683,0.2994645585913133
2649,V5 | V8 | V25,0.48088727030233,0.3076850303817162,0.15963349765271764,0.5168301031534661,0.22325103440478025,0.8826108062146344,0.041816754385960546,0.13313146140476032,0.007143937342105514,0.882338353433608,0.07182652573301661,0.5373756502845861,6.05635967662879,0.6685256644507817,0.29920116511575473
2650,V19 | V26 | V27,0.4392104495106396,0.3085973664078463,0.4164425874784021,0.17050762790279644,0.2552274320032633,0.8044364371936255,0.013160639346855138,0.6569670666089515,0.014086665856486165,0.8402199891540281,0.04165559887721361,0.2540147504553056,8.445675224633995,0.20377634422877255,0.29913236926338893
2651,V2 | V13 | V25,0.37015101898421593,0.2768443522534333,0.22755598664232493,0.3746752940665604,0.2353483025171268,0.9257870909702051,0.09180086129322916,0.33968414154065896,0.03748192458159691,0.9071507617682588,0.18233131251520923,0.633154966667413,2.6076008033646345,1.8047068889255764,0.29894885112627034
2652,V4 | V24 | V25,0.33834188151709815,0.34853790826567366,0.49616793278710813,0.4356246351659388,0.34146949186572545,0.04952591862798478,0.03737523830342607,0.6930061548482925,0.3873097375294634,0.9461947755459537,0.19312533639781646,0.20687603346265238,2.265799278966739,0.713029172894178,0.2988888021849204
2653,V5 | V8 | V24,0.41120987311709084,0.32616901374635254,0.20938095723641897,0.5139760613182509,0.22663412026186344,0.8805235848307718,0.0433029229815557,0.13060899640143067,0.007224412162840727,0.9177691401456027,0.07363897184906368,0.5114919040674784,5.262736392382748,0.7171086916159056,0.2988503389119059
2654,V7 | V15 | V24,0.2791526457703458,0.2897790803616546,0.2092419190969337,0.4942175093958518,0.24667706724456143,0.9055478031629578,0.03509198478784376,0.46466735773564644,0.007727053358148465,0.9326655063884977,0.2626455657541844,0.6056559902014714,11.155129359136907,0.4757192165571412,0.29862130306808915
2655,V3 | V13 | V22,0.3727013465609997,0.294943616111047,0.23718696901059397,0.5785302810495391,0.27422080898779605,0.30409481357790347,0.07340619250539611,0.561954890468456,0.12353425851464846,0.9902558368721498,0.5997477013817262,0.32950058098857565,1.2237252014200954,1.4326270037897824,0.2984026646946923
2656,V6 | V8 | V25,0.4497571950453615,0.33018310434055603,0.2848409603744281,0.4046392580264196,0.2460160125949843,0.8763343296862329,0.08302801699989075,0.14478125800779926,0.012881641840798628,0.56199256682166,0.046215173972685375,0.5251292380176218,2.0395820167501735,1.6209300313349349,0.2983814056722635
2657,V7 | V15 | V25,0.3488300429555852,0.2712950969970183,0.15947862985455327,0.4971850921970547,0.24329398138747824,0.895314888697645,0.02939706057881378,0.4777126253780496,0.007637905201142453,0.9145897342381488,0.25173228749538895,0.5607273944843844,12.850150799150835,0.37491771015637654,0.2980675295613776
2658,V19 | V21 | V26,0.4392182923002455,0.33064660576855853,0.25662624465589534,0.24082748745615315,0.26770903157516746,0.9197987010911007,0.02561608094401785,0.393551658941937,0.016989088989213537,0.9541524525257135,0.11961643561893688,0.515512953245562,8.512185826871193,0.2837673200343344,0.2980525577902388
2659,V2 | V13 | V24,0.3004736217989765,0.29532833561806965,0.27080299708597916,0.37088994057909774,0.23873138837421,0.9224279658605211,0.09167484499270068,0.33182087468185867,0.03894878577343085,0.9668089957181254,0.18880138741805982,0.6424470920548994,2.7133453497278364,1.7998608635008861,0.29804417238985975
2660,V7 | V13 | V15,0.34455556840820156,0.2780425595314466,0.12018855433358451,0.4941040608174705,0.2394890954031614,0.9009012496731766,0.03506447460259136,0.5139146896231843,0.007737440976584491,0.9372095470350408,0.2919209314044338,0.5572730368455433,10.339224863499124,0.5174299071342828,0.29801965945111886
2661,V1 | V15 | V20,0.3535681398247647,0.31206316598054074,0.12466432584834368,0.4732528192295577,0.23102802587867607,0.9157509177492164,0.14915650663208246,0.3110849099077922,0.011086269847775373,0.7252655058863104,0.08541247484268019,0.47975675022672143,1.2581483924453676,3.3615602653056853,0.2976164221366097
2662,V3 | V13 | V24,0.3207089442551916,0.32705287848886416,0.3100516737561915,0.5719092478814937,0.28383928793569146,0.3194460720949505,0.06376847604423014,0.5216262430145558,0.13268926732977726,0.9952146060660403,0.4033273605860034,0.26855507640657256,1.5152409969584253,1.2820289452701745,0.29755302923511445
2663,V6 | V19 | V24,0.3435134357090064,0.33349222497217174,0.416536414968449,0.24650798430033657,0.2253937366166902,0.7244047632335275,0.08234378883462819,0.5658089931450007,0.08331044500385415,0.818906187358084,0.084610906581853,0.4421156846002106,1.549974623789126,1.6220566951812023,0.2974812366093368
2664,V20 | V25 | V27,0.48409958660065433,0.3205817656728395,0.34841209741851564,0.15732208957951296,0.25263801204973085,0.9154276366281705,0.027754263785245037,0.4458233283448783,0.005545616562589355,0.804365715601174,0.018692668618296503,0.517703362808397,6.772185659205392,0.3165364795443091,0.297468955225006
2665,V3 | V22 | V24,0.30729842392314394,0.3066801369412552,0.3077367461145434,0.5786262662317895,0.28140878082919596,0.34316951052067973,0.06839327814137765,0.5054569638138731,0.12192253240215116,0.9889502605103629,0.5025359280572504,0.3163354329822062,1.3834792660669746,1.338792796848367,0.2973149493714448
2666,V3 | V24 | V25,0.32498341880257525,0.320305415954436,0.3364591963757033,0.5745515127236084,0.28764417392000824,0.3403517423156896,0.05693718962023392,0.4845824613737285,0.11667893122906028,0.9771933309683563,0.3356270280994086,0.2762018137054546,1.7262449879515187,1.118267059988432,0.29697598797453845
2667,V15 | V16 | V24,0.30725439084526535,0.30145001233856317,0.6283044931153147,0.4059488911180262,0.2660788836544147,0.1489175565045581,0.03531587968644399,0.640093371134083,0.2845378086965604,0.9500171405413868,0.27790923634801523,0.24112976242150697,2.188233451846447,0.6149871115856512,0.29685698002984373
2668,V13 | V18 | V24,0.2636629710713365,0.23688457425936385,0.59182509130014,0.2626413740953934,0.16272765963853128,0.33376386992075135,0.031498133640229076,0.856667360159303,0.6403824513730099,0.9532804480126901,0.2816576984160314,0.19856439624600783,2.8647144589790887,0.6080107290325297,0.2968246545983095
2669,V7 | V15 | V22,0.33114504807615386,0.2576698179838375,0.11669085290223362,0.5019312647490031,0.23705858829666598,0.9268625350667392,0.0326785555281613,0.4981187243162349,0.007673102923890354,0.9412032815949245,0.34584289131358015,0.6046223410289733,11.810033921421294,0.4149336215479269,0.2966754748639474
2670,V6 | V19 | V26,0.3645554694868145,0.31619679542139223,0.38305489245922963,0.24029491908134465,0.22707520175437934,0.7092674581599219,0.08500414537964275,0.5627357844368206,0.08277828141628539,0.9455156418002941,0.0816695577591887,0.4832604531419358,1.4248438571830784,1.6334555345890431,0.2959131912697322
2671,V8 | V15 | V21,0.48489420879079725,0.3335085521978815,0.066988651468334,0.3998209244756922,0.28198127277385127,0.9607474267447379,0.06939338165783134,0.11474806010235522,0.007223342862121133,0.9008431677694628,0.07264838819296046,0.5962492049078957,3.1300216483419883,1.263664540160342,0.29579443170476777
2672,V5 | V19 | V22,0.42663591327178324,0.27888488863551486,0.25549149030135687,0.403780750686803,0.19301027947859076,0.7448446696310371,0.04007290529212888,0.5341275630972371,0.016851306911236177,0.9756492955795396,0.16688583275414182,0.48238868992925527,4.073846738511137,0.6204323969687399,0.2956982612631875
2673,V3 | V22 | V25,0.3769758211083833,0.2881961535766189,0.2679640005313638,0.581138219619138,0.27802569497211277,0.31217687653518766,0.06729683910410629,0.5203611966427478,0.10950904467701993,0.9511136296580377,0.4696907210685833,0.3471472991303857,1.3083943760542083,1.2643383607774303,0.29508230724063744
2674,V13 | V20 | V27,0.47982511205327016,0.32732922820726773,0.32269899317039674,0.15126534798113403,0.24883312606541408,0.9101052994429714,0.020850023085770858,0.47825183293445916,0.0056075399877210065,0.8309603647850081,0.020762872897611924,0.3508994523716781,8.052097639747931,0.31265038008133433,0.2949475702464046
2675,V6 | V8 | V24,0.3800797978601218,0.3486670877051923,0.32324314300989876,0.4010727357852503,0.24939909845206748,0.8767254626055301,0.0865684439413862,0.14203547340142467,0.013090598557304746,0.499800127569313,0.04736206507963193,0.5189510716371878,1.9261246363264166,1.7112088571775914,0.2947807414257974
2676,V20 | V24 | V27,0.41442218941541464,0.33906574903747577,0.3820476288163268,0.15148900163879664,0.25602109790681404,0.9122680683065004,0.025557281793670596,0.4340888178896194,0.00560108978749972,0.8535245669134803,0.019294750299914232,0.46056316301976674,6.75275275332843,0.3132503813446197,0.29444089304151333
2677,V6 | V20 | V25,0.4094446065768289,0.32818119468638546,0.3094911865642986,0.22883062909493412,0.22448578180084686,0.8730431207876851,0.07961490940625685,0.3935042987792626,0.010495381068543808,0.9142753693415189,0.03971303449587165,0.4996295958807563,1.9247561560652082,1.5401395632021493,0.2943966064340459
2678,V6 | V8 | V13,0.4454827204979778,0.33693056687498424,0.25520550008335635,0.4009363061126061,0.2422111266106675,0.8805056279368694,0.08268613407283398,0.15207808817054635,0.01311507558713681,0.5088194475284517,0.050189042208397976,0.4526810312748916,2.1506157901680445,1.6956195317106302,0.2942855767507223
2679,V2 | V24 | V25,0.3047480963463602,0.2885808730836415,0.2994834660723245,0.37481900469141066,0.24253627435852682,0.8916322867252758,0.07552131709852149,0.31280035018829827,0.03731938255506747,0.9220194475885478,0.16828634852774643,0.643704458628141,2.845160326299094,1.3659161822005903,0.2942030124002323
2680,V3 | V15 | V22,0.3374500120403884,0.2770717910867781,0.22808643008393095,0.5774726105060274,0.2733571253301915,0.34883377428049855,0.07915787240132491,0.5325628660769519,0.12319034536823674,0.9572966325155631,0.6406519093995348,0.34363951984564833,1.1347987107889446,1.5571068858210189,0.2940332825948333
2681,V5 | V8 | V26,0.4322519068948987,0.3088735841955731,0.15579106598181316,0.5103268754410153,0.2283155853995525,0.8881969780299512,0.041184973980086234,0.13016753489863184,0.007217782233028062,0.9265205637853298,0.07114029900820709,0.545861554417101,6.206776402748627,0.6457137070577632,0.29396454558538815
2682,V3 | V13 | V25,0.3903863414404313,0.3085688951242279,0.27048673528924794,0.574454749881782,0.2804562020786082,0.2611582694956913,0.06456781598819962,0.5373024554780202,0.11815665922893463,0.9705344913154819,0.3809107297517206,0.3054616449944411,1.2874650579751763,1.227401336101834,0.293801097364315
2683,V15 | V19 | V21,0.4483278466396816,0.31833368946486096,0.21908769902303232,0.24480719754122388,0.25797591093847394,0.9207691941642943,0.023004586527621843,0.41375530618128975,0.017046731197835622,0.9284746454778358,0.13662516210253461,0.4480014037495083,9.357188386760667,0.2884120897349714,0.29373917320621074
2684,V5 | V8 | V22,0.4632022754228989,0.2940597513685354,0.11686076475648392,0.5213960138492548,0.217015641313968,0.897027464025656,0.04155133847973603,0.1369580923003962,0.007175719197047157,0.9319352645262324,0.08533855074871038,0.5313215841030556,6.403997495329046,0.673972590131113,0.29368791995802407
2685,V5 | V8 | V13,0.4766127957549463,0.31443249291614445,0.12035718339702914,0.5138669660764901,0.21944614842046348,0.8879609835530377,0.03828275110164124,0.13982477789170022,0.007233784495955349,0.819959141802904,0.07815210920098939,0.47298366077745135,6.746125323893144,0.6488557209177886,0.2936509772221086
2686,V6 | V8 | V26,0.4011218316379302,0.33137165815441283,0.2819145389820997,0.39650520386078447,0.25108056358975656,0.8782932907604404,0.08633934299494513,0.1415551599780089,0.013073301549311484,0.6070906080211096,0.04577918518303155,0.5337206514913097,1.910952473483042,1.6883904349524572,0.29329667703048834
2687,V20 | V21 | V23,0.5792835861302206,0.38485705601553455,0.12326010948572735,0.253391796108605,0.3042947603217732,0.9635759534782472,0.03843643882147152,0.130518701720731,0.0021535225556859757,0.5368218876852406,0.03245189180157889,0.6696220162594485,6.401558507039011,0.4504119878198178,0.2930338726550267
2688,V6 | V8 | V22,0.43207220016592995,0.3165578253273752,0.2525975844168979,0.4103345965368502,0.23978061950417207,0.8817411999106166,0.08503905997139526,0.1489509758678623,0.01296390620301241,0.583169928284759,0.054607322874729684,0.5070242504223588,2.040069064457093,1.6941047034047436,0.2928016656055217
2689,V7 | V15 | V26,0.3001946795481539,0.27248365081087517,0.1556349030224326,0.49042217430289986,0.24835853238225053,0.9040762454976938,0.035713940892310135,0.46241639450984956,0.0077197058726315715,0.9350111197942365,0.24771651109301077,0.6130353237619673,10.00100441066766,0.47672401070749537,0.29274486813922695
2690,V2 | V13 | V26,0.3215156555767846,0.2780329060672902,0.22424137253024248,0.3660397517272449,0.24041285351189906,0.9207796966513226,0.09317826543580368,0.330456378326912,0.03882482805586043,0.9497267562309128,0.17992405990491198,0.64840424830199,2.605579472470958,1.8269844537265483,0.29259655421369424
2691,V5 | V13 | V19,0.4400464336038306,0.2992576301831239,0.25808314780253633,0.3942585361362243,0.19544078658508612,0.6663901706303776,0.03558290290903368,0.5517982770385663,0.01708984804742545,0.9735244880519694,0.1493652943523624,0.39551516260159314,4.052482193969531,0.5836375811506334,0.2924625037174059
2692,V13 | V15 | V18,0.2938145591885807,0.20727622840488671,0.550503633445786,0.26048243886959294,0.1546760041395268,0.23261972109218054,0.05559105739490607,0.9232421397401582,0.6758246078712463,0.9742136524805214,0.32740735190965337,0.2335338917844362,1.5927240610387539,1.1052184226420716,0.2924353889005988
2693,V6 | V15 | V19,0.3736650238262506,0.30388387911769466,0.3547947020763019,0.24427881163925422,0.21734208111768571,0.7101891064028515,0.08069240475363913,0.5983993626096717,0.08391071890113505,0.8941560021209144,0.09184205278909895,0.42658373619590434,1.7030363055614948,1.6146174413453243,0.29228040040608194
2694,V20 | V22 | V27,0.46641459172122274,0.3069564866596587,0.32044680371216405,0.16658320071578747,0.24640261895891863,0.9091134761606026,0.024334509765122934,0.46412690625965697,0.005567543642513366,0.8290579396174068,0.023012966788381453,0.43748731087757475,7.357232107051402,0.31220392864118635,0.2916299125229127
2695,V2 | V22 | V25,0.3567404986521682,0.25647161070582436,0.22478654788758465,0.38457033877358476,0.23291779541063137,0.9114312456627973,0.078422148836895,0.3311815776605957,0.03649090368452852,0.8624306100064252,0.20632342293832232,0.6477091011669367,2.9323350795514997,1.447036205553839,0.2913626470933589
2696,V5 | V20 | V25,0.4405746818337977,0.30568312072754567,0.1917058804027917,0.3812658564358325,0.20172080361064276,0.9010709064887504,0.028448614930769753,0.3533463583933596,0.006161848166128781,0.9072555221358998,0.06174783286744605,0.4995956327733585,9.024602342479062,0.38254923155971915,0.29128282615793255
2697,V6 | V13 | V20,0.4051701320294453,0.33492865722081366,0.2814451156218354,0.22357771549623887,0.22068089581653008,0.8754958928654173,0.07728207347752004,0.42021390570637834,0.010660821746887013,0.8733048736137166,0.043179625133550725,0.4102594978728755,2.093298950820931,1.584318644570176,0.2910629177178019
2698,V3 | V13 | V15,0.35086053237243575,0.2974445326343871,0.23083619366228583,0.5707401276493822,0.27578763243668697,0.29976544183552395,0.0756980844800455,0.5501498747751256,0.134187689611544,0.9445636480017129,0.49264940917185124,0.30994390997608173,1.164178440105219,1.5025107048784152,0.290691925985861
2699,V2 | V22 | V24,0.28706310146692887,0.2749555940704606,0.2682819954536649,0.3808587014307559,0.2363008812677146,0.9046865718078035,0.07884195300225343,0.32359556210860213,0.03788432227953227,0.9352453600580587,0.2141949986111348,0.6560588823089278,2.9374676095807684,1.450502674531046,0.2906481012809457
2700,V2 | V13 | V22,0.35246602410478456,0.26321907324025245,0.19087716444407726,0.38071669948260667,0.22911290942631457,0.9083068361147051,0.07767815508689381,0.35183384704074366,0.038051541927480524,0.9283410902524306,0.23490679394626796,0.6165646145911807,3.107052198711484,1.4686451245748606,0.2903828710212519
2701,V19 | V25 | V28,0.47381784363944285,0.2619084835503526,0.5772333798021151,0.13231501129255735,0.2140541285000942,0.8544358803447343,0.02009400327925596,0.12670599784910588,0.002054064289387809,0.9243857368609764,0.06053159152788399,0.3187118675820088,6.335162180158468,0.2982971971054135,0.2903193791477324
2702,V18 | V24 | V25,0.2679374456187202,0.23013711172493564,0.6063518673034608,0.26750516655463313,0.16653254562284805,0.4162018389326842,0.032826368181312876,0.7744956610137089,0.3894315249905077,0.9596244080375905,0.24368684724113393,0.2782567827578599,2.7144336636532898,0.5541867150812005,0.29027366352600564
2703,V13 | V19 | V28,0.46954336909205874,0.2686559460847808,0.5617443430646327,0.12594886433309818,0.21024924251577742,0.8695702525861329,0.012088960977122597,0.1330778604604628,0.0020730902355868166,0.9603534221433054,0.06574994501732466,0.20173978364677286,8.945097408162663,0.23204943954372562,0.289573300144893
2704,V3 | V24 | V26,0.27634805539514423,0.32149396976829286,0.3338433607491213,0.5687547132948475,0.2927087249147804,0.31185479060469146,0.06771793876146456,0.4689453585719871,0.12955369303378747,0.9866313695282033,0.329129426772079,0.33260683852321604,1.2462152903727408,1.2784072672977647,0.2895207590079588
2705,V13 | V18 | V22,0.3156553733771446,0.20477531188154666,0.5536912305072506,0.2747891594928448,0.15310918069063578,0.2326985418259269,0.057287567053991545,0.951688325374069,0.47504757147659094,0.9434305185440869,0.3766391354199403,0.2581252031272708,1.4594659020309886,1.1061416494045153,0.28949017344565353
2706,V3 | V15 | V24,0.2854576097345803,0.3091810534645953,0.30229167358884956,0.5708376047715399,0.28297560427808693,0.3302701583195779,0.06887256487458115,0.4954760236232926,0.13229357228306457,0.9428757695945806,0.4229782526119017,0.2897432666812916,1.3716998889266203,1.376413241772125,0.289483712753183
2707,V1 | V23 | V24,0.2921330904319248,0.25974654198521957,0.1853397449475739,0.4658737572872819,0.2000518030175014,0.9467072735162811,0.18225167246470456,0.16798211210107136,0.00632217745601878,0.8020209273678046,0.11916466381632897,0.5707712706914922,1.0250360800993235,4.124966914267257,0.2894029435222584
2708,V2 | V25 | V26,0.32579013012416824,0.271285443532862,0.25586471092881674,0.37000658345026716,0.24421773949621586,0.8990704702401097,0.07890668004497502,0.3115447627361661,0.0372050097335652,0.8609859738576152,0.16082210037384323,0.6596195858848103,2.7321572911320833,1.4347415324893742,0.2890272404672914
2709,V5 | V20 | V24,0.3708972846485583,0.324167104092182,0.2382759865624636,0.3775297629955388,0.20510388946772598,0.8956669880334517,0.029196428759132243,0.3450273514241833,0.006226407249108054,0.9040198262416671,0.06328003459325114,0.4816747367965272,8.290354665292703,0.4130444587210155,0.28889262828364115
2710,V5 | V19 | V26,0.395685544743783,0.2936987214625525,0.2846308310892785,0.3897681906231611,0.20431022356417525,0.7000732600627513,0.03594671330671313,0.49437240796934206,0.01702380930945812,0.9573455318215879,0.13323107835536913,0.47960908238346006,4.451925963104907,0.5239976793101973,0.2888078444257295
2711,V6 | V20 | V24,0.33976720939158933,0.34666517805102176,0.3459726666034752,0.22377153780990588,0.22786886765793007,0.8681254362270563,0.08236601931441247,0.3837727672960241,0.010643511649757752,0.8134164474829441,0.04071534668700525,0.49144224673121983,1.8434185849205393,1.613809729189813,0.2885963156416378
2712,V2 | V24 | V26,0.2561127329389289,0.28976942689749824,0.29664872760174293,0.36618594047681813,0.24760082535329914,0.8898467005293922,0.07962352256202326,0.30458034555778374,0.03865115255020076,0.962149938581043,0.16615529550417696,0.668191822071421,2.6748696614102876,1.441603321553276,0.2885200560278839
2713,V6 | V20 | V22,0.39175961169739737,0.3145559156732046,0.27898174236006346,0.23687871033286692,0.21825038871003463,0.876726924534174,0.07983939201744866,0.40861296297275834,0.010553775109037981,0.8985581622290424,0.04701311696262772,0.47327050412376775,1.9899680098768417,1.5800970297521688,0.2884087662355816
2714,V3 | V15 | V25,0.3551350069198197,0.29069707009995893,0.2620256289456246,0.5733885003537361,0.27959251842100374,0.29333875490052613,0.07333988286086318,0.5099136811551445,0.11784147462399142,0.9267205836867761,0.3986455245911729,0.3368447082740944,1.1319146612639532,1.4041027397845578,0.2880639709251573
2715,V6 | V8 | V15,0.41023138597736625,0.31905874185071526,0.2464567909692072,0.3994322491054592,0.24134744295306304,0.8762063289363394,0.0838235734538674,0.14697634202316434,0.013109898915763534,0.5807702892282378,0.05117792891338992,0.4751000146666022,2.1175087606825675,1.7009472952909372,0.28787133664174464
2716,V13 | V18 | V26,0.2847050048491446,0.21958914470858434,0.5691901060791114,0.2566248221601835,0.16440912477622033,0.23015625407562765,0.05951505340523759,0.8505220567130409,0.6115608044563534,0.9715241956489397,0.2649300853618758,0.2907424429203667,1.2953571958197523,1.105393022848246,0.28772743608282325
2717,V20 | V26 | V27,0.435464223193223,0.3217703194866963,0.345863334341596,0.14398015159189656,0.2577025630445031,0.9109913823801868,0.027277695630205538,0.4320613868069092,0.005596525650928501,0.7426437314421346,0.01846279651341835,0.5000863667522722,6.334880703523206,0.3134448606275607,0.2876952389105235
2718,V3 | V22 | V26,0.328340457700952,0.2893847073904757,0.26492820866407496,0.5754169605613153,0.2830902459668851,0.2925463528827638,0.07564486828738248,0.5028897053489912,0.12080525829780495,0.9544269118539073,0.4580211386654176,0.38773222926827156,1.0690613073225008,1.4020246776946543,0.2875923068117633
2719,V5 | V8 | V15,0.44136146123433473,0.29656066789187546,0.10860100380030141,0.5126646467341489,0.218582464762859,0.8863165340282729,0.038522076729825466,0.13514652680995237,0.007231803278230073,0.909253618781711,0.07974634389196394,0.49130164126335535,6.729126154466184,0.6368011446916267,0.28752946823982717
2720,V8 | V20 | V23,0.5462465509002717,0.3172796438027371,0.09812166196977007,0.36211430835888014,0.23182028233196073,0.9589334908500955,0.05565277511506186,0.06332340003943274,0.002090075964902989,0.7742034073296533,0.02060981683062021,0.6490372417035626,3.9030706236002586,0.8731444152595199,0.28752841973201915
2721,V8 | V21 | V22,0.5067350229793609,0.33100763567454144,0.07602028913183781,0.4107149742907436,0.2804144493249603,0.9593586594335282,0.07396847535757814,0.1162950486247258,0.007167357948980572,0.35802056382886555,0.07765218635816265,0.6478337946343521,2.9714746547258253,1.3275766195839347,0.28726927808255803
2722,V20 | V21 | V25,0.48410742939025997,0.34263100503355176,0.1572150939217966,0.22937541873462058,0.26511961162163494,0.9451205347411364,0.034810787463792195,0.2904151765232461,0.006155178914129126,0.8407320811130748,0.056392097136979645,0.5889251974564926,6.245466404961797,0.42900962686352917,0.2871038933939621
2723,V3 | V13 | V26,0.3417509780329997,0.3097574489380847,0.2674675489307755,0.5686568332734122,0.2855207530733805,0.2456185907319411,0.07329820110587443,0.5189278736886148,0.1313709618178412,0.9824180333454877,0.37283116612555867,0.3577844365214796,1.0425281462328386,1.3614952964661757,0.28705190145460785
2724,V6 | V20 | V26,0.3608092431693977,0.3293697485002423,0.3067174476810325,0.21727051504720232,0.2295503327956191,0.8704709776161187,0.08105115451841474,0.3820877977420088,0.010631273970632725,0.9017634912363459,0.03933161746003206,0.5007827945553404,1.8491711253814722,1.5692079222460606,0.28652930746203964
2725,V5 | V13 | V20,0.43630020728641383,0.3124305832619738,0.1551739951314839,0.377386821793858,0.197915917626326,0.8983453889609512,0.026489575270340137,0.37605965864947777,0.006233918565971489,0.8570789340706019,0.06708006684357279,0.42092989120651125,8.90009311537983,0.4063661029592847,0.2864432764383217
2726,V15 | V18 | V24,0.22841163655072524,0.2190127492350949,0.587627516471723,0.2606626051070423,0.1618639759809268,0.3338640875205956,0.031534161008731736,0.798178022739394,0.6315115784722748,0.9356315046619752,0.29212576752581804,0.20764927097227429,2.7757144699825167,0.5938122633557509,0.28626480117698233
2727,V19 | V22 | V28,0.4561328487600113,0.24828320453717173,0.5604040523617332,0.14204174692184418,0.20781873540928197,0.8661354480077441,0.016731102518020017,0.13034978761498608,0.0020608166202757275,0.9298257634487992,0.0716219717506522,0.2752277736313102,7.739291523320507,0.2716848389736428,0.2862646350752864
2728,V2 | V15 | V25,0.33489968446360463,0.2589725272291644,0.21826156813059988,0.3730908313531527,0.23448461885952238,0.8997356658548629,0.07729486897754474,0.3258744652557465,0.03744748045547725,0.892637913272007,0.18747476436597593,0.6170588003198572,2.8914177268177936,1.4441730966620856,0.28613539007314837
2729,V20 | V21 | V24,0.41443003220502056,0.36111498839818806,0.20721029328755644,0.2243218093486488,0.2685026974787182,0.9465258391459715,0.03447399964286134,0.2840903815295358,0.006219635949439758,0.8481737245652339,0.057785070491719576,0.5554128946513401,6.032016571131758,0.44911890045905545,0.285725964581851
2730,V15 | V20 | V27,0.4445737775326588,0.30945740318299875,0.31515051386351545,0.14879713140440826,0.24796944240780958,0.9080687570463166,0.02185457720194108,0.4553848617261447,0.00560617665985379,0.8146887477103271,0.021271141198477814,0.37719921474434226,7.875300439545345,0.3116320312986436,0.2857163362825323
2731,V1 | V23 | V26,0.31317512420973287,0.24245111243444012,0.1287007565350152,0.4618584497711774,0.20173326815519046,0.9455546130011876,0.18159219513712732,0.1674075035042518,0.006316743122029582,0.8765228625055743,0.1145996891046883,0.5818915316489921,1.0105458712888633,4.092246046172512,0.28518410639722974
2732,V2 | V22 | V26,0.3081051352447369,0.25766016451968116,0.22145190878085563,0.3761037605848855,0.23798234640540367,0.9070303986911838,0.08173751953833248,0.3222787169475754,0.0377666697692161,0.8964363446349429,0.20340587444745503,0.6663875841169247,2.8220549439400715,1.5117202307634205,0.2851140665064638
2733,V19 | V21 | V22,0.47016866082824527,0.3158327729415209,0.22560108963009562,0.2595584191616165,0.25640908748958297,0.9092150502159095,0.020938882185246525,0.42129895724557903,0.016817202998774258,0.4235804254407955,0.14818453928159045,0.475110615606832,12.672135294616368,0.22820034131085637,0.285001385362455
2734,V5 | V20 | V22,0.4228896869543664,0.29205784171436483,0.1519325714370065,0.38722939415426855,0.1954854105198305,0.9058049040607619,0.028908097897497324,0.36621588497560315,0.006187358082100456,0.9199578646529492,0.07308640303083527,0.48015421403090935,8.741744618232183,0.4116644881439172,0.28493242956639153
2735,V19 | V24 | V28,0.4041404464542033,0.2803924669149889,0.5980090270796032,0.12618401271030047,0.21743721435717742,0.8613664333003809,0.015001197394487072,0.12430269018100018,0.0020711146223444717,0.8855908492708077,0.06203158620342435,0.27506610295990624,7.9262108616281095,0.22691687590337561,0.28463273116427096
2736,V18 | V24 | V26,0.21930208221128916,0.23132566553879247,0.6048962208041102,0.25680636961910325,0.17159709661762032,0.3501261169885909,0.03492920252436824,0.7411753657822588,0.5750223033038275,0.9388432624202416,0.23987824954116443,0.2640167073766965,2.274872626534045,0.5898196016581946,0.28439144285580253
2737,V3 | V25 | V26,0.34602545258038364,0.3030099864036565,0.29634969814948203,0.5713161247057377,0.2893256390576973,0.24326933381752563,0.069959264883179,0.4821796569664991,0.11565359652469856,0.9204455240040836,0.31326898466348824,0.3791445199118461,1.04036517859651,1.2482714753965256,0.2843449775258035
2738,V2 | V15 | V24,0.26522228727836494,0.27745651059380066,0.26234774111650494,0.36929353818143207,0.23786770471660557,0.8882898474313439,0.07546480311912951,0.3184590224073198,0.03891175626920955,0.9437712183791197,0.19423341229573862,0.6278295897980438,2.9294950061783904,1.3858265259379285,0.2842228012056819
2739,V19 | V26 | V28,0.4251824802320114,0.2630970373642094,0.5756827597438683,0.11828630155985573,0.2191186794948665,0.8683750053574057,0.016447366402550335,0.12388197070742397,0.0020697158164127458,0.9400050921925448,0.05996265387657469,0.2937005388788542,6.94998334947639,0.23408910599172195,0.284143831526494
2740,V2 | V13 | V15,0.3306252099162207,0.26571998976359257,0.18385083896470564,0.36914824635426285,0.23067973287520555,0.8922836606453833,0.07503367896296717,0.3460484165979327,0.03908765372453222,0.9372492506188373,0.2118767173270492,0.5933898567976994,3.055091270048656,1.4163538609011357,0.2838735929960622
2741,V5 | V20 | V26,0.3919393184263664,0.3068716745414025,0.18812244502125514,0.37274322616558603,0.20678535460541508,0.8990309865894236,0.029869804358451504,0.34358458064338,0.006221092856097394,0.8938278131829993,0.06116679055568888,0.501343780294464,8.03910510360094,0.4088053406994243,0.2837358535646931
2742,V8 | V19 | V25,0.4548166204777279,0.26188063974190434,0.24114548451460335,0.36088478008759534,0.19017000259058262,0.8833132231740064,0.04312056890319102,0.18458425265700454,0.01558812548464869,0.9122628337000155,0.0784552232950857,0.545474261800073,4.504835100350826,0.6561537213507714,0.2834277918993417
2743,V20 | V25 | V28,0.4700716173220263,0.2750814366292026,0.5285634036594979,0.1036433236108169,0.21652925954133403,0.9243019001493251,0.029714025669676243,0.096459813963014,0.0010852157514156544,0.6938244528936526,0.02880957344465059,0.5218554988780282,5.964457325117814,0.3510761320685096,0.2828146870136575
2744,V18 | V22 | V24,0.25025245073928887,0.21651183271175478,0.590569498757285,0.2749642943128565,0.16029715253203586,0.3189760186368622,0.030730931691184203,0.8202245690044174,0.4526567762771585,0.9052306727708864,0.33219493665371913,0.2205078431312909,2.738886131680113,0.5563705978683221,0.28217512514624166
2745,V15 | V18 | V22,0.2804040388565333,0.18690348685727776,0.5491302438738858,0.27285750986946333,0.15224549703303136,0.26892026703035415,0.05285890898583146,0.8818412111645261,0.47013634143877575,0.9451612073082452,0.39402040075449796,0.23682773919821246,1.5297192951999214,1.0175739551532739,0.28171143303954105
2746,V2 | V15 | V22,0.31721468958417304,0.24534724821598353,0.18080536746374,0.37915110744455305,0.22824922576871015,0.9058317849493753,0.07783044163308277,0.3373181508903076,0.03801610493775178,0.9246829450282978,0.24262926260616247,0.6237708504182113,3.151684881875421,1.468222628509489,0.2817033621168526
2747,V13 | V20 | V21,0.479832954842876,0.3493784675679799,0.11772330976193601,0.22412819814879667,0.2613147256373182,0.9466683745403334,0.03053459376396572,0.3075428026037194,0.006227135342988238,0.7832536117546962,0.06123246698802128,0.45938127164719483,6.842081829110014,0.4520680431785526,0.28142569601256967
2748,V6 | V15 | V20,0.3699187975088338,0.3170568321965447,0.2731843614422227,0.22143947558526408,0.21981721215892555,0.8698600446595993,0.07859720230395773,0.40140755967523956,0.010657161546534875,0.8429879994137779,0.044039520643867326,0.43753952968684673,2.0703841637773817,1.5906044754638136,0.2813662601865686
2749,V3 | V15 | V26,0.3064996435123884,0.2918856239138158,0.25895038604547693,0.5675782589657082,0.284657069415776,0.2826150772484239,0.0772660379059672,0.4929880736676159,0.13098294633789231,0.9349332783463274,0.3899003923772043,0.3663691715952812,0.9812572403671116,1.4463197173869176,0.2810459212170189
2750,V5 | V19 | V24,0.3746435109659749,0.31099415101333194,0.32572735952993626,0.3943967815103659,0.20262875842648617,0.5538689446458535,0.039083647887990826,0.4968713708264069,0.017051142205060384,0.929275134191447,0.13887682142475738,0.3398487925368657,3.330105798993721,0.7020566323464361,0.28053123352005394
2751,V15 | V19 | V28,0.4342920345714475,0.2507841210605118,0.5572626472483747,0.12335343720235367,0.20938555885817298,0.866296981147811,0.01430092681214902,0.12862509289670637,0.0020726727857341355,0.8929437881165206,0.06705774926265679,0.24846496334023,8.313344163997137,0.23901721042844598,0.2802727825975987
2752,V15 | V18 | V26,0.24945367032853333,0.2017173196843154,0.5647804882972332,0.2546222911834517,0.16354544111861588,0.2707845162557482,0.05491981239445249,0.7927346559269971,0.6034627157247098,0.9587293337705244,0.2743664783581023,0.26821188540417856,1.3608123266406218,1.0142886015213795,0.2801475646127203
2753,V9 | V22 | V25,0.3211885881183946,0.2308681975258877,0.4399893300056894,0.30233509573945466,0.19418626321660507,0.3953625148528779,0.021323631901136033,0.7841507682220534,0.2942288285269834,0.9609322496551287,0.29753795655588333,0.3304879156666991,5.895445572839269,0.3114670105401702,0.2798237182008112
2754,V20 | V21 | V26,0.4354720659828284,0.34381955884740856,0.15335238700644105,0.21782791194132894,0.27018416261640726,0.9458769440619017,0.03589859629774073,0.2829906286126621,0.006214329986060331,0.8367464402071494,0.05586340761536093,0.5913271963286848,5.781240935934666,0.44691899219216885,0.2797468654121633
2755,V8 | V19 | V24,0.3851392232924885,0.2803646231065407,0.28319292283615444,0.3569942321124204,0.19355308844766583,0.8712520622496155,0.0384637735833023,0.18100481567301532,0.01587890795182642,0.9104751189997907,0.08046500119446555,0.5309845700336668,5.066318712044982,0.5600593039272529,0.2795496310125515
2756,V13 | V20 | V28,0.4657971427746422,0.28182889916363074,0.5113188772991623,0.0969028018224518,0.21272437355701726,0.9242038878157617,0.0233760589530001,0.10142704170145705,0.0010967135463696512,0.68507474599283,0.03150572253303068,0.35273459873519203,6.914151467683837,0.36403679313447374,0.2795224021299285
2757,V8 | V19 | V22,0.43713162559829655,0.24825536072872348,0.20557320174404847,0.3670924058293371,0.18393460949977036,0.8976523826348705,0.046582002909433706,0.19003917987090793,0.015702433547342666,0.9506564438086519,0.09351205768314493,0.5370450476512254,4.217419492648386,0.7492717433111226,0.27915640193687
2758,V1 | V22 | V23,0.34412549273773285,0.22763727960740243,0.08730786341403979,0.47402923972017647,0.19043332406960597,0.9492565669394265,0.18182257432290155,0.17627608737433734,0.006282248757301584,0.6590078123441344,0.14141440273894526,0.5668872532473902,1.0678084700901496,4.127326485636852,0.2791469982729804
2759,V8 | V13 | V19,0.4505421459303442,0.26862810227633255,0.20846001757764246,0.3568453578850642,0.18636511660626587,0.8897269853859161,0.04221719852423426,0.19414544345170295,0.015913063546575425,0.8510070496699472,0.08548277536222684,0.47868332523010265,4.575190976733303,0.7005231929946897,0.27907428836763154
2760,V18 | V22 | V25,0.3199298479245282,0.1980278493471185,0.5694483460195733,0.2795378961915768,0.1569140666749526,0.30266460352588115,0.016158532714505573,0.8537831147784245,0.3211460477962916,0.9286535464525596,0.3160850827624525,0.27818674963923207,6.410258906553659,0.23253952201722883,0.2790433418573207
2761,V2 | V15 | V26,0.28626432105617333,0.2601610810430212,0.21487926745412073,0.3644279191656445,0.23954916985429467,0.8871827631574094,0.07744034920276342,0.3171715060974585,0.03878802064557431,0.9315430603642068,0.18496219869826885,0.6340029774245122,2.8609867958109936,1.429183493412133,0.2789006997398271
2762,V20 | V24 | V28,0.4003942201367867,0.2935654199938389,0.5515932510472293,0.09715186766893066,0.21991234539841725,0.9260781848928392,0.028377130007982056,0.09457899936450108,0.0010955206769873171,0.7015024191519196,0.029591500362725832,0.46797508413270084,5.773970411733399,0.3643448062230548,0.2785441158470526
2763,V1 | V15 | V23,0.322284678549169,0.2301381961307425,0.07849656571402372,0.46443110384921743,0.19200014751849692,0.9463883435559178,0.1803265704032237,0.1739038691149259,0.006328234864807875,0.8316406512221279,0.13059507833764666,0.5438941589838693,1.0908227043453291,4.114715904136995,0.27843207845095597
2764,V8 | V19 | V26,0.40618125707029656,0.26306919355576114,0.2379273968131855,0.3520080671515709,0.19523455358535488,0.887749040165842,0.04531955360172294,0.1803797031522519,0.015854783319640308,0.958077659285788,0.07769507735557929,0.5610907156381555,4.206365285478459,0.6902817544370308,0.27826954778890167
2765,V13 | V18 | V25,0.33334036825657615,0.21840059089472752,0.5707626602644027,0.2673274253571023,0.15934457378144806,0.18657476192805175,0.01477588721990066,0.8928855421247678,0.4059187588790211,0.98985983779613,0.2694203718805472,0.20061859776059,6.54743855786454,0.27473480951150153,0.278219286545153
2766,V9 | V13 | V26,0.2859637450430107,0.2524294928873536,0.43964742702552945,0.2804555764536942,0.2016813213178728,0.2934065260282097,0.03660626118168164,0.7813324333594777,0.5213487503008932,0.9399862937639875,0.25105853572350434,0.19835605285884259,2.5271612373237353,0.7232015504593087,0.2781480250865537
2767,V20 | V22 | V28,0.4523866224425945,0.26145615761602176,0.5098235724384618,0.11393250230725825,0.2102938664505218,0.9251239009714913,0.027147747799012373,0.09930378615907598,0.0010892988848413654,0.7153012103531007,0.03446051528657988,0.44867546674617625,6.300324779826245,0.3606553832818085,0.2780261847683387
2768,V5 | V15 | V20,0.40104887276580226,0.2945587582377049,0.14428235535076242,0.37581085670756237,0.19705223396872154,0.9000265917366357,0.027428631299904378,0.36008531963580803,0.006232330877472932,0.8441056951496844,0.0684172188704768,0.4438493001801155,8.824225800024971,0.4083568175796939,0.2776755305191071
2769,V5 | V15 | V19,0.40479509908321937,0.2813858051588549,0.2493893421094819,0.39273442910762835,0.1945771029274817,0.6170896250503174,0.030117788008593382,0.5232397795869909,0.017081659469671655,0.915039265931461,0.15316298396999506,0.3942254309097245,5.368565282426039,0.4763170700321339,0.2771221143323721
2770,V20 | V26 | V28,0.4214362539145947,0.27626999044305944,0.5268399789202288,0.0887829456767569,0.22159381053610636,0.9278771357154046,0.03065827500787407,0.09424933379997438,0.0010946759369620171,0.7176542513848484,0.028511511026602557,0.5179265384690053,5.39874112066664,0.3681427970791224,0.27648891830824085
2771,V9 | V13 | V15,0.2950732993824468,0.240116576583656,0.41473872217664415,0.2841360361997075,0.19194820068117927,0.24025241021340357,0.03028090929147518,0.8438702618026408,0.5674038298597003,0.9497506092373926,0.30773851899978666,0.23833770001969468,3.771543112386735,0.5841128106591985,0.2758987165899459
2772,V15 | V18 | V25,0.2980890337359646,0.20052876587045856,0.5663681158416414,0.2653669677535434,0.15848089012384356,0.2226265954974757,0.048131864766528566,0.8301784930704665,0.40232163022947004,0.980735823288169,0.2791282930027461,0.24630637386232204,1.5213174548389876,0.8774582476898507,0.27526979588152817
2773,V9 | V15 | V25,0.29934777392983075,0.2333691140492278,0.4359071310233664,0.2887980930651247,0.19575308666549604,0.34728476364710054,0.031094431543671905,0.7637210823216555,0.3610601401854817,0.9737452007582592,0.264023870026221,0.3022750282530889,3.559479062835883,0.5326838704039507,0.27444353468635513
2774,V19 | V20 | V23,0.5096801887491563,0.3021047810697166,0.24168868036955005,0.19283579300253273,0.2078149204965834,0.939700194541052,0.0319542815028372,0.21426482741880418,0.003433966236075371,0.5815262822139877,0.03902574284884945,0.5298019791450319,6.822411457935216,0.4201656934273902,0.2741012786460362
2775,V9 | V24 | V26,0.22056082240515526,0.2641660137175617,0.4863570562066065,0.2806287575570136,0.20886929315927283,0.3094482479272171,0.04036162547741219,0.6860657802177277,0.494525714156051,0.9774189712624499,0.2280592446957327,0.2444843316139931,1.991910000739353,0.7290898684255299,0.27369193991070956
2776,V15 | V20 | V21,0.4445816203222648,0.3315066425437109,0.10589896683426023,0.22199229261628656,0.26045104197971375,0.9479862561040894,0.03166212413990549,0.2955183202428662,0.0062255501756283025,0.8036527810160834,0.062443054248855545,0.4868677853809837,6.798923856776241,0.4547222089117073,0.2735037316263211
2777,V8 | V20 | V25,0.45107039416031103,0.27505359282075437,0.13390583060676756,0.3428396242502441,0.19264513363182245,0.9346598944651516,0.05022646225819478,0.14057417557552354,0.0059296302399719945,0.9005612136194178,0.03779793126116594,0.5936395997291627,4.1596357020315615,0.7902337481828035,0.2732257884981394
2778,V8 | V20 | V24,0.3813929969750717,0.2935375761853906,0.18634940935385197,0.33880698164841266,0.19602821948890561,0.9347466595478693,0.04899937223494885,0.13791012012026144,0.005990683981957155,0.945246352767629,0.03875953564598673,0.564245529856253,4.245959907743544,0.7892470330311728,0.273069209203905
2779,V9 | V15 | V26,0.2507124105223992,0.23455766786308463,0.4337995890676674,0.27854551985313,0.20081763766026836,0.33384617795397714,0.03879861109108592,0.7311719355794919,0.5154444703977317,0.9658233264183774,0.25968112273047483,0.2363707337819395,2.4593339084868346,0.7396050638960069,0.2726805895016176
2780,V9 | V25 | V26,0.29023821959039464,0.24568203035292538,0.45972732377955,0.2851515751015659,0.2054862073021896,0.3412764854188575,0.036528791554509804,0.7107331158713918,0.3417598323661904,0.9198514402583868,0.2193663434020174,0.24793682883641122,2.321410882453218,0.6539386478957243,0.2722685146710087
2781,V8 | V15 | V19,0.41529081140973295,0.25075627725206356,0.1987687526793705,0.3552038635212728,0.1855014329486613,0.8846613024418827,0.041224253110566045,0.18745301690762334,0.015905838305505633,0.9177917192174834,0.0872598085886124,0.4959952980920052,4.730627833665594,0.6609118839714404,0.27202343287610514
2782,V9 | V24 | V25,0.26919618581258653,0.2629774599037049,0.4882381848194116,0.2908395494156,0.20380474216450054,0.29286572436266894,0.021280741668526795,0.7152538496269889,0.3506310293931831,0.9841155017020359,0.2315659484148816,0.31744775891453964,5.435353542625424,0.31296544302187485,0.2716652096897612
2783,V15 | V20 | V28,0.4305458082540309,0.2639570741393618,0.5063168663768322,0.09415330510927947,0.21186068989941276,0.9228912322133225,0.024475510637347975,0.09795880953990102,0.001096461511396723,0.6631770951656359,0.032170943831144945,0.3847970147759819,6.8697409285793745,0.361339502666606,0.2713391462398815
2784,V18 | V25 | V26,0.2889794793965285,0.21284168217415614,0.5844352749318488,0.26154662247729943,0.16821401076053716,0.2568078010707767,0.019836539954773084,0.7693244737753143,0.37853269572476406,0.9339169214301204,0.23045404678014675,0.21805247360279398,3.8716509097802216,0.3229734687389203,0.27102419545683853
2785,V9 | V22 | V26,0.2725532247109633,0.23205675133974452,0.43790039211626763,0.29235638657990926,0.19925081421137736,0.3070013476166976,0.039170871312824256,0.7501320629127396,0.3895937390546748,0.9481109628515652,0.2922396701917324,0.2219375671177628,2.0578305143593014,0.7262660627800404,0.27017328271010665
2786,V9 | V15 | V22,0.28166277905039916,0.21974383503604694,0.41289459859512256,0.2959514349079387,0.18951769357468382,0.2716217926015847,0.0334795907855588,0.8083456363351541,0.41483037503876696,0.9985993843304012,0.36712578862307643,0.2882225176522432,3.081788618816199,0.5863208819272434,0.26983991324139606
2787,V9 | V15 | V24,0.2296703767445911,0.2518530974138641,0.46390562518646,0.2843079600106907,0.19913617252257929,0.24407361658254595,0.03422985070479066,0.7359145806904324,0.5357975603125044,0.9812820721460072,0.27584890950370033,0.2812428915132633,2.838149379416366,0.5982741029029912,0.26953089426744103
2788,V9 | V13 | V22,0.31691411357101046,0.2376156600603159,0.41901166306075965,0.2977968998563139,0.19038137723228832,0.1735684098704846,0.02434733255274047,0.868158173437147,0.41865439752840206,0.9582368010334374,0.3517323418955045,0.2365862866376936,4.412906859024863,0.44836897469354675,0.2693378002124738
2789,V1 | V23 | V25,0.3618104876171642,0.2412625586205833,0.132774495004062,0.4690121230969932,0.1966687171604182,0.8623059169944658,0.12540031824907272,0.1712705503141236,0.006256166479053915,0.4859132336770902,0.1158470913970851,0.47024013393290703,0.7116852748659033,2.5797896533697027,0.26791932133842117
2790,V8 | V20 | V26,0.40243503075287973,0.27624214663461116,0.12984211149085043,0.33363703971390696,0.19770968462659474,0.9350094686366657,0.05022694750195854,0.13744402222842073,0.005985659106854387,0.9545864823648177,0.03743189490382388,0.5912795738840639,4.110489904569169,0.7907432254263044,0.26756538434437105
2791,V9 | V13 | V24,0.26492171126520236,0.26972492243813306,0.46938630234833517,0.2861963866990392,0.1999998561801837,0.126257614082094,0.022501080655845076,0.7866423546843868,0.5421780268769676,0.9602991209639165,0.26632838620197463,0.20840099358296846,4.653060584278419,0.433893843705623,0.2672866418698529
2792,V19 | V20 | V25,0.4145040320091954,0.25987873008773377,0.2681735783534082,0.16567623202351117,0.16863977179644515,0.8533425253654767,0.02697040509109077,0.5565095593831015,0.012365796170901533,0.7697634448475643,0.06733450914852018,0.43388548560163687,6.2653462314169435,0.36993424036105826,0.2667535631221301
2793,V13 | V23 | V27,0.44854165077767466,0.24540425835746943,0.2931708803695592,0.13444358112157057,0.20980524770523495,0.9314305768559681,0.014606871846077663,0.2456796518727676,0.0036637533716212516,0.9595575870420852,0.03207769931194691,0.35577289163531206,13.523333731179196,0.17859725590971454,0.2665580309210023
2794,V6 | V13 | V23,0.37388667075384957,0.25300368737101536,0.2490564735060256,0.209032751576777,0.18165301745635096,0.901323683610303,0.09299584838258419,0.22250789788869846,0.006149382962608488,0.9579710814088637,0.06318847665305934,0.4670745043060404,1.6641923002509067,1.9053233832882908,0.2664217098695608
2795,V8 | V20 | V22,0.43338539928088,0.26142831380757353,0.08855618710724159,0.34927163535368005,0.1864097405410102,0.934001979352083,0.04701893243571968,0.14461827092220506,0.005953758104417384,0.9549915545996798,0.04479194946172263,0.5458997913039183,4.3925075447023865,0.7585934166852906,0.265941421809743
2796,V20 | V21 | V22,0.46642243451082865,0.32900572602037087,0.11420680075472288,0.23741489154263884,0.2588842185308228,0.9401731393737496,0.032667320262913836,0.3001450007473243,0.006180648599440313,0.3140007008342294,0.06666020451999463,0.5429463625314458,6.696839895740712,0.42444258692046677,0.2658166016681504
2797,V8 | V13 | V20,0.4467959196129274,0.2818010553551826,0.09227289499379357,0.3386526475092668,0.18884024764750568,0.9346862109633325,0.045259307594788065,0.1476499777789877,0.005997785801754797,0.7945880374061979,0.04112194865919555,0.4835644849718782,4.692742086555739,0.7825701159955297,0.265512161815847
2798,V9 | V13 | V25,0.33459910845044205,0.25124093907349676,0.441728489018461,0.2906698351943626,0.19661677032310051,0.13607318792832562,0.02391780517734571,0.8178428294256924,0.3639584187647042,0.9442373207334147,0.2551643383836368,0.24213719786086102,4.379443624788123,0.429918084755023,0.26468588875375915
2799,V23 | V24 | V27,0.383138728139819,0.2571407791876775,0.3561850282031571,0.13467480817019678,0.21699321954663495,0.926420188901418,0.01826936696784906,0.22820332411156163,0.003660082164302948,0.8528115010679034,0.030138106196928634,0.45634786441708397,11.366689503776287,0.16621108453408892,0.26364797212307883
2800,V13 | V23 | V28,0.4345136814990461,0.19990392931383252,0.49191017066939324,0.07813327692307391,0.17369649519683814,0.9422270535869368,0.016625521686138567,0.05646521669145927,0.0006788977050067526,0.9398740077717833,0.04662798652317091,0.3405629518405231,10.202535616959025,0.2286214864582017,0.2634056178198526
2801,V13 | V19 | V20,0.4102295574618117,0.2666261926221619,0.23741099802430932,0.15971944595640397,0.16483488581212838,0.8485095857781136,0.022948042038220887,0.6029854857585983,0.01258352782690406,0.7207102843829023,0.07320638746499356,0.3268533411438069,6.7575541573843445,0.3756579309390387,0.26297171333615593
2802,V1 | V24 | V25,0.19695693369196385,0.21752049100323684,0.2151556220764448,0.45023490184933407,0.16087665431736323,0.7045952632705139,0.11599031350682593,0.3957306083317455,0.0993975947898239,0.9627952091628709,0.2518389413988469,0.42061922082424313,0.814539918686327,2.405092639943757,0.2629661597544774
2803,V6 | V23 | V26,0.32952578189380194,0.24744477865044395,0.27611349967316373,0.20254006905532138,0.19052245443544,0.8970086787526423,0.09647807525885055,0.20632157586173905,0.0061368097477499306,0.9415018006310412,0.0576401614961659,0.560144690813432,1.4928570046668188,1.8817201180384036,0.26190141729476646
2804,V19 | V20 | V22,0.3968190371297643,0.24625345107455293,0.23470025000582817,0.17478676714861524,0.16240437870563293,0.8596882421261477,0.026348350105650203,0.5826193553594702,0.012442552898626506,0.7712624863806258,0.07985194813949138,0.40127911049372095,6.219510429787751,0.38464892902774733,0.2617390028458093
2805,V6 | V23 | V24,0.3084837481159938,0.2647402082012234,0.31794193635917484,0.2092322361372565,0.18884098929775095,0.8878506577450156,0.09578803340749052,0.20705407999331882,0.0061420195636336765,0.7687723671754371,0.05962497665606128,0.5440498181227141,1.5185584474281724,1.8830308412782473,0.26128127506923665
2806,V19 | V20 | V24,0.344826634823956,0.27836271345237007,0.30792902049546067,0.15993938761469448,0.17202285765352837,0.8392343519603389,0.02571545712074096,0.5399351100947885,0.012560707926857234,0.7293092475411124,0.06901910609891382,0.401925551463962,6.21211018829972,0.3665460328158648,0.26114524428095676
2807,V5 | V23 | V24,0.33961382337296253,0.24224213424238367,0.20258520285420983,0.36684739349985473,0.16607601110754686,0.9360615853034117,0.025614891090492607,0.18978878673599045,0.004009280147918126,0.8140620904949565,0.09370274283306702,0.5538867464106975,17.921627857971536,0.2976397078893717,0.260949082698767
2808,V5 | V13 | V23,0.40501674601081805,0.2305056134121756,0.11210237577241379,0.36670139612321623,0.15888803926614686,0.9384427295048366,0.02188382439630037,0.20368760246896164,0.004013393883662238,0.8964314864265454,0.0997784737831694,0.4921067318638761,20.128154226623487,0.2628666733931786,0.260084497335079
2809,V8 | V15 | V20,0.41154458509231584,0.2639292303309136,0.07976892169472878,0.3369508411378112,0.18797656398990115,0.9337886702683571,0.04578824110619614,0.1427033543935305,0.0059962846986159,0.9068846901533246,0.04194570328703912,0.5034670788750174,4.658222110323788,0.7760660965570473,0.25990456187623356
2810,V9 | V22 | V24,0.251511190933155,0.24935218089052402,0.4677484998608735,0.29796423622298407,0.1975693490736883,0.1410241882044352,0.02514187426671955,0.7550853450362748,0.40114445295901335,0.9901505659873974,0.31204241041522784,0.2522963336872504,3.701351293454781,0.42643436639456295,0.2596418184099325
2811,V23 | V26 | V27,0.404180761917627,0.23984534963689805,0.3178257560242661,0.12690978642876882,0.21867468468432397,0.9328870541374552,0.02135046308066111,0.22737738546381434,0.003657483543753291,0.8263130552987598,0.029044058354180814,0.5160553746866293,10.460135815233459,0.18439784354724426,0.25963930084888553
2812,V18 | V22 | V26,0.2712944845170972,0.19921640316097528,0.5678712988028939,0.2690936202772631,0.16197861766972488,0.11379295615712844,0.021332778194821416,0.814521586630887,0.4380216778125112,0.9017476444712328,0.3102178292258732,0.10903939154827814,2.7959705367428533,0.4147517747006051,0.25957260614616545
2813,V23 | V25 | V27,0.4528161253250583,0.23865679582304122,0.32053371447480533,0.1407041975093995,0.21361013368955167,0.927245039103963,0.022494747327180285,0.23294215425323966,0.0036284481144213134,0.5315675069091512,0.029345982312714288,0.5302671827019936,10.222721957475722,0.19964477488294857,0.25942961707892753
2814,V23 | V26 | V28,0.39015279263899905,0.19434502059326114,0.508086460899987,0.06970338235442596,0.18256593217592718,0.9450119524194455,0.024073980264714703,0.05173588403147278,0.0006773297320210363,0.9275256147633497,0.042508155873487094,0.513301608222779,7.866841699274427,0.23613932573164648,0.2593133367060436
2815,V23 | V24 | V28,0.3691107588611907,0.2116404501440406,0.5338383010864147,0.07839177123260034,0.18088446703823813,0.9420068217033997,0.02159165186905595,0.05195430697843258,0.0006779798009562783,0.826991392828219,0.04398830293691601,0.46001413777371625,8.35257979389645,0.22737401746229552,0.2592736783043679
2816,V6 | V23 | V25,0.37816114530123346,0.24625622483658713,0.2790768235219204,0.214438333430005,0.18545790344066773,0.889017057339163,0.08912823189906827,0.21125307021018538,0.006078726533196506,0.5975461461875665,0.05818611378262495,0.5409673825828425,1.678934299059428,1.7276879564830334,0.2589615419130512
2817,V1 | V22 | V25,0.24894933599777191,0.1854112286254197,0.12390772613076624,0.45864475911401087,0.15125817536946773,0.7111226052346908,0.11522928839855327,0.4217592416514146,0.09411292462178333,0.9160591090413028,0.328767059706823,0.40758606924475527,0.8523184921719412,2.4085460205907103,0.258080157072763
2818,V6 | V22 | V23,0.3604761504218016,0.23263094582340632,0.24641347339008274,0.22271717412410677,0.17922251034985553,0.9014759963912146,0.09450454528063139,0.21766734506502014,0.006103737312624623,0.7290187280188891,0.06880633897102308,0.5282601135323075,1.6395499776728248,1.8819076727505204,0.2575573943608558
2819,V19 | V20 | V26,0.3658686686017643,0.2610672839015906,0.265139169482544,0.15255605076685,0.17370432279121747,0.8413986204098798,0.027186347697120142,0.5370843556942918,0.012544580444955962,0.7579683511287145,0.06669623712868165,0.42386472363887845,5.728330720882686,0.37487705319546266,0.2573928843945256
2820,V5 | V23 | V26,0.36065585715077064,0.22494670469160422,0.14815148132001257,0.36195803531080634,0.16775747624523596,0.9390711155877577,0.02431291915004258,0.18912840996880864,0.004006368468014745,0.8882524671384908,0.09036785489826887,0.5699942303966042,18.757778410929483,0.2481502092703532,0.2571595023524189
2821,V22 | V23 | V27,0.43513113044562696,0.22503151680986033,0.29076947539034964,0.15027220034349645,0.2073747405987395,0.9269764943158725,0.01834993252903353,0.24019503679096812,0.003640965244981085,0.7034495198691836,0.0350727922792567,0.4480103383289781,11.887297466994944,0.18001927423395067,0.2570707309508348
2822,V15 | V23 | V27,0.4132903162570634,0.22753243333320047,0.2851192112891804,0.13189155474661204,0.20894156404763045,0.9252519200775887,0.01566639826445287,0.23675177530581723,0.0036629775400721155,0.9133742287530566,0.032751873057757376,0.3779047993029695,13.10361418174583,0.18340217630133626,0.2568038684808991
2823,V6 | V15 | V23,0.338635336233238,0.23513186234674638,0.24018926940581597,0.20683189731792317,0.18078933379874648,0.8977330538140937,0.09402845457053088,0.21462407066037323,0.006147826550624907,0.8977424659945779,0.06444069185540031,0.49552840620204386,1.6827704836775468,1.907718224285227,0.2565455386904955
2824,V23 | V25 | V28,0.4387881560464303,0.19315646677940432,0.5098812299294068,0.08512726917489415,0.1775013811811549,0.9367958651385262,0.024362244699817178,0.05319822246902607,0.0006700469453567342,0.5472282837235062,0.04291600115563669,0.5295278343534767,8.253651808901699,0.23251355868092044,0.25652900725295585
2825,V1 | V25 | V26,0.2179989674697722,0.20022506145245733,0.16227188323411945,0.4460927892219491,0.16255811945505225,0.7040922713042898,0.11725565757856574,0.3939671095686557,0.09864753227951706,0.9144762791181396,0.23788871968121642,0.4422446667504195,0.7684220431829745,2.4037117738212017,0.2560415967760752
2826,V22 | V23 | V28,0.4211031611669987,0.1795311877662235,0.490350523095899,0.09579665829292089,0.1712659880903427,0.9436122161981758,0.02115017925403712,0.05507194648117745,0.0006731908967207567,0.7158948301267539,0.05074377654314412,0.4523492064269085,9.34352347316523,0.2332049064613315,0.25581341467878066
2827,V5 | V23 | V25,0.409291220558202,0.2237581508777474,0.1520577852920365,0.37066305450866405,0.16269292525046364,0.9303260329141352,0.025907328527377635,0.19357155328854875,0.003973845196636419,0.5452126435427437,0.09128170070197922,0.5540986281258666,16.02048339096086,0.29952500182908354,0.25509332529906864
2828,V6 | V13 | V25,0.27871051401388885,0.21077763638903255,0.2751334887401376,0.18275312757137377,0.1424778687562127,0.756879764105436,0.08861410972412524,0.5896441396937052,0.07965226345770238,0.9902092501939475,0.11193349543348674,0.4558644067092202,1.3329891817887005,1.743373983228396,0.2549012533529495
2829,V15 | V23 | V28,0.3992623469784349,0.1820321042895635,0.48669206820697714,0.07527937583101582,0.17283281153923366,0.9415922223984665,0.018194628176788862,0.05418689810889118,0.0006787037725706389,0.888064615730242,0.04755020435453399,0.3809024242571087,10.156633640119782,0.23084147540733838,0.25461956016696136
2830,V13 | V25 | V27,0.353365494037714,0.2031782073754866,0.31693052808761907,0.1038522281974492,0.17063009900509668,0.8022451361080295,0.011023067420244437,0.6918229769921405,0.013967090369643024,0.923120173700381,0.05578304888093447,0.17506588395847086,8.97557219815249,0.22987040651532184,0.2541106794316429
2831,V21 | V23 | V24,0.3831465709294248,0.27919001854838976,0.1689281135361209,0.20979857090344148,0.22947481911853912,0.9542604932991711,0.0291127408782833,0.1607283452235345,0.004005570085036906,0.6878142008944713,0.08509515603585625,0.5723957200248807,8.487381516814951,0.32226934606746904,0.253696293532707
2832,V1 | V22 | V24,0.17927193881253253,0.20389521199005597,0.17743583509565225,0.45544109459433313,0.15464126122655095,0.6507934860887885,0.11429470233490308,0.41096880882629705,0.10320427699271931,0.9687022297675675,0.3460252986323553,0.4068623711703688,0.8653501035538586,2.3874734108523965,0.2536742133649671
2833,V1 | V15 | V25,0.2271085218092083,0.1879121451487597,0.11577425382792711,0.44874680846543996,0.15282499881835868,0.7111479556593484,0.11390899927069904,0.41420317411993035,0.10024576147861111,0.9299263940452137,0.2893695727255262,0.37401665326394284,0.9339279595220628,2.4287773322013413,0.25303076721754836
2834,V6 | V13 | V22,0.26102551913445726,0.19715235737585168,0.2421795671818544,0.19156337488072964,0.13624247566540043,0.7830813094862927,0.09777065555605792,0.618370297367419,0.0821064846102238,0.962458689977584,0.13625268899672863,0.46966775035366487,1.1478083106803934,1.943113995655604,0.25265719010389315
2835,V5 | V22 | V23,0.3916062256787706,0.2101328718645665,0.10854260364688884,0.37675235872563456,0.15645753215965144,0.9424258720713008,0.02478375569040712,0.19934094878992775,0.003987863658572188,0.7051047750035925,0.10959426728183129,0.5508195358713553,17.626088839952505,0.27713062500104857,0.252317608458734
2836,V15 | V19 | V20,0.3749782229412004,0.248754367597893,0.22831492004439666,0.15729230212796333,0.16397120215452388,0.8421310502048106,0.02356815225019934,0.5701096293661283,0.012578701831777424,0.6852272380307136,0.07468296314894354,0.3549003171479253,6.793973170715152,0.3651779233740597,0.25225661332195104
2837,V13 | V21 | V23,0.4485494935672806,0.26745349771818167,0.07081907317947875,0.20959930996462073,0.2222868472771391,0.9561732201975701,0.02578609285239932,0.17220312517641873,0.00400967898672236,0.7522043761865879,0.09047103182407548,0.47955267773464216,9.402448471133269,0.33337577909282917,0.2514620633345834
2838,V1 | V24 | V26,0.14832157028453286,0.2187090448170936,0.2117503944879469,0.4428082394585276,0.16594120531213546,0.63756669873823,0.11606998714196282,0.38421866575131364,0.10865853083430226,0.9954686145161984,0.24782038218016209,0.44184613629322905,0.7848660725008835,2.3768831504012895,0.25125645238858113
2839,V5 | V15 | V23,0.36976541149020675,0.21263378838790664,0.10013122403836777,0.3650916772530521,0.1580243556085424,0.9393923094573183,0.02238976634274159,0.19660500429987615,0.004012524508446629,0.8535465062912807,0.10194091917104534,0.5152082681379138,19.5674017423828,0.25231599345936834,0.2507543652084505
2840,V13 | V24 | V27,0.2836880968524743,0.22166219074012297,0.35285070881070785,0.09736347423738158,0.17401318486217993,0.8129847546021723,0.0001376891002164605,0.6682317348056683,0.01420721980202867,0.9677430787929165,0.05716061446993742,0.1379246387876224,38.48403689582982,0.044133810421233634,0.2506863448955398
2841,V13 | V22 | V27,0.33568049915828235,0.18955292836230575,0.2869252169633572,0.11413719465246455,0.16439470591428448,0.8174446680482749,0.006000535803697022,0.7294393328984807,0.014061570759462528,0.9357790446127269,0.06593308767290028,0.16241897985230763,14.674032139356006,0.14155881350088126,0.250502492072781
2842,V22 | V25 | V27,0.3399549737056665,0.1828054658278776,0.3146499378808197,0.1206530227121902,0.16819959189860126,0.8083449835401832,0.018662305586930553,0.6663389388668194,0.013798845719083346,0.8441042391454628,0.06069912389224283,0.26533334717524426,5.863915026843191,0.303148329497191,0.249710538824865
2843,V24 | V25 | V27,0.2879625713998585,0.21491472820569474,0.37697917317007146,0.10409789104339205,0.17781807084649667,0.7923280918380085,0.014580792245712442,0.6134729110965329,0.013939836183245678,0.8971892054420804,0.052649265870135735,0.24206082665791662,6.896809217376607,0.23381713930252948,0.24971021642362887
2844,V21 | V23 | V26,0.40418860470723295,0.2618945889976103,0.1101021652138919,0.203113954101704,0.2311562842562282,0.9560316050548354,0.03134242030176809,0.16018094716346393,0.004002661824753065,0.7607693062385891,0.08213345596708632,0.6157302906973673,7.999775065203965,0.3342223573017526,0.24959440843152492
2845,V6 | V22 | V25,0.2652999936818412,0.19040489484142353,0.272636098604603,0.19715816430907956,0.14004736164971726,0.7552893391555173,0.08911403258046895,0.5699984619301651,0.07555535540339572,0.9383490294219566,0.12341894684141103,0.5096398377125944,1.3459635497114362,1.7056457260647944,0.24957407366184511
2846,V21 | V24 | V25,0.2879704141894639,0.23696396756640697,0.1997881632730111,0.18355981988722067,0.19029967041840085,0.9274793591738929,0.024634358778829548,0.37383221950318063,0.016785981947823558,0.9463855976615045,0.15952240836266343,0.5339763708619049,10.149126877822562,0.2538816880061156,0.2493075393238004
2847,V6 | V13 | V26,0.23007515060645758,0.21196619020288937,0.2721446507712434,0.17007469938311592,0.14754241975098503,0.7674083444156499,0.09845402523840364,0.5683398656330759,0.08556183190353919,0.9786741846324246,0.11074267641645984,0.4896593249361223,1.0432501045412146,1.9179922145455044,0.24891903551790232
2848,V1 | V15 | V24,0.1574311246239689,0.20639612851339603,0.17020019780421033,0.4454795303598419,0.1562080846754419,0.6557215971109772,0.11145386768634001,0.4037011701566377,0.11059248963329339,0.9608880698269573,0.30319477339914286,0.3601798211914119,0.9571897302552167,2.3815937367333366,0.24837308962166535
2849,V5 | V13 | V25,0.30984058927085734,0.1882795624301928,0.1468578525905729,0.3476043272686152,0.11971289056600862,0.7667379608261816,0.04199837500700767,0.5161797111695455,0.016857760451928355,0.9734873524998641,0.19616985649547666,0.4455233835112469,3.773333706534154,0.6975655472679496,0.248219775414943
2850,V6 | V13 | V24,0.20903311682864925,0.22926161975366888,0.31431837557987424,0.1772080774944071,0.14586095461329598,0.744154129088618,0.08742022627668129,0.5714627912335716,0.0861295011721959,0.8848143821156015,0.11509862200662119,0.4181061133894784,1.3976648237537042,1.760032863450685,0.24800250943753568
2851,V21 | V23 | V25,0.45282396811466424,0.26070603518375346,0.11434267993094596,0.21499886326465187,0.22609173326145593,0.9514677158340341,0.030843830939569095,0.16386010008394164,0.003970176643195686,0.4082874145958669,0.08294581338777723,0.6165988470204372,8.443893731055686,0.324939035827456,0.24770755679541293
2852,V5 | V22 | V25,0.29643006893880997,0.16790682088258377,0.14355727209418673,0.35803866269560836,0.11728238345951318,0.8047013094754422,0.04425404017248335,0.5002745379871835,0.01662485975680392,0.9592527736948945,0.22321312810468083,0.5152170401843137,4.0820241707372675,0.7023063052062568,0.24765344394596553
2853,V6 | V24 | V25,0.2133075913760331,0.22251415721924067,0.34048961594115157,0.1829632652276244,0.1496658405976127,0.7317103936926846,0.08557319532323195,0.5287603811324033,0.07896554420111372,0.881825653676402,0.10488209047512667,0.48625985002368954,1.3745483989464327,1.6372888631434672,0.24749712664762263
2854,V8 | V23 | V24,0.3501095356994759,0.21161260633559234,0.1462176808110876,0.3272635173517339,0.15700034112872652,0.9465119901888421,0.05754471582299069,0.07967958471179946,0.0038792178228489096,0.8405482306431176,0.05682293073492419,0.6010580938360083,3.5592485052833824,0.95750163862726,0.24740457992897216
2855,V13 | V21 | V25,0.35337333682731986,0.22522744673619885,0.10869717897595559,0.1833499303597035,0.1831116985770009,0.9295308895068085,0.02111332862679276,0.40884144211279894,0.01682363357807376,0.9299606552377397,0.1724501027179363,0.44396239494306267,11.254681946624572,0.25566096872809363,0.24702459448927205
2856,V22 | V24 | V27,0.27027757652042694,0.20128944919251388,0.3507413009755485,0.11437790626674568,0.17158267775568448,0.8160411492970057,0.008709360379559026,0.6441609789324041,0.014033999438515778,0.9018836603397647,0.06220353437827276,0.22308560500741717,12.246923653960273,0.14330924741738613,0.24658459101802216
2857,V1 | V22 | V26,0.20031397259034087,0.18659978243927652,0.11975459742236717,0.45134163585046644,0.15632272636424005,0.6478928001138382,0.1150657908425238,0.4091026552723508,0.10239723765518864,0.9426077580306529,0.3224943369231418,0.4238772893676203,0.8284231977542822,2.3807265533981403,0.24629124398809857
2858,V13 | V21 | V24,0.2836959396420803,0.24371143010083512,0.1639158709024556,0.1778114652326507,0.18649478443408413,0.9342598803819286,0.01995124831370388,0.3985417804030093,0.01715633152173324,0.9328663524701276,0.1783839175668848,0.42070519670141837,11.09690638245011,0.24606233237200523,0.2461527720897319
2859,V6 | V25 | V26,0.23434962515384122,0.20521872766846116,0.3007443812433881,0.1759112839383604,0.1513473057353018,0.7408043321788708,0.0912647716902211,0.5260031298581653,0.07848587208644325,0.9317342219495051,0.10103027161726386,0.5412906476687736,1.1844708100731574,1.7013209294587672,0.24571331591598142
2860,V15 | V25 | V27,0.3181141595171024,0.18530638235121766,0.30928630452410805,0.1011404082157869,0.1697664153474922,0.8115372447245065,0.01293948688371778,0.6507692058809188,0.0139613259560684,0.895263394155253,0.056881409284619294,0.21802437389230525,8.63626174192592,0.23581043088297002,0.24483181099089346
2861,V6 | V13 | V15,0.23918470494589364,0.1996532738991918,0.2358975998937765,0.1746502018733708,0.13780929911429152,0.762395358906663,0.09443454428050382,0.6045940159467346,0.08677010397485825,0.9511177311800144,0.12598205188193096,0.4407232458655304,1.2683424758483834,1.9055314141164013,0.2447950332024531
2862,V1 | V15 | V22,0.20942352692977698,0.1742868661355788,0.06851097748228333,0.4539682851885334,0.14658960572754648,0.6650467428292216,0.11106233193709206,0.43053814656699096,0.10411740972234948,0.9546525339366904,0.4127390985003655,0.3496905649319714,0.9922931809578052,2.3903740897356007,0.24449560533669923
2863,V5 | V13 | V22,0.292155594391426,0.17465428341701192,0.10282525129383502,0.35397631950066144,0.1134774974751964,0.7881311798034063,0.043240501967211104,0.539279450272468,0.016988924947631275,0.9741563419130265,0.2558563619365288,0.47995990841760683,3.5748204307047327,0.6880198053110815,0.2443557969650389
2864,V5 | V25 | V26,0.26547970041081,0.1827206537096214,0.18038421938299964,0.34267727063180664,0.1285823275450977,0.7967069820899898,0.04316728422232096,0.46433534763266765,0.016793290100031166,0.9233025857451898,0.17219685878452823,0.5434769174311348,4.080549187353653,0.6442584462450585,0.24424611379570715
2865,V13 | V15 | V27,0.31383968496971876,0.19205384488564586,0.2812273920556637,0.09436617155964146,0.16596152936317543,0.8085930645690931,0.000732815333599768,0.7113468394890167,0.01422942329021341,0.9656390567233419,0.0617656862557598,0.1219439577710707,39.547565846779236,0.07705991655560852,0.24394247228868132
2866,V13 | V26 | V27,0.30473013063028237,0.20436676118934344,0.3142012792286487,0.08899808732093056,0.175694649999869,0.8119985274130772,0.00039992572753136466,0.6641963323784351,0.014187324435459467,0.8623750020849918,0.055260157117145436,0.14576309464286968,36.73023619745047,0.042292224707479925,0.24344709892651725
2867,V8 | V23 | V26,0.371151569477284,0.1943171767848129,0.08421582076164508,0.32197341529633605,0.15868180626641562,0.9464732168902983,0.058946641134647,0.07939139413770625,0.0038764248244041737,0.9342707499425085,0.05493389240456629,0.6293676706101093,3.406251988207305,0.9599292820532139,0.24341187129664674
2868,V6 | V22 | V26,0.21666463027440966,0.1915934486552803,0.2696309881818409,0.18484064493006583,0.14511191264448958,0.763753088937987,0.09971214454220535,0.5498184650371755,0.08086971922822761,0.9182437040262971,0.1220583698451888,0.5466038678987449,1.0413892397763411,1.8950204520762244,0.24335640540668896
2869,V6 | V22 | V24,0.19562259649660158,0.2088888782060598,0.31202480673943184,0.19176987916657728,0.14343044750680042,0.7411996048900494,0.08906573472400145,0.5527786031560813,0.08137820468954322,0.8461106774453775,0.1270418506018678,0.47398606883108363,1.3307650212849185,1.7371985927866338,0.2431003458800503
2870,V15 | V21 | V23,0.4132981590466692,0.24958167269391263,0.057711509333942805,0.20740092872291852,0.22142316361953462,0.9549597706553562,0.026830577868171963,0.1663667724161647,0.004008810633373339,0.7426918042336277,0.0923781987304511,0.5040575901842138,9.32586024152366,0.33673227970903685,0.24272096081110242
2871,V21 | V25 | V26,0.30901244796727223,0.21966853801562747,0.14500305174245506,0.17651622211355608,0.19198113555609,0.9276722024591626,0.025738367327473758,0.3722111742102383,0.016759392262277236,0.8965198378231211,0.15262571877503828,0.5614938456233685,9.637804645497837,0.2522558189084121,0.24209348289282887
2872,V6 | V15 | V25,0.24345917949327758,0.19290581136476365,0.2667579310232641,0.18043444612888396,0.14161418509860826,0.7300006239936296,0.08569558228787713,0.5579215266858093,0.07950624530924634,0.9483072135235623,0.11445382110934793,0.4689685249145717,1.4836468273820418,1.6764273550954334,0.24198178353409522
2873,V25 | V26 | V27,0.30900460517766654,0.19761929865491523,0.3403789766688369,0.09584422558801692,0.17949953598418578,0.7939669446447705,0.015794437954909098,0.609968131755285,0.01392057954414745,0.7478698944904356,0.05089856899126639,0.2652017034806833,6.362053008145361,0.23468024484367034,0.2419735555991588
2874,V21 | V24 | V26,0.23933505078203285,0.2381525213802638,0.1962671829324057,0.17090188300730827,0.19536422141317317,0.9327820599098295,0.024039521172436632,0.3632421543168173,0.01708984004502472,0.9409312658290699,0.1575552554108145,0.5296796230402554,9.74709069544766,0.23854988931421767,0.24183337288610907
2875,V1 | V15 | V26,0.178473158401777,0.18910069896261653,0.11154693453383421,0.44129806807530203,0.157889549813131,0.654659352160409,0.11235050226029468,0.40188433730602463,0.10966896341571475,0.9613744554982456,0.2843128003339108,0.37659789960542944,0.9158060903907658,2.3786684538049467,0.24182975933437992
2876,V15 | V24 | V27,0.24843676233186301,0.203790365715854,0.34578336160360146,0.09461649125162191,0.17314950120457542,0.8214062496999187,0.002607568266258801,0.629433812025717,0.014201284035642605,0.9313613704050345,0.05828682416705375,0.17785061864973284,29.739923627886068,0.06457309431747078,0.24135138244432214
2877,V8 | V13 | V23,0.41551245833733164,0.19987608550538422,0.04256069470831606,0.3271056143643308,0.1498123692873266,0.9435277744380404,0.05106258892368013,0.0856538953817251,0.0038831637903425,0.8192002033843405,0.06021040223733838,0.5123326166113831,4.011339735000208,0.8886797077815454,0.24132501201298703
2878,V15 | V22 | V27,0.3004291646376711,0.1716811033380368,0.2787628531334795,0.11148018735742038,0.16353102225668,0.8204774530271478,0.00791217076564723,0.6846636651577087,0.0140557392254344,0.918776968339718,0.067244913231444,0.19357376834698306,13.187227011426259,0.1560153085040186,0.24075152558368798
2879,V5 | V22 | V26,0.2477947055313787,0.16909537469644054,0.13957802826136342,0.3491113366990349,0.12234693445428543,0.81727695642512,0.04481289914021184,0.48384509286636956,0.01692357052928513,0.9382316174515075,0.21990729973898382,0.569549392520327,3.821080865754434,0.6526125227215983,0.240605413744863
2880,V24 | V26 | V27,0.23932720799242693,0.21610328201955156,0.374583809290013,0.08925108128080157,0.182882621841269,0.8106968338514491,0.0029248833866979814,0.5907653221795954,0.014159328166559022,0.833998530356532,0.05215570271845425,0.21471199458015822,30.975328962834663,0.03764951985387206,0.2398414284280362
2881,V6 | V24 | V26,0.16467222796860184,0.2237027110330975,0.3378965921343446,0.17029017811376407,0.15473039159238497,0.72848379442395,0.09037105808691512,0.5108439200167116,0.0847729868771165,0.8678450846447202,0.10378992954416992,0.5023320777980202,1.2107709772237563,1.7212756733195729,0.23982155777889583
2882,V8 | V23 | V25,0.4197869328847156,0.19312862297095607,0.08869983202904227,0.33138901707297147,0.1536172552716433,0.9419581633392485,0.057030892338050976,0.08132274332795116,0.0038452236107955466,0.5237779486484608,0.055453661865656506,0.6228270389138549,3.5800128222749352,0.9226701932769051,0.23957504899863938
2883,V13 | V21 | V26,0.3047379734198883,0.22641600055005567,0.1044042226824345,0.17068666517125045,0.18817624957177317,0.9338619600074529,0.02049889487511167,0.39675956140146035,0.01712870096006969,0.9269518268754644,0.17023890531255606,0.43983786797161156,10.987289346277844,0.24115593411101727,0.23937163422984803
2884,V22 | V26 | V27,0.291319610298235,0.18399401964173437,0.3119071268572184,0.10629188895324994,0.17326414289337352,0.8160362350811131,0.009484691420340622,0.6403634092914311,0.014014519049033666,0.774788807695937,0.06012852640165586,0.23473833848165193,11.379671146130304,0.147579217251384,0.23896858254283174
2885,V6 | V15 | V22,0.22577418461384596,0.17928053235158278,0.23317792069616866,0.18928488322864007,0.13537879200779607,0.747358902758175,0.09272931682213538,0.5841401705462804,0.08195159876416289,0.9314113565793181,0.1395726988676012,0.47863414011201955,1.3081115595822057,1.828565787220983,0.23882668027991158
2886,V13 | V25 | V28,0.33933752475908574,0.15767787833184974,0.5074939071763273,0.043808244583299114,0.1345213464966999,0.8670916993883994,0.01340957172344871,0.12748830105934397,0.0020611517783663325,0.9537354906843711,0.08058897509596363,0.19874647379283072,7.559942546199271,0.25490011448870703,0.23858184156761478
2887,V5 | V24 | V25,0.2444376666330019,0.2000160832604009,0.2313407285313885,0.3477559502974199,0.1269008624074086,0.6419349201765278,0.04605555975929545,0.46660083613414693,0.016819974490647364,0.971933074284156,0.18048728194137442,0.4358269571099367,2.8274707659694758,0.7664841896942576,0.23826457968579728
2888,V15 | V21 | V25,0.31812200230670834,0.2073556217119298,0.09663619278194736,0.18103399365386724,0.1822480149193964,0.926166418042144,0.022621423156755315,0.3907858584514757,0.016815668200641634,0.9387746620286805,0.17716835421761987,0.4662779446699502,10.994508761935851,0.27283299723183563,0.2382367284957022
2889,V13 | V19 | V23,0.37894609618621594,0.18470122277236367,0.2016505864041224,0.14318155532057908,0.12580700745194923,0.9178631037745663,0.02115949728146153,0.29024492873799845,0.006926777825639609,0.9325590446921735,0.10979306178693754,0.38146404728614136,8.685377321301504,0.2977754075897489,0.2375575133091014
2890,V15 | V21 | V24,0.248444605121469,0.22583960507656617,0.15323100822789568,0.1754699311162862,0.18563110077647965,0.9330814007191632,0.021136651191529576,0.3811533750368905,0.017148086721627827,0.9331554304183142,0.18335526142391745,0.4443188795090858,11.422378910249165,0.25704411564050106,0.23747378526311108
2891,V5 | V13 | V26,0.26120522586342604,0.18946811624404955,0.14290709090798118,0.3384889420560592,0.12477744156078088,0.7335406836994424,0.04156921998058978,0.4989277150403679,0.017163926019422487,0.9610364560906136,0.1934741853669423,0.479781765525208,3.2133231207151676,0.6237214275281331,0.2373286803533838
2892,V5 | V15 | V25,0.27458925475024604,0.17040773740592383,0.13576574814671713,0.3459324697085145,0.11884920690840413,0.7522591741533546,0.039585765387093526,0.4904533746224597,0.016849766634010173,0.9489289511085,0.20194033588041038,0.4678739846593516,4.229253572784193,0.6274774447419477,0.23699367231615612
2893,V22 | V25 | V28,0.3259270044270383,0.1373051367842407,0.5059861358788885,0.06269095073476798,0.13209083939020444,0.8738829657279957,0.02068018267083073,0.1248724880740793,0.0020489449097770658,0.9068484456573249,0.08805012700218612,0.3048837509965877,5.733555875479003,0.31598137236445056,0.23639523772886012
2894,V6 | V15 | V24,0.17378178230803795,0.21138979472939992,0.3066303939530122,0.174863737595585,0.1449972709556915,0.72893580473438,0.08648031042666116,0.5412800820543697,0.08595951485506428,0.8343874166024624,0.11771670271321263,0.4399517905409996,1.4547922764025807,1.722179530031981,0.2362584675752209
2895,V8 | V22 | V23,0.402101938005284,0.17950334395777517,0.03841932000815627,0.3379675733635255,0.14738186218083105,0.9449101816381685,0.054714756904841004,0.08380402608976087,0.003858673039741092,0.7253980785725219,0.06554015655038466,0.5840194702254374,3.724331553427872,0.9047840815385754,0.23589730351055355
2896,V24 | V25 | V28,0.2739346021212303,0.16941439916205786,0.5480891784899602,0.044084913902543856,0.14170931833809994,0.8652836231640736,0.017270389631662882,0.11907025077079188,0.002059186921560407,0.9216679934566876,0.07591094883573084,0.28052825316910623,6.052717416542666,0.2537743038554011,0.23582675379489118
2897,V8 | V15 | V23,0.38026112381672006,0.1820042604811153,0.02861272999963246,0.3253643810585465,0.14894868562972205,0.9446013445955007,0.05302509184174577,0.08263107250334172,0.00388232987920885,0.90158511491712,0.06139952065119984,0.5378993412772226,3.9379530696376914,0.9138364027417013,0.2352635032033319
2898,V13 | V24 | V28,0.26966012757384633,0.176161861696486,0.5315720550509371,0.03649432543022947,0.1379044323537831,0.8831889031230418,0.00945370403949047,0.12507063863429366,0.002078257705372894,0.9568775107228675,0.08266447558002482,0.14501670958717008,8.207952756600463,0.20862892734789792,0.2351068836428352
2899,V13 | V22 | V28,0.3216525298796544,0.14405259931866887,0.48785971033613706,0.05537692383905495,0.12828595340588766,0.8822826712518012,0.010926886588918397,0.13115410919051557,0.002067926099782346,0.9631788950399327,0.09616286468309922,0.17526531894943623,9.0065923371369,0.227350466850824,0.2350503516717877
2900,V6 | V15 | V26,0.19482381608584606,0.19409436517862041,0.26371416804673714,0.16769693239653435,0.14667873609338053,0.7267454009172568,0.09260493815177497,0.5384179690993991,0.08539401881835759,0.9331013005915849,0.1132267123474599,0.49709686677157494,1.2297717030188409,1.7914785944622067,0.23442237159001192
2901,V19 | V23 | V24,0.31354317354836025,0.1964377436025718,0.27740803322467344,0.1434088169496344,0.13299497929334922,0.9030840802807683,0.023289254897049874,0.2685473015159073,0.0069179987823513615,0.8118477197477296,0.10291851246082427,0.46313836022545407,9.254748302259364,0.28009842777495997,0.2342928014312208
2902,V15 | V26 | V27,0.2694787961096711,0.18649493616507448,0.30651133013151727,0.08620509621492942,0.17483096634226453,0.8210973213939275,0.003100151911039222,0.6257782107345018,0.014181402961430294,0.8308473751694093,0.05634803877254084,0.1859949131823422,27.477859615177724,0.06732061127735736,0.23426693347159722
2903,V13 | V15 | V21,0.31384752775932445,0.21410308424635804,0.051323738336082385,0.1752566516076106,0.17844312893507966,0.9314325964784272,0.018336114002401205,0.4172142190180587,0.017187181632489137,0.9250772060545562,0.1994367550058887,0.3818458456111117,12.756487589902596,0.2507085409607309,0.2341688109810441
2904,V5 | V15 | V22,0.2569042598708148,0.15678245839274296,0.09060774688422599,0.3523254579510542,0.11261381381759192,0.7785028799633407,0.03983136017876593,0.5117325256083536,0.01698082134894528,0.9604526437937811,0.26475615533733504,0.502065492128833,4.106735260286266,0.5954168383074507,0.23356414267662431
2905,V19 | V23 | V26,0.3345852073261686,0.17914231405179235,0.23154213752159702,0.1357779421663526,0.13467644443103838,0.9149617349059367,0.026402088635561344,0.26752761902297806,0.0069117882067444795,0.924889213037534,0.09916011954953044,0.4913947332257839,7.147665276563859,0.3117824558393658,0.23338707194575983
2906,V8 | V24 | V25,0.25493337895951523,0.16938655535360958,0.178581141789804,0.30658317912097366,0.11782519242858834,0.9111719351424677,0.05628419532882005,0.1732619112146337,0.015674743882723163,0.9215672402720805,0.09945971317469246,0.6003972740347276,3.4549601871193567,0.9185433464348998,0.23279177003660906
2907,V25 | V26 | V28,0.2949766358990384,0.15211896961127833,0.5231420317770512,0.0347801428076067,0.14339078347578899,0.8666001996097018,0.019163410388862556,0.11866636304763963,0.0020577957286529334,0.8993813502093176,0.07332351329688702,0.31499268299267597,5.487851943053535,0.25875316463177844,0.2325594646655858
2908,V13 | V26 | V28,0.29070216135165444,0.15886643214570648,0.5056898106202816,0.027047319401772452,0.1395858974914722,0.8826303084668133,0.010170252977114134,0.1246474199501075,0.002076854330324875,0.9785421017192173,0.07980423527316455,0.15804203182798893,7.697617776725552,0.20883430863140892,0.23250523400039388
2909,V22 | V24 | V28,0.2562496072417987,0.15578912014887697,0.5301410595814592,0.055647329141271434,0.13547392524728774,0.8813164106075846,0.013832595542127442,0.12250265817449824,0.0020659551429791432,0.9231469817975879,0.09036388949561164,0.24045536009296986,7.558147252459527,0.224739567977713,0.2321813970894784
2910,V5 | V22 | V24,0.2267526717535703,0.18639080424722004,0.19497363249461191,0.35412604176514045,0.1206654693165964,0.6362247334909951,0.04520115015436155,0.48626092009927413,0.016950620471466595,0.9646376476826574,0.23215629575187385,0.43962749059890505,2.9058272623518175,0.744550634905147,0.2320745849676317
2911,V19 | V23 | V25,0.3832205707335999,0.17795376023793552,0.23480490631548526,0.14933543296604956,0.129611893436266,0.9064084580005243,0.025192491288769013,0.2744077415304228,0.0068425953420723305,0.5802167742077363,0.10018896612516287,0.4805576561553334,8.120921141458304,0.30262454954489754,0.23148468940325495
2912,V15 | V21 | V26,0.26948663889927704,0.20854417552578663,0.09222900748953473,0.168311784501717,0.18731256591416867,0.9311468049340064,0.022023441379563906,0.3794853694587709,0.01712047954934756,0.9320949862959502,0.17486456928881308,0.46591563415189907,11.044043803118408,0.2571789526347796,0.230563980958637
2913,V15 | V25 | V28,0.3040861902384742,0.13980605330758075,0.5024500339466328,0.04075301938261381,0.13365766283909544,0.8682507159699502,0.01531941383194839,0.12321818893213282,0.0020607366017666297,0.9202526773867306,0.08224286174289634,0.24455925891491065,7.546232388396606,0.2611482983370698,0.23037652716701604
2914,V19 | V22 | V23,0.3655355758541683,0.16432848122475463,0.19872071877338468,0.15874280121891174,0.12337650034545379,0.9233096259269775,0.024559037228966178,0.28341039382849526,0.0068723792540516335,0.7289056046845969,0.12097434881343588,0.4643256107048281,8.595188474677409,0.30694606479101477,0.23023739593314416
2915,V13 | V19 | V24,0.21409254226101593,0.16095915515501713,0.27345035054398725,0.10676099681301326,0.0900149446088942,0.3345297328767554,0.02984708941125078,0.8967395596140783,0.7393962239115738,0.9496521494228449,0.2327647209415648,0.19487251156219726,3.0324454627929955,0.5772971326149112,0.22995660487699662
2916,V21 | V22 | V23,0.43513897323523293,0.24708075617057262,0.06692473982741094,0.22326859506764346,0.2198563401706437,0.9486547356425874,0.028219076648136925,0.1686240055637015,0.0039841787114350356,0.02874582326082066,0.09910212479470443,0.5667670527277728,9.314776886314489,0.31190452153777753,0.2297032547418581
2917,V24 | V26 | V28,0.2252992387137987,0.1706029529759146,0.546437285019391,0.027333322379275153,0.1467738693328722,0.8810453930829862,0.013641624034800865,0.11640812289177382,0.002074875319583446,0.9440291010213749,0.07517961960373244,0.23119798045967496,6.116782385751614,0.2051072400857861,0.22968368910308498
2918,V22 | V26 | V28,0.2772916410196068,0.13849369059809746,0.5041761232890762,0.0465550766393404,0.13715539038497676,0.8845285093746555,0.01488407890129532,0.12208776776491526,0.002064559632706968,0.9230847968580345,0.08717632965716131,0.2600091407633745,7.093484512323869,0.22724321896518548,0.2294213870772068
2919,V13 | V15 | V28,0.2998117156910905,0.1465535158420089,0.4841813754117982,0.03311180429508562,0.1298527768547787,0.8826603374409092,0.008911652012847307,0.12941895443908263,0.002079820960134396,0.9552839838701628,0.08968899165545582,0.14172813566817197,9.741267308891716,0.21259123780880798,0.22937533656876907
2920,V21 | V22 | V25,0.339962816495272,0.20485470518858984,0.105110938301818,0.19773819428407322,0.1806811914705054,0.9170317635855368,0.023242220764302428,0.39770658516889834,0.01659155664875875,0.38359423492995637,0.19438581677987826,0.521420151699318,11.676787408639903,0.23916136523328663,0.22932135668566464
2921,V5 | V13 | V15,0.2703147802028622,0.17715519994035203,0.0943080333348907,0.341771161986072,0.11504432092408735,0.6975593339189441,0.035927997396437227,0.5282246040858544,0.01722261920135827,0.9425333764274566,0.22951876952857617,0.42267176536985585,3.8978416189678575,0.559672829329717,0.22931044204662274
2922,V5 | V15 | V26,0.22595389134281477,0.17159629121978065,0.13171844709907685,0.3367865830157104,0.1239137579031765,0.7553806132166767,0.03679013649890218,0.4745220646595663,0.01715567478472539,0.9328072073287946,0.19911963166095464,0.5192983180639174,4.606652937536298,0.5124442251176429,0.22883320952215871
2923,V21 | V22 | V24,0.2702854193100326,0.2233386885532261,0.16073548578336114,0.19235612723165135,0.18406427732758862,0.9192320905893776,0.021363078370898975,0.38782096242930414,0.01691616235206983,0.39965644826411073,0.2015424053014956,0.4941023900147555,12.237010476102391,0.21840919222433833,0.22857816626494462
2924,V8 | V24 | V26,0.20629801555208396,0.1705751091674664,0.17489390794842166,0.2966888797156461,0.12288974342336059,0.916696739344839,0.05839289105194972,0.1693486931375368,0.01594400905222476,0.9741238180909717,0.09844053629132277,0.610228908431084,3.208324613921925,0.9532448599931972,0.22773354062481801
2925,V15 | V19 | V23,0.34369476166560464,0.1668293977480947,0.19181370513462498,0.14067341355956542,0.1249433237943448,0.9141949232522928,0.02324573683604592,0.279131431357992,0.0069249220697429415,0.8671642571256376,0.11224835000180354,0.4194171301228933,7.846984762972259,0.30711205576267686,0.22743321525968668
2926,V5 | V13 | V24,0.24016319208561798,0.20676354579482914,0.19792731183807194,0.343609702414167,0.12309597642309184,0.5441967007723962,0.03943475490922502,0.5014630894568509,0.01719165690638833,0.9657157103858602,0.20343107223911533,0.321878130278341,3.028127299237934,0.7123196023001571,0.2271417575833269
2927,V15 | V22 | V28,0.28640119535904285,0.1261807742943999,0.48259534019899103,0.052391094873921046,0.12742226974828325,0.8826735523868335,0.01250060683289824,0.12676463044675396,0.002067509634016597,0.9405507850144108,0.09822421355321687,0.21309310721160754,9.068587623442465,0.2331909514668866,0.22699636692692315
2928,V15 | V24 | V28,0.23440879305323484,0.15829003667221703,0.5267859527815678,0.033394394344296786,0.1370407486961787,0.8840186296317486,0.011112908674602092,0.12087836495190143,0.0020778392696356347,0.9148697685824726,0.08437004302066164,0.1882098304854467,8.248274077804224,0.21130087908265502,0.2266550399295169
2929,V8 | V25 | V26,0.27597541273732334,0.15209112580283007,0.12105218504945763,0.3010707433025281,0.11950665756627737,0.9139951915348562,0.0581844076588406,0.17266708265971265,0.015651157576918796,0.8924688943889707,0.09586316412839085,0.623937077138906,3.29776188549339,0.9387781280304479,0.22642547723730577
2930,V13 | V21 | V22,0.33568834194788827,0.21160216772301804,0.06066410121713998,0.19214986257310476,0.17687630548618866,0.9217201409039395,0.01853207411426217,0.4248540319799958,0.016954329725219278,0.3911959218550073,0.22027866248370892,0.4187211808361354,13.61125035389222,0.2234467336767122,0.22591488837005655
2931,V8 | V22 | V24,0.2372483840800839,0.15576127634042872,0.1376078857198584,0.31349067505837475,0.111589799337776,0.9055058762334678,0.049985414477874725,0.17833341598191846,0.015790164872534047,0.9559998121337945,0.12003599481609153,0.5673877839146798,3.6632467690804726,0.7892603823465982,0.2250792490521555
2932,V8 | V13 | V25,0.3203363015973709,0.15765003452340146,0.08272963483349613,0.30641867482161983,0.11063722058718835,0.8997730959941718,0.04695381350812273,0.18575255152352743,0.01570813611470774,0.8194040952974226,0.10602842906999779,0.5109889039320991,3.972319317865115,0.7760519111753421,0.2247992812472614
2933,V8 | V13 | V24,0.2506589044121313,0.17613401788803776,0.14095114052323762,0.30208316680471764,0.11402030644427157,0.8963622800465765,0.04414427897228149,0.18214699685380906,0.01600286430695934,0.8595532882258629,0.10897044658406779,0.4988779415796493,4.16840717863872,0.7189313993406822,0.22461883079755796
2934,V19 | V24 | V25,0.21836701680839954,0.15421169262058898,0.301971717712096,0.11337206658413324,0.09381983059321103,0.4436082960123471,0.03137552491503817,0.8080859200152236,0.42413031617789176,0.9547460857205051,0.20458281154812022,0.2899645061399055,2.975484381591252,0.5204660123790147,0.22437659809056085
2935,V8 | V22 | V25,0.30692578126532327,0.13727729297579244,0.07893494137482407,0.31772975514049834,0.10820671348069284,0.9049244384762215,0.0509670791945191,0.18185214225872834,0.015502191164973833,0.9026941031035877,0.11668529659656268,0.5740955615017864,3.8027552630655412,0.8156374828345123,0.2242824756224439
2936,V15 | V26 | V28,0.25545082683104314,0.14099460712143758,0.500626070410033,0.023888671496080798,0.1387222138338677,0.8830453920742254,0.011847032909154478,0.12046869966360667,0.0020764361624479332,0.9413884410511218,0.0814387912462681,0.20137742943618342,7.795346064040832,0.21264882653825604,0.22410529984418726
2937,V21 | V22 | V26,0.2913274530878409,0.20604325900244666,0.10078433117671985,0.18543498736608394,0.18574574246527772,0.9322157638727279,0.024277554186009017,0.38610960727269206,0.016889209065909225,0.3720151467335443,0.19172823426271454,0.5326523382810888,11.374701612336654,0.25432755517695405,0.2226357088013355
2938,V5 | V24 | V26,0.1958023032255706,0.20120463707425773,0.22805328575818762,0.3386433262238019,0.131965413402181,0.5516574856485621,0.043336559512298874,0.451848201910707,0.01712492424404349,0.9570366744047467,0.17811724268065415,0.41233858251884453,2.6646565628095096,0.7039799672036124,0.22235334955559824
2939,V15 | V19 | V24,0.17884120774040438,0.14308733013074823,0.26504390685527024,0.10406479279959499,0.08915126095128977,0.3815932149440728,0.029846687479835845,0.8335755932252765,0.7276065416355177,0.8940590117574552,0.24037163811667656,0.22926546595394337,3.171802361889933,0.5511771090834057,0.22150479283672844
2940,V20 | V23 | V24,0.30979694723094364,0.2096106966814218,0.17920315794066147,0.11537770815331866,0.13547011033458906,0.9458461588186614,0.03402778186063371,0.20078213182003668,0.0034428483776230276,0.72637286332281,0.04892729303264314,0.5626034871217629,6.1854260674564605,0.4327570604487849,0.2207650689666033
2941,V19 | V24 | V26,0.16973165340096827,0.1554002464344458,0.2991522703165663,0.09879934960060019,0.09888438158798335,0.3767964741237332,0.03393450199547747,0.7723058052048563,0.6536885675728901,0.9414823010751463,0.20170391533653728,0.28110523404189064,2.470560914519378,0.5627361463009717,0.2200201677509279
2942,V8 | V13 | V26,0.2717009381899396,0.15883858833725822,0.07818694481486804,0.2965211201625591,0.11570177158196061,0.9046590870907865,0.048496306544226916,0.18151735353535717,0.015978409875302278,0.8744061765864727,0.10492051774845276,0.5245214219136397,3.7049739302611266,0.7932904079839929,0.2195674571883154
2943,V8 | V22 | V26,0.258290417857892,0.13846584678964927,0.07435455429137028,0.3080535273979679,0.11327126447546516,0.91127666570694,0.05333415092893763,0.17771883659978324,0.015766274977581384,0.9491259245585009,0.11542560592609422,0.5893658377499126,3.371717725258413,0.8445949934155101,0.21908801362768576
2944,V8 | V13 | V22,0.3026513067179394,0.1440247555102206,0.03175685246768192,0.31332840582402194,0.10440182749637614,0.9112023376487455,0.049642888544797634,0.19124785103727157,0.01582398759786346,0.8618010831737978,0.12853148717950436,0.5064861124960466,3.754015959356785,0.8448858149949517,0.21892493644472158
2945,V8 | V15 | V24,0.21540756989152002,0.15826219286376877,0.1297143875235662,0.3002533268381014,0.11315662278666708,0.8958264810285879,0.04468038818819093,0.17592979950531779,0.01599556767652345,0.9517398496597886,0.11140096899805442,0.5184349299503467,4.126998279448185,0.7124782903799256,0.2186425066307766
2946,V8 | V15 | V25,0.2850849670767596,0.1397782094991325,0.06996072673269581,0.30460450452035054,0.10977353692958386,0.8958190801601841,0.04612449996442447,0.17939434950436706,0.015701072472100997,0.9201155855741027,0.10837142089280091,0.5283921276940673,4.090499192218974,0.740629799163152,0.2184002729521755
2947,V19 | V22 | V25,0.27035941911420763,0.12210243024277184,0.22771063206136682,0.12963075323653844,0.0842013516453156,0.4198940076972689,0.019312534108091643,0.8936177325257355,0.344442465601831,0.9680809855594749,0.2575262319673957,0.31191440524272734,5.956873568350784,0.2763025748427853,0.21829020095798635
2948,V13 | V20 | V23,0.37519986986879916,0.1978741758512137,0.08349513376646622,0.11513747272176479,0.12828213849318906,0.9459880399167085,0.029904484787039907,0.21566111287296869,0.0034462570006482947,0.7558939422356664,0.05184340442491309,0.46312371225148435,7.062265675233819,0.4345699843260479,0.2177444928942496
2949,V15 | V21 | V22,0.30043700742727697,0.193730342698749,0.04726061095853473,0.189874021387262,0.1760126218285842,0.9199984007515248,0.019576176544874063,0.40573712302140647,0.01694625515436456,0.410864631918067,0.22722980671508486,0.43875885028554723,13.66952056772735,0.23224488703264998,0.21734900801594328
2950,V5 | V15 | V24,0.20491185756500668,0.1888917207705601,0.18800987704912142,0.3419245461926334,0.12223229276548742,0.5394831395990187,0.038820702705314326,0.4768654454472596,0.01718338215483078,0.9326323801517419,0.2095453215598274,0.3529980588397772,3.1895097813758007,0.67396368905737,0.2169477046198873
2951,V20 | V23 | V26,0.33083898100875175,0.1923152671306423,0.12175672575021468,0.1073078114863354,0.13715157547227808,0.9484475455529745,0.03624054512624712,0.20007626067014275,0.0034404355319047277,0.8011519459238059,0.047295599290234705,0.607787740334164,5.935993657007762,0.44310347679263806,0.21680269354026374
2952,V13 | V19 | V25,0.2837699394462553,0.14247517179038086,0.23046262924272515,0.11313087495879669,0.08663185875181104,0.29527091246005777,0.01384669923860631,0.9360037412863018,0.4437407857510192,0.994642292949068,0.2237840946196251,0.22819360518253132,8.24457238450635,0.24606330469521603,0.21616892670566373
2953,V20 | V23 | V25,0.37947434441618305,0.19112671331678552,0.12589195439029488,0.12164049056778796,0.13208702447750584,0.9446875864681891,0.03441771226324436,0.2048273786868734,0.003413470632175083,0.4482690639343808,0.04774495504254012,0.6030327485018698,6.463106401256088,0.40817342476862767,0.2150873721556058
2954,V19 | V22 | V24,0.20068202192896825,0.14058641360740812,0.27094380975401927,0.12346688067351075,0.08758443750239876,0.3170522747852153,0.02921761641862598,0.8573488162090739,0.5001388218956698,0.9362473581350182,0.26886457054367785,0.21393849223661998,2.834015398676693,0.5281757035153881,0.21347882954748715
2955,V20 | V24 | V25,0.21462079049098293,0.167384645699439,0.20940540400849428,0.08357153968467788,0.09629496163445085,0.8711721825277529,0.02843011788295931,0.5055065281058888,0.012423975758639745,0.9322280415724584,0.08473165283062083,0.4553809722304607,5.6286819281182865,0.3751528865820628,0.21317474622413862
2956,V8 | V15 | V26,0.2364496036693281,0.14096676331298932,0.06528993268020365,0.29467097877735005,0.11483808792435611,0.901516354877097,0.047731160868992546,0.17532462107092606,0.01597113272028865,0.9714468194926982,0.10723096918771359,0.5403552788610397,3.8070438316700628,0.7610370976254255,0.21314337376454034
2957,V8 | V15 | V22,0.2673999721973281,0.12615293048595164,0.01747330885526306,0.31153893173739916,0.10353814383877165,0.9084584890561787,0.04885486700915684,0.18467176133421112,0.01581683282337544,0.9733672767225967,0.1315854838854124,0.5191111906385562,3.8982081323840343,0.8168946726350004,0.2127570503571923
2958,V13 | V20 | V25,0.28002371312883845,0.15564812486923088,0.12038683195887057,0.08331568374236463,0.08910698979305087,0.8886445949637859,0.025981343196146756,0.5620135940642029,0.012446377496527862,0.880934002769434,0.0900789513971463,0.38114749142285836,6.528987207137481,0.40043373866158205,0.21246022579261595
2959,V8 | V13 | V15,0.2808104925293758,0.14652567203356065,0.021806098572942047,0.3000867473570036,0.10596865094526708,0.9024679441515614,0.04476900331746106,0.18864246189402437,0.016030163338619934,0.8579234227451374,0.11905636011612163,0.46677972878511864,4.182552472304824,0.7686485619822767,0.21238761311451218
2960,V13 | V19 | V26,0.235134576038824,0.14366372560423768,0.22716890241960797,0.09855109513087894,0.09169640974658329,0.22360618250116804,0.015640183136621317,0.8900889385325352,0.7012732421989818,0.9838240117738684,0.2204647215721951,0.1747838323194526,5.212880517140212,0.29575383985887965,0.21210284806357335
2961,V20 | V22 | V23,0.36178934953675174,0.17750143430360465,0.07970675596736429,0.1315729755642455,0.1258516313866936,0.9477599372318907,0.033395298761810945,0.21100327341429642,0.0034250963327721942,0.6129946252828667,0.05640601760727727,0.5514945161793084,6.634519101273149,0.43474948872585295,0.21157838467335038
2962,V15 | V19 | V26,0.1998832415182127,0.12579190057996872,0.21786660495901633,0.09581058195174154,0.09083272608897887,0.28236792016805823,0.057371025456559116,0.8277124696733271,0.6906557022070025,0.9330849555807784,0.22742541532132426,0.2819023774548409,1.3075395397785337,1.0578780027448875,0.2101651126362705
2963,V13 | V15 | V19,0.24424413037826007,0.1313508093005401,0.1870452374538632,0.10381911384892158,0.08196328910988984,0.16441915836763785,0.013682612599788454,0.969002996297834,0.7870046650339355,0.9423019370460252,0.265511224964212,0.18104937001841334,6.484743034287332,0.26328500905077673,0.20942704583039032
2964,V20 | V22 | V25,0.266613192796791,0.13527538332162187,0.11689063881130525,0.10080182107479253,0.08667648268655542,0.8796011401243967,0.028225443966898876,0.5438198350198407,0.01230797573906826,0.9151268184346177,0.09866190799026928,0.4528594658386313,6.16126270006064,0.38329441553018406,0.20926715560224274
2965,V15 | V20 | V23,0.3399485353481878,0.1800023508269447,0.07074768539861034,0.11248573667305993,0.12741845483558456,0.9455009120375778,0.03093010488781478,0.20807363033846157,0.0034455366734334725,0.7360111378687215,0.052864062598246796,0.48985262622893094,6.93866790178819,0.43396830019159716,0.2086926724362612
2966,V13 | V20 | V24,0.21034631594359907,0.17413210823386716,0.17430187667648706,0.07655581854264581,0.09249007565013403,0.8651509903570228,0.024067589896343194,0.5451772433711272,0.012643450616713877,0.8824167130916466,0.09245977676472712,0.3272906143681487,5.945081454164236,0.3907684318796544,0.2084019817931874
2967,V20 | V25 | V26,0.235662824268791,0.15008921614865955,0.15581852317450792,0.07497256700248146,0.0979764267721399,0.8873753134952619,0.031138423968519877,0.5029388727109311,0.01240814342250308,0.8841862589909535,0.08178523590780071,0.5081242523952433,5.6160631114331645,0.39621417886803606,0.20759486565787535
2968,V20 | V22 | V24,0.1969357956115514,0.15375936668625814,0.17119251271744215,0.0942735003503078,0.09005956854363859,0.8733345716082485,0.027713707430237006,0.5278415699771202,0.012501344067385282,0.929766044858597,0.10133722798602839,0.41230443243187925,5.506006028167308,0.3957856977507673,0.2072951234912995
2969,V15 | V19 | V22,0.23083361004621242,0.11097806775293109,0.18402084441634228,0.12062099190396353,0.07953278200339428,0.25797227499576086,0.053690754262440354,0.9240182577084266,0.5215431026183047,0.9478944758277259,0.3109758569369764,0.24432656388529175,1.5014748241078344,1.0283688918493579,0.20690359997139096
2970,V15 | V19 | V25,0.248518604925644,0.1246033467661119,0.221227159367128,0.11046855397788119,0.08576817509420648,0.26428499107649883,0.05350810946340849,0.8680963249657289,0.4394497333712289,0.9475740841264325,0.23091628556367727,0.27260855802412354,1.4071529507029783,0.9794258467165426,0.20648069908486436
2971,V13 | V20 | V22,0.26233871824940713,0.14202284585605002,0.07361828798422508,0.09402301055141159,0.0828715967022386,0.8747492107149897,0.02451389640825485,0.5885490206454084,0.012523981941776417,0.8864364220702341,0.10807105677200458,0.33725594206961174,6.244444326025086,0.3989628855370027,0.2046430791104408
2972,V20 | V24 | V26,0.16598542708355166,0.16857319951329583,0.20595731797607927,0.06809932966069944,0.10135951262922312,0.8633667215845933,0.02932063554011336,0.48880866489846286,0.012604189517148584,0.9271747000867272,0.08389805267081049,0.44650328676383944,4.9815511339923235,0.3920716890354933,0.20424958612249772
2973,V13 | V19 | V22,0.26608494456682397,0.1288498927772,0.19402345584065342,0.12323046344021274,0.08039646566099877,0.1210806519862061,0.02113443356754544,0.9999999997139255,0.5275881080472329,0.9841079813782424,0.29935608053973445,0.19767483888611861,4.215586900472227,0.39239439044643387,0.2033796139534888
2974,V13 | V20 | V26,0.23138834972140715,0.1568366786830877,0.11620174884244586,0.06783551175616659,0.09417154078782312,0.8610377014315787,0.025077859080662308,0.5422820911369758,0.012627143206689019,0.8783261647538617,0.08918011528457918,0.3510097072454768,5.751842305782629,0.39056677992740374,0.20146352072897736
2975,V15 | V20 | V25,0.24477237860822715,0.1377762998449619,0.10863141738267743,0.08049100050337582,0.08824330613544631,0.8715023537711261,0.02573940392030129,0.5326167186578122,0.012441639987857944,0.8793777771463895,0.09197572102189637,0.39203714890786473,6.393605587913987,0.380493224786411,0.20141240587964435
2976,V19 | V25 | V26,0.23940905058620765,0.13691626306980953,0.2585989101930499,0.10526979851482038,0.09550129573090012,0.25924865728249613,0.012616985212143376,0.8025266236559343,0.41124695938902306,0.9449667138278085,0.1945384084312082,0.2765533879792762,8.902474722052634,0.17124842296036455,0.20014827199854432
2977,V20 | V22 | V26,0.21797782938935972,0.13646393713547866,0.11267358107796822,0.0858563428066265,0.09174103368132769,0.8717688023366424,0.02886592625944811,0.5250919376604197,0.012485345060890022,0.9039487205849087,0.09765325783380255,0.4398630925704656,5.396508722144427,0.3971176367504388,0.20003279648166972
2978,V15 | V20 | V24,0.17509498142298777,0.15626028320959826,0.16385752640960902,0.07369296388607842,0.0916263919925296,0.8645016397680996,0.02512889578969944,0.5171559304505814,0.012638585703764867,0.8723355586258479,0.0944201251714447,0.3567244352419543,5.888590338439459,0.3891884282610842,0.19890949403431277
2979,V13 | V15 | V20,0.24049790406084323,0.14452376237939013,0.06453904849886281,0.07343205265856301,0.08443842015112955,0.867058909320942,0.022720837723677226,0.575833372676727,0.012661645505162295,0.8293882378828303,0.1005561959273698,0.29621968396331644,6.5586929282020705,0.3966844641629238,0.196176542499203
2980,V15 | V20 | V22,0.22708738372879583,0.1241510208317811,0.060591124896678554,0.09125774746749173,0.08200791304463412,0.875551632729008,0.025539464147488353,0.5569201971866091,0.012519194464915657,0.8957348997193082,0.11047464777394075,0.36300065854222896,6.20692999037489,0.40055654652465555,0.19534163520989292
2981,V19 | V22 | V26,0.22172405570677634,0.12329098405662867,0.2243971325802587,0.11552622688873437,0.08926590264008792,0.19423116082077543,0.017504691922308836,0.8511950852987997,0.48234926141587325,0.9486924445501386,0.25335790245872414,0.14994516144937622,4.280941392313117,0.3431964466374508,0.19525244733612526
2982,V15 | V20 | V26,0.19613701520079585,0.13896485365881872,0.10433784640019889,0.06492265040192849,0.09330785713021869,0.861821443772498,0.0264783676879437,0.5144941345078717,0.012622288900324524,0.8730990917603625,0.09105315800969534,0.38489094648906963,5.700872645510689,0.3938732936989844,0.19211230944545904
2983,V13 | V23 | V24,0.17906285466800329,0.09220713838406892,0.1330597327565232,0.056999511997453775,0.05346219728995494,0.9288152899675691,0.01746853896490253,0.2704133255751779,0.006949782121235783,0.9182006406270902,0.14315091627777196,0.3757785276089667,10.918489746547579,0.22183095800036798,0.17864459508196368
2984,V23 | V24 | V26,0.13470196580795593,0.08664822966349753,0.16756659748032054,0.048206210841783594,0.062331634269043965,0.928953535915968,0.02250116688784886,0.24971652150422458,0.006934717769174921,0.9180307292217186,0.12795033175299764,0.49706537043349897,9.321407242030245,0.22524113946887916,0.17520814276056984
2985,V13 | V23 | V26,0.2001048884458114,0.0749117088332894,0.06913442242798593,0.04793179073881276,0.05514366242764398,0.9305831830745331,0.018941365206859975,0.26938418966278865,0.0069435286836397395,0.9984924819915072,0.1372561569177342,0.4022806972030915,10.339728703016938,0.23133925279494258,0.17374664968529863
2986,V23 | V24 | V25,0.18333732921538692,0.08545967584964076,0.17131260866076886,0.06429024588977827,0.057267083274271706,0.9154039462454129,0.021378329871723924,0.2559956528002294,0.0068651815122259706,0.5666165381588021,0.12940381226088918,0.4891429674719737,10.759846553095407,0.21429649229375006,0.17302339205798598
2987,V22 | V23 | V24,0.16565233433595564,0.0718343968364599,0.12965859937642182,0.07540414749025903,0.0510316901834595,0.9331597127976148,0.022846637980500125,0.2641975460781627,0.006895112918269901,0.7113443303887399,0.15957444115292527,0.47376197763962935,9.292574890064598,0.2577243305704302,0.17181590095179086
2988,V13 | V23 | V25,0.24874025185324297,0.07372315501943258,0.07376665823440548,0.06402443011586324,0.05007911143287172,0.9192641306088573,0.01735818311690564,0.2763285650644657,0.0068738602504067785,0.6446327874584321,0.138862671904779,0.38973661548696487,12.080499027404343,0.2123073824501199,0.1717582251378569
2989,V13 | V22 | V23,0.23105525697381138,0.06009787600625177,0.02173561197718555,0.07514411904742954,0.04384371834205951,0.9360479567697724,0.02007384625052664,0.28541695112273663,0.006903848428262666,0.797324995703031,0.17250862413315995,0.39284685084802595,9.865578797177568,0.267906653162824,0.16986718225286643
2990,V15 | V23 | V24,0.143811520147392,0.07433531335979995,0.12162674381223097,0.05402328909106488,0.05259851363235051,0.9285093237606135,0.019348329563081173,0.26030121198988276,0.006947917106557262,0.8782077449469439,0.14671814914865783,0.4133998087435537,10.860205297268168,0.2352236007776946,0.1692704148265774
2991,V23 | V25 | V26,0.2043793629931953,0.06816424629886125,0.11280991241039352,0.055353646718473426,0.05894854841196075,0.9185244128876395,0.02325746233011319,0.2550384272276858,0.006859041838516965,0.6029571452794996,0.12429136704537964,0.5271278158057237,9.860757546289497,0.2206804020491269,0.16780039559951992
2992,V13 | V15 | V23,0.2092144427852475,0.06259879252959183,0.011563970998103128,0.053752012592131096,0.04541054179095046,0.9317799466086978,0.01713943995452814,0.28109700487026656,0.006956753223569512,0.9645707123065804,0.15810137054226717,0.3440296965848573,11.690471724386375,0.24968045499486402,0.16715337258483207
2993,V22 | V23 | V26,0.186694368113764,0.054538967285680376,0.06522578531467102,0.06666375864630134,0.052713155321148536,0.9321844285552576,0.02454425993384323,0.26319973085535625,0.006888933114586369,0.7699093958172541,0.15267444594833343,0.5039412926077385,8.960323164875513,0.27074666636607087,0.1661282033845139
2994,V22 | V23 | V25,0.235329731521195,0.05335041347182355,0.06989722543331398,0.08217934264945581,0.04764860432637628,0.9214330962768602,0.0229211016196883,0.26993125120673356,0.0068200816874189885,0.42461996111831535,0.15455152342255257,0.49069164994023523,10.067000448027274,0.24963048985268751,0.16433784262841128
2995,V24 | V25 | V26,0.03952580906799528,0.04442217868151472,0.1985148437247719,0.01170811592439084,0.023156485568905833,0.4742674834717109,0.04375960832059115,0.7111385826291141,0.4630610561392822,0.9557262456280647,0.28033508457907613,0.3257655306716865,1.612830159829415,0.6922766640186209,0.16427721268173645
2996,V15 | V23 | V26,0.1648535539252001,0.057039883809020496,0.05597822860348453,0.04490148479291255,0.054279978770039546,0.9287999912940523,0.02122681681701782,0.25932278382898943,0.0069416661881281025,0.9633536677836607,0.14061156832836536,0.43901077209261724,10.245521295696635,0.2563945120592592,0.16423136441863032
2997,V13 | V15 | V24,0.04436088886004742,0.0388567249122453,0.11607019249574105,0.009961656305622705,0.009618478947895488,0.19126022965232128,0.03254711049855922,0.8444135774335597,0.9999999999681574,0.9702052724672537,0.4227621579434841,0.1756809815496664,2.3757391743204366,0.6221113707010808,0.16276415718485662
2998,V15 | V23 | V25,0.21348891733263137,0.05585132999516367,0.06074374274274871,0.06108943987809896,0.049215427775267225,0.9172058112002612,0.02040307283719688,0.2659225861312448,0.006872025705366114,0.6131648206210402,0.1422751576417259,0.4279835572118499,11.02345331728553,0.25063971430902326,0.16241997686213552
2999,V15 | V22 | V23,0.19580392245320008,0.0422260509819828,0.0071334695908558485,0.07227322778164884,0.04298003468445502,0.9345261254368264,0.021523754756058885,0.27455147903629795,0.006902001878080141,0.7767117321377581,0.17722933876884944,0.42672971982978786,10.311368567219098,0.277316682726392,0.16049149504591967
3000,V13 | V15 | V26,0.06540292263785556,0.021561295361465848,0.04956625129627306,0.0,0.011299944085584587,0.24090266773212227,0.05900785599522156,0.8384188352003584,0.9316158696252811,0.9764815643651894,0.3897132176243598,0.2702391775218723,1.3791740761919904,1.1273687814680105,0.15898965818680025
3001,V13 | V24 | V26,0.03525133452061135,0.05116964121594294,0.16253946339139383,0.0036109104463531365,0.019351599584588944,0.20275136712173508,0.03258928573696464,0.7818084890046462,0.8656929742750736,0.9938253755579748,0.328989973681659,0.19832124039606794,2.270765323569738,0.5911174942308386,0.15857172011445392
3002,V13 | V24 | V25,0.08388669792804258,0.049981087402086115,0.16632633944677122,0.02115431143917824,0.014287048589816685,0.27357013914420353,0.031426559961046686,0.8183576122890814,0.5046163679878451,0.9979019045000562,0.33548280719043133,0.20412993023584536,2.5073188941333893,0.5741203794311691,0.15784070216634247
3003,V13 | V15 | V22,0.09635329116585549,0.006747462534428157,0.0,0.029843028015484642,0.0,0.2405533017483987,0.05698574886309457,0.9369896640684852,0.6484733737153895,0.9861072066765981,0.6401937404034121,0.24046409422998385,1.533868038858797,1.127484584993964,0.15587965053225214
3004,V13 | V22 | V24,0.06620170304861134,0.036355808388905245,0.1241984959623973,0.033247439773903306,0.00805165549900448,0.19607412194405519,0.03334837970868676,0.8687288093945148,0.6157636082120096,0.9834065546823076,0.5022417769875094,0.19750310223190193,2.2885633472648155,0.6143571844063209,0.1549808597108295
3005,V13 | V22 | V26,0.08724373682641937,0.01906037883812573,0.05894189610550273,0.023738924282618732,0.009733120636693517,0.2320020692826825,0.06063158862006607,0.8624334957798389,0.5890618879567993,0.9631019891720408,0.4577721418281043,0.3041009744800617,1.2282742099755384,1.1094642701730013,0.15123824380572878
3006,V22 | V24 | V25,0.07047617759599525,0.029608345854477087,0.16316258120434424,0.040886618353733487,0.011856541483321248,0.2973593959546726,0.030516962162814538,0.7846297593636042,0.380146107259769,0.9681377268796895,0.40520327168404136,0.24567545562867515,2.409001163648535,0.49946760776131066,0.15093473011044764
3007,V22 | V24 | V26,0.02184081418856368,0.03079689966833391,0.15934954481942729,0.02402680647574567,0.01692109247809363,0.3018816597575548,0.029349459848945297,0.7505762242934311,0.555078525939628,0.9554909381034719,0.39620549481380374,0.15418346365789057,2.099130073185016,0.5296895934058001,0.1492947694219179
3008,V15 | V22 | V26,0.05199240230580813,0.0011885538138568233,0.04548755084804683,0.020559450712926374,0.008869436979089148,0.2977116953259285,0.058691533622848804,0.803281910137204,0.5815428944874186,0.9571444569802139,0.48250555354293795,0.29889544394011713,1.2828542294596166,1.0723245553444312,0.14558021676694394
3009,V15 | V24 | V25,0.04863536340743111,0.032109262377817145,0.15569779143474027,0.017958472473424608,0.013423364932212195,0.18967688583774514,0.046414926127852786,0.7641789989471206,0.49908138599422314,0.9762355875638108,0.34964676058084865,0.26935545653941856,1.4450287566030833,0.7950630287440741,0.14161822367155752
3010,V13 | V22 | V25,0.13587910023385066,0.01787182502426897,0.06367705786764763,0.04060819085021264,0.0046685696419212575,0.1486721066126782,0.026769735116027503,0.9058504056074025,0.3958453422876325,0.9733032744780997,0.4694302505179173,0.22232775112618153,2.9334776232416653,0.4594138866121321,0.1413274865995418
3011,V13 | V25 | V26,0.10492873170585072,0.0326856578513066,0.10714551231092966,0.011413123186855358,0.015968513727505785,0.1937632531823512,0.0196160065750753,0.8126768477929441,0.486514042051369,0.9553728806819726,0.3131408332260024,0.1935487870364742,3.576290637136804,0.32819556164760494,0.14020416935470317
3012,V13 | V15 | V25,0.11403828604528703,0.020372741547609027,0.05439809763428993,0.01766710922781889,0.0062353930908122055,0.12364772391242104,0.026857834884671004,0.8797257429426265,0.5264121126874814,0.9817834372075663,0.39845090583218395,0.21686549105489858,2.830040888422638,0.46042047406811776,0.1366818707292641
3013,V15 | V22 | V25,0.10062776571323913,0.0,0.050362068645220574,0.03753348564565839,0.0038048859843167675,0.2074495221524552,0.03624485312475051,0.8416001111306057,0.3924228059717354,0.9710165896567272,0.4953315877939312,0.2609295420626867,2.1292075149214473,0.6146852500964916,0.13666569521841218
3014,V22 | V25 | V26,0.0915182113738033,0.012312916303697576,0.10354714511381177,0.03152218193799907,0.013538006621010346,0.20328047590766762,0.034820999612030654,0.7793429512011718,0.36975097358500786,0.9038819271257027,0.3744648464931376,0.2292396565521575,1.6668146578861611,0.5520126960191657,0.13378536722047846
3015,V15 | V24 | V26,0.0,0.03329781619167397,0.15182230905318622,0.0003017332336136223,0.018487915926984577,0.049634487903932295,0.029765508590594607,0.731597255582076,0.8495899456678404,0.9684882112512748,0.34267747057026254,0.14112082737338943,2.214748756794742,0.5657391499974078,0.13372773800826315
3016,V15 | V22 | V24,0.030950368527999747,0.018483983364636275,0.11254101487770474,0.03012745255400228,0.007187971841399989,0.05616477113213007,0.028652787283388995,0.8088501995661919,0.6075549949665283,0.9725949410181814,0.5315823840177805,0.13329687182158456,2.4924821117536746,0.5678588927456697,0.1316119954463708
3017,V15 | V25 | V26,0.06967739718523938,0.014813832827037632,0.09504336448262178,0.008154841345920595,0.015104830069901353,0.18307191854460023,0.04060901636642932,0.7591242098523645,0.4813653058470735,0.9385606452180265,0.3257006837775985,0.28277401800430263,1.7294086168130773,0.6654230819242174,0.13094997255476537
